time,x,y,speed,yaw_rate,lat_g,long_g,steering_angle,slip_ratio,distance
0.000,0.671,0.000,120.750,-0.710,0.021,-0.047,0.550,0.140,0.670
0.020,1.328,-0.097,120.110,-0.060,-0.024,-0.117,-0.850,-0.210,1.340
0.040,1.994,-0.194,121.610,0.560,-0.001,0.243,0.760,-0.210,2.010
0.060,2.669,-0.292,123.240,0.080,0.027,0.224,-0.080,-0.030,2.700
0.080,3.331,-0.389,120.920,0.540,0.000,-0.045,-0.210,-0.270,3.370
0.100,3.995,-0.486,121.240,-0.920,-0.022,0.340,-0.510,0.250,4.040
0.120,4.675,-0.583,124.280,0.170,-0.005,0.261,-0.830,-0.110,4.730
0.140,5.351,-0.680,123.380,-1.410,-0.004,-0.059,0.410,-0.870,5.420
0.160,6.018,-0.777,121.840,-0.110,-0.019,-0.022,0.040,-0.110,6.100
0.180,6.695,-0.875,123.680,-0.900,-0.013,0.264,-0.640,-0.310,6.780
0.200,7.366,-0.972,122.490,-0.740,0.080,-0.037,-0.650,-0.490,7.460
0.220,8.038,-1.069,122.800,1.240,0.028,0.268,-0.170,-0.370,8.150
0.240,8.719,-1.166,124.180,1.090,-0.015,0.312,0.830,0.030,8.840
0.260,9.383,-1.263,121.270,0.610,0.035,-0.084,-0.130,0.400,9.510
0.280,10.050,-1.361,121.870,-1.090,-0.017,0.264,-0.750,0.090,10.190
0.300,10.728,-1.458,123.930,-0.320,0.059,0.222,-0.120,-0.180,10.880
0.320,11.405,-1.555,123.580,1.210,0.018,-0.033,-0.140,0.140,11.560
0.340,12.095,-1.652,125.890,0.140,-0.005,0.222,-1.350,-0.140,12.260
0.360,12.776,-1.749,124.370,2.320,0.022,-0.063,-0.030,-0.210,12.950
0.380,13.455,-1.846,123.930,0.390,-0.079,-0.059,-0.120,-0.350,13.640
0.400,14.159,-1.944,128.570,0.190,-0.056,0.279,0.350,-0.530,14.360
0.420,14.851,-2.041,126.350,-0.310,-0.060,-0.022,0.920,-0.120,15.060
0.440,15.548,-2.138,127.110,0.130,0.007,0.213,0.560,0.050,15.760
0.460,16.233,-2.235,125.190,-0.150,0.087,-0.048,-0.130,-0.030,16.460
0.480,16.928,-2.332,126.830,0.710,0.112,0.229,-0.550,-0.120,17.160
0.500,17.630,-2.430,128.130,0.960,0.032,0.212,1.290,-0.280,17.880
0.520,18.323,-2.527,126.550,-0.790,0.025,-0.057,0.030,0.180,18.580
0.540,19.031,-2.624,129.160,-1.330,-0.090,0.241,0.010,-0.400,19.300
0.560,19.732,-2.721,128.020,-1.840,-0.027,0.023,-0.010,0.230,20.010
0.580,20.438,-2.818,128.800,0.510,-0.039,0.263,0.100,-0.300,20.720
0.600,21.143,-2.915,128.650,-1.100,-0.031,-0.091,-0.070,-0.230,21.440
0.620,21.870,-3.013,132.650,-2.150,-0.008,0.233,-0.290,-0.440,22.170
0.640,22.584,-3.110,130.170,0.390,-0.024,-0.019,-0.270,-0.150,22.900
0.660,23.290,-3.207,128.920,2.490,-0.099,0.013,-0.020,0.290,23.610
0.680,24.014,-3.304,132.060,-0.010,0.037,0.202,-0.270,0.150,24.350
0.700,24.723,-3.401,129.320,0.840,-0.054,-0.106,-0.360,0.290,25.070
0.720,25.445,-3.498,131.780,0.080,0.012,0.306,0.050,0.160,25.800
0.740,26.151,-3.596,128.840,-0.100,0.104,-0.038,-0.130,-0.330,26.510
0.760,26.864,-3.693,130.110,0.920,-0.046,0.224,0.750,-0.100,27.240
0.780,27.591,-3.790,132.720,-0.290,-0.127,0.266,-1.330,-0.230,27.970
0.800,28.325,-3.887,133.850,0.270,-0.014,0.171,0.550,0.400,28.720
0.820,29.056,-3.984,133.310,0.320,0.055,-0.050,0.620,-0.360,29.460
0.840,29.786,-4.082,133.200,-0.670,0.098,-0.040,-1.040,0.270,30.200
0.860,30.517,-4.179,133.240,0.990,-0.061,0.278,-0.170,0.270,30.940
0.880,31.239,-4.276,131.790,-0.170,0.025,-0.080,-0.190,0.550,31.670
0.900,31.969,-4.373,133.250,-0.760,-0.023,0.253,-0.700,-0.120,32.410
0.920,32.704,-4.470,133.960,0.540,-0.005,0.222,-0.390,0.210,33.160
0.940,33.453,-4.567,136.550,-0.900,0.132,0.258,-0.560,0.680,33.910
0.960,34.197,-4.665,135.800,0.030,-0.075,-0.077,0.880,-0.190,34.670
0.980,34.926,-4.762,132.960,-0.010,0.013,-0.062,0.470,-0.460,35.410
1.000,35.674,-4.859,136.410,1.090,0.023,0.220,0.640,-0.560,36.160
1.020,36.418,-4.956,135.660,0.470,0.054,-0.030,0.360,0.210,36.920
1.040,37.161,-5.053,135.550,-0.030,0.005,-0.024,-0.560,-0.560,37.670
1.060,37.917,-5.151,137.800,0.820,0.015,0.243,-0.260,-0.110,38.440
1.080,38.678,-5.248,138.740,1.390,-0.020,0.251,0.240,0.130,39.210
1.100,39.440,-5.345,138.910,0.560,0.013,0.207,-0.610,0.060,39.980
1.120,40.189,-5.442,136.580,0.010,-0.017,-0.059,0.360,0.130,40.740
1.140,40.944,-5.539,137.690,-1.310,0.031,0.248,-0.120,0.070,41.500
1.160,41.706,-5.636,138.970,-1.070,-0.018,0.329,-0.190,0.380,42.280
1.180,42.476,-5.734,140.250,-0.310,0.019,0.217,0.360,-0.290,43.050
1.200,43.235,-5.831,138.390,-0.610,-0.001,-0.006,0.220,-0.200,43.820
1.220,43.998,-5.928,139.150,-0.190,0.056,0.280,-0.180,-0.230,44.600
1.240,44.755,-6.025,138.090,0.060,-0.003,-0.042,0.580,0.250,45.360
1.260,45.514,-6.122,138.270,0.530,-0.089,0.303,-0.540,0.270,46.130
1.280,46.291,-6.220,141.600,-0.070,0.063,0.261,0.310,0.140,46.920
1.300,47.074,-6.317,142.730,0.490,-0.045,0.262,0.300,0.360,47.710
1.320,47.847,-6.414,140.910,0.060,-0.033,-0.052,-0.150,-0.350,48.490
1.340,48.630,-6.511,142.840,-1.980,-0.030,0.287,0.160,0.500,49.290
1.360,49.411,-6.608,142.200,-0.940,0.069,-0.017,-0.630,0.460,50.080
1.380,50.184,-6.705,141.010,-0.140,-0.107,-0.069,0.460,0.220,50.860
1.400,50.968,-6.803,142.840,-1.210,0.157,0.210,-0.090,0.530,51.650
1.420,51.763,-6.900,144.920,0.600,0.053,0.244,-0.260,-0.500,52.460
1.440,52.547,-6.997,142.880,1.530,0.011,-0.074,0.520,-0.160,53.250
1.460,53.346,-7.094,145.600,1.220,-0.003,0.248,-0.350,-0.220,54.060
1.480,54.112,-7.191,139.640,-0.210,0.014,-0.013,-0.700,0.220,54.840
1.500,54.909,-7.289,145.120,1.490,0.026,0.236,-0.780,-0.320,55.640
1.520,55.701,-7.386,144.330,0.150,0.032,-0.051,0.300,0.230,56.450
1.540,56.491,-7.483,144.070,-0.340,0.028,-0.048,-0.640,0.410,57.250
1.560,57.287,-7.580,144.980,-0.610,0.004,0.275,0.880,0.210,58.050
1.580,58.067,-7.677,142.180,-0.300,-0.010,-0.117,-1.040,0.090,58.840
1.600,58.864,-7.774,145.150,-0.390,-0.008,0.232,0.850,-0.300,59.650
1.620,59.667,-7.872,146.330,0.170,-0.010,0.256,0.110,-0.250,60.460
1.640,60.481,-7.969,148.330,0.160,0.057,0.286,-0.050,0.370,61.290
1.660,61.280,-8.066,145.660,0.000,0.030,-0.065,-0.270,0.230,62.090
1.680,62.079,-8.163,145.540,0.440,-0.147,-0.106,0.200,-0.010,62.900
1.700,62.882,-8.260,146.320,1.190,0.033,0.269,-0.020,-0.130,63.720
1.720,63.699,-8.357,148.760,0.950,0.010,0.231,0.550,-0.610,64.540
1.740,64.512,-8.455,148.200,-1.480,-0.001,-0.086,0.060,-0.320,65.370
1.760,65.320,-8.552,147.230,-2.550,-0.019,-0.069,0.080,0.570,66.180
1.780,66.139,-8.649,149.110,0.930,0.056,0.244,-0.180,-0.380,67.010
1.800,66.956,-8.746,148.810,-1.370,0.047,-0.068,-0.030,0.060,67.840
1.820,67.782,-8.843,150.430,-0.220,-0.039,0.184,0.150,0.300,68.670
1.840,68.596,-8.941,148.250,-1.170,0.020,-0.023,-0.860,-0.380,69.500
1.860,69.414,-9.038,149.130,-1.800,-0.049,0.288,-0.670,0.060,70.330
1.880,70.234,-9.135,149.350,0.540,-0.069,0.270,0.370,0.280,71.160
1.900,71.047,-9.232,148.060,0.760,-0.031,-0.084,0.090,0.000,71.980
1.920,71.876,-9.329,151.020,-0.580,0.043,0.244,-0.090,0.860,72.820
1.940,72.707,-9.426,151.280,-2.590,0.048,0.250,0.010,-0.500,73.660
1.960,73.537,-9.524,151.220,-0.550,0.026,-0.032,0.170,0.320,74.500
1.980,74.367,-9.621,151.180,0.390,0.036,-0.030,-0.270,-0.050,75.340
2.000,75.189,-9.718,149.720,-1.480,0.026,-0.072,-0.390,0.230,76.170
2.020,76.021,-9.815,151.530,0.180,-0.032,0.252,0.100,0.130,77.010
2.040,76.856,-9.912,151.970,-0.020,0.022,0.264,-0.490,-0.220,77.860
2.060,77.688,-10.010,151.600,0.580,0.040,-0.006,0.200,0.070,78.700
2.080,78.528,-10.107,152.880,0.120,0.038,0.271,-0.850,-0.560,79.550
2.100,79.374,-10.204,154.050,-0.970,0.059,0.274,0.510,0.180,80.400
2.120,80.234,-10.301,156.590,1.200,0.035,0.253,0.240,0.090,81.270
2.140,81.081,-10.398,154.340,-0.160,0.018,-0.008,0.130,0.190,82.130
2.160,81.932,-10.495,154.780,-0.030,0.054,0.262,0.490,0.320,82.990
2.180,82.781,-10.593,154.600,-0.930,-0.001,-0.076,0.830,0.110,83.850
2.200,83.616,-10.690,152.150,-0.440,-0.044,-0.008,0.510,0.040,84.690
2.220,84.469,-10.787,155.310,-0.880,-0.008,0.271,-0.920,-0.260,85.560
2.240,85.325,-10.884,155.760,-0.170,-0.037,0.237,-0.640,-0.210,86.420
2.260,86.202,-10.981,159.680,1.710,-0.034,0.236,-0.310,0.360,87.310
2.280,87.059,-11.079,156.020,-1.370,-0.007,-0.041,0.010,0.430,88.180
2.300,87.922,-11.176,157.080,-1.610,-0.040,0.264,0.260,-0.070,89.050
2.320,88.784,-11.273,156.890,1.470,-0.015,-0.044,-0.360,0.010,89.920
2.340,89.638,-11.370,155.510,-0.210,-0.095,-0.041,0.090,-0.270,90.790
2.360,90.513,-11.467,159.290,-0.670,0.011,0.301,-0.380,0.350,91.670
2.380,91.387,-11.564,159.030,1.040,0.000,-0.018,-0.310,0.200,92.550
2.400,92.262,-11.662,159.400,-0.610,-0.041,0.256,-0.700,0.580,93.440
2.420,93.126,-11.759,157.170,1.830,0.033,-0.022,-0.460,-0.260,94.310
2.440,94.010,-11.856,160.960,0.680,0.047,0.219,-0.680,-0.110,95.210
2.460,94.873,-11.953,157.070,-0.490,-0.080,-0.038,-0.490,0.070,96.080
2.480,95.754,-12.050,160.370,2.160,-0.038,0.304,0.530,0.190,96.970
2.500,96.650,-12.148,163.090,-0.610,-0.038,0.243,-0.470,-0.060,97.880
2.520,97.522,-12.245,158.640,0.740,-0.047,-0.075,1.320,-0.260,98.760
2.540,98.399,-12.342,159.600,0.300,0.041,0.230,0.250,0.260,99.640
2.560,99.283,-12.439,160.910,1.300,-0.010,0.217,0.090,0.220,100.540
2.580,100.164,-12.536,160.330,1.560,-0.013,-0.074,-0.430,-0.270,101.430
2.600,101.038,-12.633,159.080,0.030,-0.100,-0.061,0.350,0.410,102.310
2.620,101.927,-12.731,161.820,-0.750,0.032,0.208,-0.290,0.350,103.210
2.640,102.808,-12.828,160.440,0.460,-0.062,-0.050,0.060,0.040,104.100
2.660,103.705,-12.925,163.070,-0.680,0.003,0.277,1.280,0.020,105.010
2.680,104.591,-13.022,161.300,2.010,0.014,-0.077,-0.050,0.170,105.900
2.700,105.499,-13.119,165.320,0.140,0.068,0.296,0.570,-0.260,106.820
2.720,106.390,-13.217,162.140,-0.370,-0.065,-0.035,-0.350,0.010,107.720
2.740,107.287,-13.314,163.150,0.180,-0.151,0.281,-0.020,-0.650,108.630
2.760,108.195,-13.411,165.170,-1.350,0.009,0.230,0.890,0.260,109.550
2.780,109.087,-13.508,162.420,-0.970,0.090,-0.024,-0.310,-0.470,110.450
2.800,109.994,-13.605,164.930,1.200,0.062,0.217,0.910,0.450,111.370
2.820,110.911,-13.702,166.870,-0.660,0.010,0.277,0.350,-0.100,112.290
2.840,111.806,-13.800,162.810,-1.050,-0.025,-0.045,-0.280,-0.060,113.200
2.860,112.717,-13.897,165.820,0.540,0.040,0.267,0.320,-0.190,114.120
2.880,113.631,-13.994,166.250,1.190,-0.049,0.215,0.490,-0.090,115.040
2.900,114.551,-14.091,167.350,0.720,0.024,0.223,0.310,0.430,115.970
2.920,115.456,-14.188,164.640,1.000,0.025,-0.032,-0.790,-0.750,116.890
2.940,116.362,-14.285,164.830,-0.760,0.053,0.222,-0.360,0.380,117.800
2.960,117.285,-14.383,167.920,-1.420,0.138,0.264,-0.120,0.100,118.740
2.980,118.208,-14.480,167.900,1.500,0.020,-0.091,-0.040,-0.360,119.670
3.000,119.132,-14.577,168.150,-0.320,-0.025,0.275,0.310,-0.320,120.600
3.020,120.059,-14.674,168.610,-0.250,-0.001,0.213,0.090,0.500,121.540
3.040,120.979,-14.771,167.390,1.330,-0.088,-0.033,-0.670,-0.280,122.470
3.060,121.909,-14.869,169.070,0.560,-0.035,0.269,0.190,-0.350,123.410
3.080,122.840,-14.966,169.480,0.460,-0.020,0.229,0.310,0.340,124.350
3.100,123.765,-15.063,168.290,2.170,-0.026,-0.033,0.280,0.100,125.290
3.120,124.714,-15.160,172.480,-0.640,0.008,0.258,0.540,-0.280,126.240
3.140,125.652,-15.257,170.710,0.930,-0.041,-0.066,0.420,0.060,127.190
3.160,126.579,-15.354,168.530,0.060,0.056,-0.080,0.230,-0.310,128.130
3.180,127.523,-15.452,171.620,0.270,0.000,0.191,-0.040,0.330,129.080
3.200,128.454,-15.549,169.490,1.530,-0.000,-0.040,-0.830,0.320,130.020
3.220,129.403,-15.646,172.450,0.510,-0.016,0.203,0.210,0.160,130.980
3.240,130.356,-15.743,173.330,0.540,0.008,0.253,0.100,0.110,131.940
3.260,131.294,-15.840,170.680,1.070,0.041,-0.058,0.140,0.530,132.890
3.280,132.249,-15.938,173.670,-0.360,-0.043,0.270,-0.640,-0.000,133.860
3.300,133.202,-16.035,173.170,-0.840,-0.033,-0.059,-0.540,-0.350,134.820
3.320,134.159,-16.132,174.100,-1.040,-0.015,0.240,0.530,0.130,135.790
3.340,135.127,-16.229,176.030,-1.970,-0.067,0.272,-0.020,0.630,136.760
3.360,136.079,-16.326,173.140,2.060,-0.041,-0.040,0.340,-0.300,137.730
3.380,137.029,-16.423,172.690,-1.100,-0.024,-0.041,0.010,-0.110,138.690
3.400,137.979,-16.521,172.810,-0.220,0.044,0.264,0.010,0.120,139.650
3.420,138.932,-16.618,173.230,-0.280,0.013,0.204,0.470,-0.020,140.610
3.440,139.892,-16.715,174.660,0.310,0.010,0.273,-0.260,-0.290,141.580
3.460,140.858,-16.812,175.610,0.820,0.043,0.268,0.050,0.340,142.550
3.480,141.825,-16.909,175.830,0.860,-0.007,0.219,-0.230,0.700,143.530
3.500,142.798,-17.007,176.970,-0.580,0.020,0.243,-0.220,0.060,144.510
3.520,143.767,-17.104,176.070,-0.170,-0.005,-0.051,-0.150,-0.270,145.490
3.540,144.749,-17.201,178.550,0.280,0.013,0.246,0.110,-0.460,146.480
3.560,145.718,-17.298,176.290,-0.250,-0.029,-0.040,-0.240,0.080,147.460
3.580,146.715,-17.395,181.090,1.610,-0.122,0.293,0.630,0.330,148.470
3.600,147.695,-17.492,178.260,0.490,-0.007,-0.018,-0.450,0.140,149.460
3.620,148.665,-17.590,176.360,0.730,0.071,-0.089,-0.090,-0.000,150.440
3.640,149.635,-17.687,176.360,0.660,0.046,-0.031,-0.220,-0.180,151.420
3.660,150.620,-17.784,179.000,1.170,0.048,0.290,0.720,-0.330,152.410
3.680,151.600,-17.881,178.260,0.180,0.062,-0.038,0.100,0.250,153.400
3.700,152.590,-17.978,179.990,-1.300,0.004,0.283,0.520,0.270,154.400
3.720,153.580,-18.076,179.950,0.400,0.010,0.010,-0.740,-0.460,155.400
3.740,154.567,-18.173,179.440,-0.650,-0.031,-0.019,0.130,0.480,156.400
3.760,155.550,-18.270,178.600,-0.530,-0.016,-0.043,0.440,0.170,157.390
3.780,156.528,-18.367,177.920,0.590,0.031,-0.019,0.040,0.420,158.380
3.800,157.518,-18.464,179.840,1.240,0.060,0.254,0.530,-0.400,159.380
3.820,158.520,-18.561,182.110,0.020,-0.007,0.251,-0.260,-0.410,160.390
3.840,159.518,-18.659,181.470,0.310,-0.023,-0.061,0.700,-0.040,161.400
3.860,160.506,-18.756,179.600,1.700,0.000,-0.003,1.150,0.150,162.400
3.880,161.507,-18.853,182.040,0.240,0.030,0.225,-0.180,0.540,163.410
3.900,162.513,-18.950,182.680,2.600,-0.072,0.296,-0.220,0.210,164.420
3.920,163.509,-19.047,181.090,0.570,-0.115,-0.035,0.730,-0.070,165.430
3.940,164.516,-19.145,182.970,-1.760,-0.028,0.208,0.790,-0.310,166.450
3.960,165.523,-19.242,183.140,0.750,-0.061,0.261,-0.260,0.370,167.460
3.980,166.523,-19.339,181.660,0.380,-0.025,-0.113,-0.210,-0.290,168.470
4.000,167.536,-19.436,184.230,1.290,-0.007,0.269,-0.140,0.490,169.500
4.020,168.553,-19.533,184.850,0.670,-0.023,0.277,-0.670,-0.090,170.520
4.040,169.577,-19.630,185.960,-0.140,0.073,0.232,-0.460,0.480,171.560
4.060,170.602,-19.728,186.230,-1.220,0.016,0.254,-0.500,0.200,172.590
4.080,171.608,-19.825,182.900,-0.210,0.015,0.009,-0.380,-0.040,173.610
4.100,172.620,-19.922,183.880,-0.850,0.031,0.235,-0.020,-0.160,174.630
4.120,173.645,-20.019,186.380,-0.580,-0.057,0.218,0.120,-0.100,175.670
4.140,174.673,-20.116,186.690,0.590,0.052,0.294,0.780,0.130,176.700
4.160,175.702,-20.213,187.010,1.670,-0.004,0.309,-0.500,0.020,177.740
4.180,176.761,-20.311,192.340,0.390,0.034,0.250,0.490,-0.180,178.810
4.200,177.794,-20.408,187.740,-1.200,-0.054,-0.020,-0.110,-0.050,179.850
4.220,178.833,-20.505,188.900,0.440,-0.078,0.290,-0.020,0.020,180.900
4.240,179.873,-20.602,188.950,1.200,0.041,0.228,0.340,-0.640,181.950
4.260,180.912,-20.699,188.810,-0.610,0.019,-0.065,-0.560,0.140,183.000
4.280,181.945,-20.797,187.680,-0.130,-0.045,-0.013,0.190,-0.290,184.040
4.300,182.989,-20.894,189.610,0.010,-0.043,0.301,0.080,-0.350,185.100
4.320,184.021,-20.991,187.630,-0.780,0.056,-0.033,0.250,-0.510,186.140
4.340,185.060,-21.088,188.750,0.650,-0.059,0.224,0.140,-0.540,187.190
4.360,186.099,-21.185,188.700,-0.120,0.082,0.010,1.230,-0.410,188.240
4.380,187.144,-21.282,189.870,0.420,-0.045,0.234,-0.320,-0.210,189.290
4.400,188.209,-21.380,193.540,-0.890,0.032,0.240,-0.270,0.590,190.370
4.420,189.241,-21.477,187.580,-0.440,-0.016,-0.040,-0.310,-0.160,191.410
4.440,190.297,-21.574,191.730,0.720,0.030,0.297,-0.280,0.050,192.470
4.460,191.335,-21.671,188.600,-0.370,-0.027,-0.024,-0.320,0.120,193.520
4.480,192.384,-21.768,190.630,1.730,-0.008,0.262,0.590,0.040,194.580
4.500,193.448,-21.866,193.290,-0.400,0.002,0.264,0.710,-0.020,195.650
4.520,194.505,-21.963,192.070,0.220,-0.050,-0.049,-0.290,-0.360,196.720
4.540,195.555,-22.060,190.680,0.930,0.037,-0.033,-0.420,0.440,197.780
4.560,196.609,-22.157,191.540,-1.420,-0.026,0.174,0.240,0.540,198.850
4.580,197.677,-22.254,193.950,-1.760,-0.011,0.241,-0.280,-0.500,199.920
4.600,198.735,-22.351,192.150,-1.530,-0.050,-0.043,0.320,-0.310,200.990
4.620,199.802,-22.449,193.890,1.260,-0.128,0.215,0.100,-0.080,202.070
4.640,200.870,-22.546,193.950,-0.550,-0.010,0.262,-0.760,-0.290,203.140
4.660,201.933,-22.643,193.230,2.560,0.121,-0.056,0.770,0.150,204.220
4.680,203.022,-22.740,197.740,-0.560,0.039,0.303,0.900,-0.220,205.320
4.700,204.100,-22.837,195.790,0.180,-0.001,-0.003,-0.310,0.650,206.400
4.720,205.157,-22.935,192.120,1.540,-0.013,-0.064,-0.190,0.360,207.470
4.740,206.235,-23.032,195.760,2.010,0.001,0.245,0.140,0.060,208.560
4.760,207.308,-23.129,194.800,2.060,0.027,-0.052,0.170,0.310,209.640
4.780,208.394,-23.226,197.390,1.210,-0.059,0.236,0.330,0.330,210.740
4.800,209.469,-23.323,195.240,1.020,0.056,-0.044,1.010,-0.170,211.820
4.820,210.552,-23.420,196.580,0.590,0.036,0.227,-0.090,-0.240,212.920
4.840,211.641,-23.518,197.830,0.780,0.036,0.216,-0.400,0.020,214.010
4.860,212.735,-23.615,198.690,-0.550,0.022,0.269,-0.690,0.260,215.120
4.880,213.813,-23.712,195.910,-0.820,0.001,-0.031,-0.370,0.040,216.210
4.900,214.901,-23.809,197.520,-0.000,0.034,0.226,-0.020,-0.470,217.300
4.920,215.989,-23.906,197.630,-0.170,0.030,0.277,0.900,-0.240,218.400
4.940,217.078,-24.004,197.680,-0.450,-0.018,0.231,-0.260,-0.020,219.500
4.960,218.188,-24.101,201.630,0.700,-0.029,0.258,0.110,-0.020,220.620
4.980,219.289,-24.198,199.910,0.960,0.005,-0.025,-0.010,0.590,221.730
5.000,220.377,-24.295,197.730,0.090,0.077,-0.051,0.590,-0.420,222.830
5.020,221.486,-24.392,201.310,1.480,-0.062,0.264,1.260,0.150,223.950
5.040,222.606,-24.489,203.440,-1.140,-0.073,0.235,-0.270,0.450,225.080
5.060,223.720,-24.587,202.120,-0.190,0.008,-0.056,-0.240,0.680,226.200
5.080,224.813,-24.684,198.610,-0.720,0.003,-0.056,0.520,-0.120,227.300
5.100,225.917,-24.781,200.480,-1.870,0.009,0.228,0.340,0.150,228.420
5.120,227.037,-24.878,203.430,-0.080,0.012,0.245,0.920,0.170,229.550
5.140,228.143,-24.975,200.790,-0.120,-0.011,-0.096,0.290,0.060,230.660
5.160,229.260,-25.072,202.830,1.510,0.074,0.235,-0.180,-0.030,231.790
5.180,230.382,-25.170,203.650,0.630,-0.080,0.241,0.300,0.130,232.920
5.200,231.491,-25.267,201.410,-1.020,-0.041,-0.058,0.550,-0.760,234.040
5.220,232.609,-25.364,203.030,1.850,-0.005,0.243,0.410,0.200,235.170
5.240,233.702,-25.461,198.580,1.220,-0.082,-0.052,0.250,0.040,236.270
5.260,234.816,-25.558,202.220,0.580,-0.009,0.264,0.530,-0.070,237.400
5.280,235.938,-25.656,203.700,-0.230,0.083,0.276,0.580,0.610,238.530
5.300,237.053,-25.753,202.520,-0.960,0.001,-0.069,0.690,-0.200,239.650
5.320,238.194,-25.850,207.160,-0.370,0.012,0.214,0.320,-0.120,240.800
5.340,239.312,-25.947,202.890,1.090,-0.063,-0.081,-0.080,0.600,241.930
5.360,240.439,-26.044,204.690,1.880,-0.031,0.235,0.070,-0.250,243.070
5.380,241.573,-26.141,205.860,1.540,-0.019,0.239,0.600,-0.170,244.210
5.400,242.719,-26.239,208.150,-0.490,-0.016,0.227,-0.410,-0.040,245.370
5.420,243.844,-26.336,204.150,-1.120,0.064,-0.089,0.180,0.250,246.500
5.440,244.992,-26.433,208.370,0.140,0.028,0.236,-0.200,0.060,247.660
5.460,246.132,-26.530,206.960,-1.770,-0.056,-0.045,0.010,-0.390,248.810
5.480,247.265,-26.627,205.790,0.320,0.012,-0.032,0.640,-0.160,249.950
5.500,248.412,-26.725,208.270,-0.150,0.025,0.233,0.100,-0.180,251.110
5.520,249.559,-26.822,208.200,-0.470,0.057,-0.062,0.020,-0.020,252.270
5.540,250.701,-26.919,207.320,-1.590,0.079,-0.078,-0.680,0.130,253.420
5.560,251.850,-27.016,208.640,0.510,-0.051,0.249,0.370,0.130,254.580
5.580,252.998,-27.113,208.280,-0.530,-0.041,-0.075,0.320,-0.530,255.730
5.600,254.151,-27.210,209.340,-1.170,-0.063,0.267,1.080,0.320,256.900
5.620,255.310,-27.308,210.480,-2.870,-0.012,0.196,-0.150,0.080,258.070
5.640,256.479,-27.405,212.190,-0.030,0.023,0.239,0.110,0.420,259.240
5.660,257.627,-27.502,208.270,1.770,0.049,-0.041,0.120,0.130,260.400
5.680,258.804,-27.599,213.650,1.660,-0.004,0.256,0.790,0.330,261.590
5.700,259.949,-27.696,207.840,-0.460,-0.016,0.031,-0.050,0.140,262.740
5.720,261.110,-27.794,210.860,-0.600,0.008,0.260,0.140,0.400,263.920
5.740,262.280,-27.891,212.280,0.470,-0.042,0.220,0.300,0.160,265.090
5.760,263.449,-27.988,212.140,-1.000,0.104,-0.053,0.090,-0.030,266.270
5.780,264.612,-28.085,211.100,0.300,-0.080,-0.103,-0.220,0.680,267.450
5.800,265.780,-28.182,212.040,0.770,0.009,0.248,0.100,0.270,268.620
5.820,266.947,-28.279,211.940,1.230,0.101,-0.075,0.540,0.170,269.800
5.840,268.116,-28.377,212.110,-0.100,0.000,0.277,-0.510,-0.380,270.980
5.860,269.298,-28.474,214.590,-0.200,-0.010,0.234,0.070,-0.390,272.170
5.880,270.478,-28.571,214.170,-0.880,-0.018,-0.054,-0.350,0.090,273.360
5.900,271.651,-28.668,212.910,-0.830,-0.009,-0.069,0.600,0.040,274.540
5.920,272.839,-28.765,215.620,-0.230,0.069,0.302,-0.760,-0.180,275.740
5.940,274.024,-28.863,215.050,0.370,-0.111,-0.060,-0.280,0.040,276.940
5.960,275.215,-28.960,216.120,0.910,0.077,0.305,0.190,0.480,278.140
5.980,276.406,-29.057,216.170,-0.800,-0.071,0.274,0.780,0.210,279.340
6.000,277.587,-29.154,214.300,1.490,-0.013,-0.036,-0.030,-0.340,280.530
6.020,278.772,-29.251,215.020,-0.270,-0.021,0.261,-0.280,-0.030,281.720
6.040,279.969,-29.348,217.300,-0.020,0.029,0.262,0.940,-0.240,282.930
6.060,281.167,-29.446,217.410,-0.750,-0.080,0.192,-0.720,-0.120,284.140
6.080,282.362,-29.543,216.780,-2.420,0.023,-0.058,-1.100,-0.120,285.340
6.100,283.559,-29.640,217.310,0.880,0.101,0.275,0.220,-0.140,286.550
6.120,284.768,-29.737,219.370,0.740,-0.068,0.249,-0.250,-0.380,287.770
6.140,285.963,-29.834,216.880,-0.280,0.009,-0.092,-0.510,-0.040,288.970
6.160,287.170,-29.932,218.910,0.070,-0.033,0.248,0.350,-0.170,290.190
6.180,288.372,-30.029,218.100,0.520,0.021,0.001,0.120,-0.880,291.400
6.200,289.575,-30.126,218.400,-1.560,0.001,0.287,-0.280,0.620,292.620
6.220,290.791,-30.223,220.690,-0.530,-0.032,0.248,-0.640,0.330,293.840
6.240,292.007,-30.320,220.600,0.790,0.024,-0.021,0.440,-0.110,295.070
6.260,293.225,-30.417,220.900,-1.250,0.090,0.239,0.330,0.010,296.290
6.280,294.448,-30.515,221.960,0.290,-0.010,0.199,-0.050,-0.350,297.530
6.300,295.662,-30.612,220.350,-1.360,0.036,-0.078,0.920,0.510,298.750
6.320,296.884,-30.709,221.660,0.470,-0.065,0.297,-0.540,0.570,299.980
6.340,298.099,-30.806,220.490,-0.040,-0.048,-0.058,-0.760,0.050,301.210
6.360,299.321,-30.903,221.760,-1.620,0.024,0.243,-0.350,0.310,302.440
6.380,300.541,-31.000,221.400,1.160,0.074,-0.059,-0.020,0.050,303.670
6.400,301.765,-31.098,222.060,-0.730,0.018,0.307,0.120,-0.400,304.900
6.420,302.995,-31.195,223.120,-0.810,-0.016,0.299,-0.120,-0.120,306.140
6.440,304.215,-31.292,221.320,0.200,-0.000,0.017,0.180,0.040,307.370
6.460,305.460,-31.389,226.000,1.150,-0.063,0.245,-0.630,-0.140,308.630
6.480,306.682,-31.486,221.680,-1.020,0.030,-0.041,0.720,-0.070,309.860
6.500,307.904,-31.584,221.680,0.060,0.044,0.205,-0.040,-0.030,311.090
6.520,309.147,-31.681,225.560,0.430,-0.023,0.294,0.560,-0.020,312.340
6.540,310.389,-31.778,225.330,0.690,-0.024,-0.085,0.170,0.020,313.600
6.560,311.632,-31.875,225.390,0.180,0.013,0.257,0.230,-0.320,314.850
6.580,312.876,-31.972,225.720,-0.370,-0.022,0.217,0.280,-0.220,316.100
6.600,314.116,-32.069,225.080,-0.830,-0.003,-0.068,0.220,-0.390,317.350
6.620,315.351,-32.167,224.070,0.090,0.105,-0.075,0.320,0.290,318.600
6.640,316.596,-32.264,225.850,-1.070,-0.012,0.232,0.660,-0.630,319.850
6.660,317.837,-32.361,225.040,-2.920,-0.018,-0.066,0.100,0.350,321.100
6.680,319.093,-32.458,227.830,0.440,-0.032,0.234,0.350,0.420,322.370
6.700,320.341,-32.555,226.470,0.900,0.037,-0.025,-0.040,-0.090,323.630
6.720,321.585,-32.653,225.770,-2.360,-0.009,-0.083,0.720,-0.780,324.880
6.740,322.836,-32.750,226.840,-1.010,-0.032,0.257,-0.340,-0.110,326.140
6.760,324.094,-32.847,228.260,0.620,0.066,0.287,0.900,-0.020,327.410
6.780,325.346,-32.944,227.120,2.060,0.071,-0.065,-0.020,-0.300,328.670
6.800,326.598,-33.041,227.050,0.020,-0.030,-0.072,-0.720,-0.150,329.930
6.820,327.860,-33.138,228.960,-0.730,-0.093,0.243,0.060,0.460,331.200
6.840,329.124,-33.236,229.280,-0.180,0.050,0.285,-0.340,0.200,332.480
6.860,330.383,-33.333,228.480,1.370,-0.034,-0.044,0.420,-0.280,333.750
6.880,331.645,-33.430,228.850,-0.650,0.040,0.234,-0.330,-0.480,335.020
6.900,332.914,-33.527,230.220,-0.800,-0.099,0.265,-0.220,-0.100,336.300
6.920,334.171,-33.624,228.020,-0.480,0.045,-0.083,-0.940,-0.060,337.560
6.940,335.430,-33.722,228.400,-0.950,-0.061,0.270,-0.230,0.150,338.830
6.960,336.697,-33.819,229.750,0.120,0.037,0.262,-1.210,-0.160,340.110
6.980,337.969,-33.916,230.830,1.620,0.001,0.241,-0.790,0.150,341.390
7.000,339.248,-34.013,231.930,0.320,-0.048,0.225,0.380,0.580,342.680
7.020,340.538,-34.110,234.000,-0.250,-0.020,0.223,0.390,0.240,343.980
7.040,341.825,-34.207,233.390,-0.290,0.034,-0.034,0.210,-0.010,345.280
7.060,343.105,-34.305,232.180,-1.560,0.005,-0.013,-0.480,-0.050,346.570
7.080,344.388,-34.402,232.710,0.880,0.029,0.231,-0.020,-0.110,347.860
7.100,345.665,-34.499,231.550,-0.080,0.099,-0.036,-0.000,0.350,349.150
7.120,346.951,-34.596,233.350,-0.180,-0.078,0.187,-0.580,-0.190,350.440
7.140,348.237,-34.693,233.260,3.190,0.081,-0.068,0.750,0.010,351.740
7.160,349.530,-34.791,234.500,0.300,0.005,0.249,0.440,0.020,353.040
7.180,350.816,-34.888,233.090,-0.750,-0.045,-0.077,-0.110,-0.150,354.340
7.200,352.114,-34.985,235.430,-0.430,-0.067,0.222,0.010,-0.410,355.640
7.220,353.422,-35.082,237.270,1.150,-0.009,0.230,0.100,0.100,356.960
7.240,354.718,-35.179,235.120,0.110,0.046,-0.041,-1.020,-0.020,358.270
7.260,356.021,-35.276,236.210,-1.440,-0.006,0.244,-0.120,0.150,359.580
7.280,357.328,-35.374,236.960,0.920,0.076,0.183,-0.340,-0.160,360.900
7.300,358.627,-35.471,235.640,-0.670,-0.073,-0.114,-0.500,0.370,362.210
7.320,359.933,-35.568,236.900,1.870,-0.001,0.232,-0.140,-0.260,363.520
7.340,361.239,-35.665,236.900,1.080,-0.063,0.264,0.900,0.510,364.840
7.360,362.548,-35.762,237.340,-0.450,0.018,0.168,0.320,-0.520,366.160
7.380,363.851,-35.860,236.360,1.280,0.044,-0.065,-0.290,0.130,367.470
7.400,365.163,-35.957,237.870,0.070,-0.021,0.234,0.290,0.140,368.790
7.420,366.481,-36.054,238.900,0.850,-0.130,0.292,0.700,-0.240,370.120
7.440,367.808,-36.151,240.650,0.480,0.010,0.238,0.460,0.130,371.460
7.460,369.133,-36.248,240.230,-0.850,0.022,-0.039,0.030,0.380,372.790
7.480,370.469,-36.345,242.340,-0.640,0.020,0.254,-0.320,-0.670,374.140
7.500,371.783,-36.443,238.280,1.030,0.062,-0.114,0.350,0.150,375.460
7.520,373.112,-36.540,241.050,-0.330,-0.054,0.273,0.200,-0.750,376.800
7.540,374.438,-36.637,240.340,-0.400,0.034,-0.044,0.450,-0.290,378.130
7.560,375.782,-36.734,243.670,-0.960,0.060,0.265,0.320,0.490,379.490
7.580,377.102,-36.831,239.490,0.420,-0.089,0.068,0.520,-0.170,380.820
7.600,378.425,-36.928,239.760,2.060,0.016,0.187,-0.270,-0.350,382.150
7.620,379.751,-37.026,240.440,-1.070,-0.025,0.302,0.660,-0.060,383.490
7.640,381.066,-37.123,238.470,0.020,-0.004,-0.059,0.100,0.620,384.810
7.660,382.396,-37.220,241.190,1.410,0.017,0.259,1.040,-0.550,386.150
7.680,383.726,-37.317,241.150,-0.080,-0.024,-0.051,-0.340,-0.320,387.490
7.700,385.065,-37.414,242.840,0.450,-0.034,0.237,0.870,0.450,388.840
7.720,386.408,-37.512,243.440,-1.060,0.002,0.233,0.100,0.560,390.190
7.740,387.765,-37.609,246.060,0.430,-0.054,0.260,-0.330,-0.030,391.560
7.760,389.116,-37.706,244.990,-0.190,-0.054,-0.096,-0.240,-0.370,392.920
7.780,390.456,-37.803,243.020,0.990,0.034,-0.027,-0.160,0.630,394.270
7.800,391.796,-37.900,242.860,1.190,-0.057,-0.062,0.210,0.480,395.620
7.820,393.148,-37.997,245.260,2.590,0.033,0.216,0.260,0.200,396.980
7.840,394.488,-38.095,242.860,0.580,0.023,-0.064,-0.290,-0.240,398.330
7.860,395.855,-38.192,247.910,0.330,-0.086,0.288,-0.010,-0.010,399.710
7.880,397.219,-38.289,247.250,0.190,-0.034,-0.066,1.070,-0.050,401.080
7.900,398.571,-38.386,245.090,-0.350,0.060,-0.039,0.860,0.100,402.440
7.920,399.914,-38.483,243.540,0.340,-0.049,-0.072,0.220,0.440,403.800
7.940,401.285,-38.581,248.460,-0.300,-0.023,0.273,0.020,0.260,405.180
7.960,402.645,-38.678,246.580,0.170,0.023,-0.029,0.060,-0.320,406.550
7.980,404.018,-38.775,248.930,1.320,0.039,0.305,0.310,0.410,407.930
8.000,405.369,-38.872,245.000,-1.010,-0.013,-0.055,-0.510,0.090,409.290
8.020,406.731,-38.969,246.810,1.140,-0.030,0.270,-0.130,0.210,410.660
8.040,408.099,-39.066,248.030,1.320,0.071,0.253,-0.830,0.440,412.040
8.060,409.469,-39.164,248.410,-0.120,0.087,0.289,0.200,-0.330,413.420
8.080,410.837,-39.261,247.990,-2.120,0.049,-0.072,0.320,-0.010,414.800
8.100,412.215,-39.358,249.920,-0.610,0.004,0.272,-0.240,-0.160,416.190
8.120,413.582,-39.455,247.700,1.300,-0.040,-0.056,0.790,-0.470,417.560
8.140,414.958,-39.552,249.400,-0.020,-0.042,0.248,-0.610,0.100,418.950
8.160,416.337,-39.650,250.120,-1.000,0.026,0.253,-0.730,0.750,420.340
8.180,417.722,-39.747,251.030,-0.500,0.021,0.258,0.110,-0.550,421.730
8.200,419.110,-39.844,251.640,0.840,0.070,0.247,0.520,-0.010,423.130
8.220,420.485,-39.941,249.200,0.550,0.033,-0.044,0.840,0.190,424.520
8.240,421.858,-40.038,248.910,-0.240,-0.075,-0.003,-0.230,0.040,425.900
8.260,423.256,-40.135,253.450,-0.370,0.053,0.280,0.540,-0.030,427.310
8.280,424.648,-40.233,252.350,-0.390,-0.050,-0.024,-0.020,-0.390,428.710
8.300,426.033,-40.330,251.040,-0.920,-0.019,-0.064,-0.090,0.070,430.100
8.320,427.439,-40.427,254.810,1.620,0.013,0.223,0.440,-0.230,431.520
8.340,428.835,-40.524,252.980,-0.320,0.100,-0.021,0.330,-0.660,432.920
8.360,430.241,-40.621,254.890,1.220,0.155,0.276,-0.790,0.360,434.340
8.380,431.640,-40.719,253.540,1.520,0.030,-0.006,0.740,0.290,435.750
8.400,433.057,-40.816,256.850,1.000,-0.009,0.232,0.690,0.020,437.180
8.420,434.473,-40.913,256.710,-0.430,0.027,-0.057,-0.310,0.070,438.600
8.440,435.874,-41.010,254.020,0.400,0.044,-0.099,0.200,0.320,440.010
8.460,437.288,-41.107,256.170,-0.020,-0.016,0.238,0.250,0.070,441.440
8.480,438.700,-41.204,256.000,-0.900,0.090,-0.020,0.130,0.270,442.860
8.500,440.120,-41.302,257.400,0.320,0.012,0.236,-0.280,-0.090,444.290
8.520,441.523,-41.399,254.220,-1.180,0.025,-0.031,-0.340,0.390,445.700
8.540,442.941,-41.496,257.020,1.190,0.033,0.244,-0.010,0.100,447.130
8.560,444.364,-41.593,257.890,-0.460,0.021,0.260,0.590,0.060,448.560
8.580,445.765,-41.690,253.990,0.200,0.042,-0.084,0.270,-0.380,449.970
8.600,447.173,-41.787,255.170,0.280,-0.031,0.253,-0.190,0.090,451.390
8.620,448.575,-41.885,254.200,-0.260,-0.028,-0.140,0.390,-0.250,452.800
8.640,449.994,-41.982,257.180,0.590,-0.055,0.244,-1.420,-0.190,454.230
8.660,451.423,-42.079,258.970,-0.470,0.022,0.201,0.570,-0.240,455.670
8.680,452.861,-42.176,260.470,0.870,0.039,0.286,-0.870,-0.320,457.120
8.700,454.288,-42.273,258.650,-1.350,0.023,-0.027,-0.180,0.640,458.550
8.720,455.730,-42.371,261.300,0.130,0.084,0.264,-0.560,0.400,460.010
8.740,457.148,-42.468,257.100,1.940,-0.000,-0.004,-0.650,0.580,461.430
8.760,458.566,-42.565,256.940,-1.000,0.033,-0.078,0.580,-0.370,462.860
8.780,459.999,-42.662,259.730,-0.680,-0.055,0.302,-0.230,0.020,464.300
8.800,461.437,-42.759,260.700,0.510,-0.019,0.278,0.170,-0.390,465.750
8.820,462.874,-42.856,260.400,0.180,0.035,-0.057,-0.020,-0.210,467.200
8.840,464.296,-42.954,257.660,0.350,0.042,-0.016,0.240,-0.280,468.630
8.860,465.736,-43.051,260.950,0.490,-0.015,0.217,0.040,0.370,470.080
8.880,467.167,-43.148,259.440,0.630,-0.004,-0.075,-0.640,-0.120,471.520
8.900,468.617,-43.245,262.720,1.110,-0.076,0.232,0.500,0.320,472.980
8.920,470.066,-43.342,262.590,0.410,-0.018,-0.066,-0.250,0.180,474.440
8.940,471.506,-43.440,260.950,-0.240,0.045,-0.082,-0.780,0.690,475.890
8.960,472.951,-43.537,261.900,0.670,0.029,0.287,-0.210,-0.440,477.340
8.980,474.394,-43.634,261.400,1.900,0.025,-0.058,0.750,0.380,478.800
9.000,475.846,-43.731,263.220,-0.130,0.002,0.261,0.430,0.340,480.260
9.020,477.309,-43.828,265.060,-0.970,0.000,0.233,-0.170,-0.290,481.730
9.040,478.757,-43.925,262.470,1.110,-0.033,-0.105,-0.170,0.300,483.190
9.060,480.220,-44.023,265.020,-0.120,0.035,0.258,-0.160,0.100,484.660
9.080,481.676,-44.120,263.790,-2.170,0.021,-0.107,1.040,-0.070,486.130
9.100,483.131,-44.217,263.720,0.850,0.025,-0.052,0.190,-0.250,487.590
9.120,484.594,-44.314,265.060,-0.540,-0.026,0.209,0.220,-0.220,489.070
9.140,486.050,-44.411,263.990,-0.090,-0.108,0.010,0.520,0.610,490.530
9.160,487.513,-44.509,265.030,0.330,0.055,0.277,0.120,0.000,492.000
9.180,488.972,-44.606,264.380,0.190,-0.024,-0.047,-0.130,0.230,493.470
9.200,490.459,-44.703,269.440,0.710,-0.043,0.288,-0.100,-0.240,494.970
9.220,491.932,-44.800,266.870,-0.440,0.035,-0.075,-0.040,-0.230,496.450
9.240,493.400,-44.897,266.080,0.510,-0.020,-0.034,-0.020,0.320,497.930
9.260,494.878,-44.994,267.770,-0.260,0.053,0.256,0.360,-0.400,499.420
9.280,496.355,-45.092,267.600,0.740,0.031,-0.042,0.030,-0.120,500.910
9.300,497.833,-45.189,267.760,0.620,0.034,0.288,0.370,0.010,502.390
9.320,499.319,-45.286,269.330,-0.940,-0.068,0.272,-0.040,0.030,503.890
9.340,500.809,-45.383,269.860,1.090,0.061,0.259,0.040,-0.050,505.390
9.360,502.289,-45.480,268.250,-0.540,0.013,-0.100,-1.000,0.120,506.880
9.380,503.771,-45.578,268.500,0.810,-0.018,0.221,0.460,0.210,508.370
9.400,505.257,-45.675,269.270,0.370,0.007,0.246,0.170,0.220,509.870
9.420,506.728,-45.772,266.550,1.840,-0.089,-0.047,0.500,-0.300,511.350
9.440,508.207,-45.869,268.050,-0.220,0.020,0.216,-1.450,-0.090,512.840
9.460,509.713,-45.966,272.690,-0.350,-0.051,0.322,1.040,0.360,514.350
9.480,511.222,-46.063,273.420,-0.020,-0.068,0.295,-0.070,0.270,515.870
9.500,512.717,-46.161,270.900,-0.300,-0.076,-0.032,0.550,-0.410,517.380
9.520,514.221,-46.258,272.460,0.800,0.056,0.252,-0.520,0.110,518.890
9.540,515.724,-46.355,272.380,-1.620,-0.031,-0.056,0.310,-0.590,520.400
9.560,517.252,-46.452,276.850,-1.050,0.077,0.221,-0.530,0.010,521.940
9.580,518.766,-46.549,274.230,-1.070,-0.027,-0.048,-0.310,0.570,523.460
9.600,520.271,-46.647,272.670,0.950,-0.085,-0.042,0.960,-0.280,524.980
9.620,521.771,-46.744,271.750,1.710,-0.056,-0.087,-0.100,-0.250,526.490
9.640,523.267,-46.841,271.090,-0.100,0.062,-0.040,0.110,0.230,527.990
9.660,524.780,-46.938,274.130,-0.170,-0.008,0.245,0.440,-0.460,529.520
9.680,526.287,-47.035,273.010,0.070,-0.027,-0.107,0.250,-0.190,531.030
9.700,527.790,-47.132,272.330,1.160,0.008,-0.076,0.080,0.180,532.550
9.720,529.302,-47.230,273.810,-0.930,0.025,0.238,0.180,-0.190,534.070
9.740,530.811,-47.327,273.470,0.240,0.056,0.007,1.200,-0.070,535.590
9.760,532.346,-47.424,277.940,0.980,0.072,0.267,-0.030,0.220,537.130
9.780,533.875,-47.521,277.050,0.500,-0.018,-0.090,0.100,0.130,538.670
9.800,535.399,-47.618,276.040,0.190,-0.066,-0.035,0.530,0.080,540.200
9.820,536.937,-47.715,278.590,1.000,-0.021,0.204,0.550,-0.100,541.750
9.840,538.465,-47.813,276.800,-2.700,0.013,-0.018,0.590,0.110,543.290
9.860,539.987,-47.910,275.710,0.680,-0.048,-0.064,0.320,-0.040,544.820
9.880,541.530,-48.007,279.610,-0.650,-0.048,0.247,-0.570,0.140,546.370
9.900,543.067,-48.104,278.450,-1.830,0.017,-0.010,0.820,-0.150,547.920
9.920,544.593,-48.201,276.410,0.510,-0.002,-0.089,-0.570,-0.050,549.460
9.940,546.128,-48.299,277.990,1.370,0.002,0.208,0.150,-0.300,551.000
9.960,547.658,-48.396,277.290,-0.140,-0.038,-0.068,-0.380,-0.010,552.540
9.980,549.187,-48.493,276.840,0.950,-0.012,-0.019,-0.030,-0.240,554.080
10.000,550.736,-48.590,280.620,1.610,-0.046,0.204,0.160,-0.330,555.640
10.020,552.295,-48.687,282.420,1.310,0.045,0.165,0.160,0.080,557.210
10.040,553.828,-48.784,277.770,1.640,0.052,-0.064,0.210,0.060,558.750
10.060,555.380,-48.882,281.040,0.740,-0.092,0.267,0.810,0.230,560.310
10.080,556.923,-48.979,279.530,0.080,-0.046,-0.014,0.230,-0.130,561.870
10.100,558.469,-49.076,280.100,-1.600,-0.075,0.236,-0.120,0.120,563.420
10.120,560.017,-49.173,280.260,-0.250,-0.033,0.238,0.480,0.170,564.980
10.140,561.563,-49.270,280.170,-0.840,-0.004,-0.015,0.590,0.130,566.540
10.160,563.119,-49.368,281.860,2.170,-0.072,0.194,-0.610,-0.250,568.100
10.180,564.670,-49.465,280.860,-0.180,-0.046,-0.062,0.300,0.040,569.660
10.200,566.231,-49.562,282.830,0.120,-0.050,0.256,0.350,0.110,571.230
10.220,567.792,-49.659,282.660,0.550,0.010,-0.037,-0.150,0.000,572.800
10.240,569.353,-49.756,282.700,0.040,0.003,0.235,0.690,-0.630,574.370
10.260,570.909,-49.853,282.010,1.700,-0.036,-0.049,-0.080,0.050,575.940
10.280,572.471,-49.951,282.830,-0.620,0.009,0.175,0.060,0.660,577.510
10.300,574.045,-50.048,285.150,0.190,-0.027,0.230,-0.090,-0.110,579.100
10.320,575.619,-50.145,285.080,-0.740,-0.014,-0.036,0.010,-0.220,580.680
10.340,577.183,-50.242,283.180,-1.320,0.084,-0.079,-0.550,0.110,582.250
10.360,578.757,-50.339,285.120,-0.610,0.067,0.252,-0.720,0.090,583.840
10.380,580.338,-50.437,286.410,-0.040,-0.065,0.263,0.800,0.360,585.430
10.400,581.901,-50.534,283.100,-0.430,0.041,-0.060,-0.420,-0.380,587.000
10.420,583.484,-50.631,286.740,-0.690,0.041,0.255,-0.500,0.220,588.590
10.440,585.059,-50.728,285.250,-1.410,-0.057,-0.079,-1.080,0.180,590.180
10.460,586.646,-50.825,287.420,-0.080,0.041,0.244,-0.320,-0.040,591.780
10.480,588.224,-50.922,285.730,-1.500,0.077,-0.032,-0.660,0.100,593.360
10.500,589.795,-51.020,284.490,0.760,-0.056,-0.045,0.820,0.310,594.940
10.520,591.368,-51.117,285.070,0.080,-0.046,0.232,0.500,0.260,596.530
10.540,592.958,-51.214,287.910,-1.460,0.051,0.257,-0.340,-0.340,598.130
10.560,594.551,-51.311,288.540,-0.310,0.014,0.271,1.130,0.250,599.730
10.580,596.137,-51.408,287.110,-0.750,0.028,-0.111,0.490,-0.020,601.320
10.600,597.737,-51.506,289.750,0.320,0.017,0.285,-0.160,0.020,602.930
10.620,599.319,-51.603,286.620,1.340,0.020,-0.060,-1.250,0.020,604.530
10.640,600.917,-51.700,289.330,-1.880,-0.066,0.263,1.150,-0.050,606.130
10.660,602.506,-51.797,287.930,0.120,0.052,-0.014,-0.690,0.360,607.730
10.680,604.103,-51.894,289.090,-0.160,0.058,0.209,-0.820,-0.030,609.340
10.700,605.706,-51.991,290.450,0.670,-0.011,0.229,0.510,-0.340,610.950
10.720,607.304,-52.089,289.410,0.210,-0.002,-0.059,1.220,-0.120,612.560
10.740,608.908,-52.186,290.440,-0.750,-0.077,0.226,0.690,0.050,614.170
10.760,610.525,-52.283,292.850,-0.320,0.026,0.302,0.280,0.370,615.800
10.780,612.131,-52.380,290.790,-0.800,0.029,-0.076,0.300,0.180,617.420
10.800,613.750,-52.477,293.230,1.080,-0.003,0.233,0.430,-0.260,619.050
10.820,615.355,-52.575,290.600,0.020,0.056,-0.044,0.380,0.750,620.660
10.840,616.975,-52.672,293.410,1.900,-0.017,0.214,0.140,0.080,622.290
10.860,618.605,-52.769,295.090,-0.060,0.028,0.238,0.050,0.380,623.930
10.880,620.204,-52.866,289.540,-0.710,-0.051,-0.040,-0.030,-0.050,625.540
10.900,621.818,-52.963,292.370,-1.510,-0.001,0.240,-0.380,0.160,627.160
10.920,623.446,-53.060,294.750,-1.800,-0.009,0.247,-0.140,0.250,628.800
10.940,625.069,-53.158,293.900,-1.580,0.011,-0.066,-0.850,0.370,630.430
10.960,626.698,-53.255,295.080,0.270,-0.018,0.205,-0.050,0.320,632.070
10.980,628.321,-53.352,293.930,0.510,-0.007,-0.040,-0.490,0.260,633.710
11.000,629.952,-53.449,295.290,-1.580,0.041,0.303,-0.550,-0.090,635.350
11.020,631.582,-53.546,295.240,0.900,-0.022,-0.049,0.090,-0.170,636.990
11.040,633.226,-53.643,297.550,-0.480,-0.080,0.257,0.700,0.100,638.640
11.060,634.863,-53.741,296.500,0.150,0.087,-0.029,0.460,0.280,640.290
11.080,636.503,-53.838,296.940,1.610,0.069,0.212,-0.790,-0.070,641.940
11.100,638.138,-53.935,296.130,0.900,-0.065,0.001,-0.490,0.320,643.580
11.120,639.775,-54.032,296.340,-0.270,0.034,0.256,0.470,0.440,645.230
11.140,641.414,-54.129,296.740,-0.890,-0.025,0.299,-0.490,-0.270,646.880
11.160,643.061,-54.227,298.300,-2.150,0.013,0.228,-0.110,-0.250,648.530
11.180,644.703,-54.324,297.390,-0.720,0.015,0.005,0.280,-0.040,650.190
11.200,646.353,-54.421,298.780,-0.210,-0.012,0.273,-0.480,0.090,651.850
11.220,648.020,-54.518,301.780,-0.990,-0.039,0.267,0.050,-0.160,653.520
11.240,649.679,-54.615,300.290,-0.130,-0.035,-0.043,-0.670,0.410,655.190
11.260,651.329,-54.712,298.810,0.080,-0.046,-0.057,-0.300,0.130,656.850
11.280,652.994,-54.810,301.420,-0.220,-0.042,0.286,0.160,0.010,658.520
11.300,654.647,-54.907,299.320,-0.650,-0.003,-0.046,-0.800,-0.430,660.190
11.320,656.288,-55.004,297.200,0.170,-0.036,-0.109,0.220,-0.390,661.840
11.340,657.940,-55.101,299.060,0.440,0.034,0.216,-0.010,0.080,663.500
11.360,659.586,-55.198,298.090,-1.090,0.074,-0.056,0.280,-0.640,665.160
11.380,661.247,-55.296,300.680,1.410,-0.029,0.259,0.110,0.300,666.830
11.400,662.912,-55.393,301.560,-0.100,0.012,0.248,0.680,-0.050,668.500
11.420,664.593,-55.490,304.360,0.020,0.025,0.287,0.060,0.970,670.190
11.440,666.265,-55.587,302.660,0.710,0.024,-0.109,-0.210,0.690,671.870
11.460,667.934,-55.684,302.160,0.230,0.004,-0.046,0.060,-0.050,673.550
11.480,669.613,-55.781,304.050,0.950,0.037,0.195,0.270,-0.030,675.240
11.500,671.269,-55.879,299.800,0.290,0.024,-0.027,0.020,0.300,676.910
11.520,672.947,-55.976,303.790,-0.610,-0.062,0.247,0.020,0.510,678.600
11.540,674.631,-56.073,304.910,0.360,0.043,0.263,-0.350,-0.490,680.290
11.560,676.298,-56.170,301.860,-1.140,0.044,-0.076,-0.330,-0.540,681.970
11.580,677.989,-56.267,306.110,0.110,-0.038,0.288,-0.700,-0.190,683.670
11.600,679.675,-56.365,305.220,-0.030,0.002,-0.019,0.870,0.170,685.360
11.620,681.356,-56.462,304.410,-0.210,0.034,-0.032,-0.620,0.150,687.050
11.640,683.048,-56.559,306.300,-0.130,-0.010,0.246,-0.350,0.320,688.760
11.660,684.755,-56.656,309.070,-1.880,0.054,0.267,-0.360,-0.360,690.470
11.680,686.447,-56.753,306.260,-0.550,0.118,-0.071,0.450,-0.690,692.170
11.700,688.141,-56.850,306.680,0.090,-0.039,0.276,-0.150,0.260,693.880
11.720,689.831,-56.948,305.940,0.160,-0.069,-0.001,0.620,-0.250,695.580
11.740,691.519,-57.045,305.670,-1.030,0.015,-0.018,-0.340,-0.610,697.280
11.760,693.223,-57.142,308.510,1.270,0.036,0.228,0.140,0.040,698.990
11.780,694.915,-57.239,306.300,-0.870,-0.012,-0.039,-0.420,0.240,700.690
11.800,696.616,-57.336,308.010,0.970,0.073,0.211,1.070,-0.040,702.400
11.820,698.315,-57.434,307.500,0.430,-0.067,-0.033,-0.590,-0.140,704.110
11.840,700.023,-57.531,309.250,-0.650,0.035,0.264,0.150,-0.050,705.830
11.860,701.732,-57.628,309.350,1.780,-0.030,0.194,0.320,-0.110,707.550
11.880,703.448,-57.725,310.730,-1.190,0.086,0.215,0.210,-0.400,709.270
11.900,705.154,-57.822,308.730,0.920,0.100,-0.058,-0.090,-0.210,710.990
11.920,706.863,-57.919,309.400,1.000,-0.038,0.241,-0.060,0.160,712.710
11.940,708.568,-58.017,308.660,-0.670,-0.027,-0.086,0.020,0.100,714.420
11.960,710.279,-58.114,309.780,1.390,0.043,0.262,-0.070,0.050,716.140
11.980,711.999,-58.211,311.330,-0.250,-0.019,0.258,0.480,-0.300,717.870
12.000,713.723,-58.308,312.220,0.290,-0.002,0.244,1.110,-0.050,719.610
12.020,715.436,-58.405,310.020,0.260,0.001,-0.073,-0.280,-0.650,721.330
12.040,717.165,-58.502,313.020,-0.130,-0.096,0.281,-0.680,0.050,723.070
12.060,718.900,-58.600,314.070,0.810,-0.001,0.300,-0.040,0.430,724.810
12.080,720.629,-58.697,312.980,0.790,-0.034,-0.065,1.290,-0.440,726.550
12.100,722.372,-58.794,315.490,-1.750,-0.025,0.232,-0.400,-0.180,728.310
12.120,724.095,-58.891,311.830,1.300,0.072,-0.035,0.820,0.100,730.040
12.140,725.815,-58.988,311.450,-1.660,-0.063,-0.061,0.840,0.380,731.770
12.160,727.533,-59.086,310.960,1.030,0.041,-0.054,-0.280,-0.130,733.500
12.180,729.280,-59.183,316.190,1.130,-0.014,0.272,0.280,-0.210,735.250
12.200,731.021,-59.280,315.250,-1.090,-0.014,-0.107,0.810,-0.590,737.000
12.220,732.759,-59.377,314.500,-0.410,0.040,-0.010,-0.190,0.030,738.750
12.240,734.501,-59.474,315.320,-1.110,0.017,0.252,-0.100,0.610,740.500
12.260,736.233,-59.571,313.530,-0.210,0.029,-0.062,-0.290,0.080,742.240
12.280,737.996,-59.669,319.210,-0.310,0.048,0.247,-0.510,-0.010,744.020
12.300,739.742,-59.766,316.050,0.780,-0.017,-0.051,-0.320,0.100,745.770
12.320,741.490,-59.863,316.340,1.310,-0.031,0.198,-0.610,-0.000,747.530
12.340,743.245,-59.960,317.590,1.400,-0.054,0.295,0.020,-0.240,749.300
12.360,744.999,-60.057,317.540,-0.560,-0.041,-0.049,-0.380,0.250,751.060
12.380,746.753,-60.155,317.470,-0.210,0.147,-0.037,0.120,0.070,752.820
12.400,748.500,-60.252,316.270,-1.680,0.062,-0.021,-0.780,0.010,754.580
12.420,750.260,-60.349,318.480,-0.810,-0.068,0.219,0.170,-0.290,756.350
12.440,752.028,-60.446,320.000,0.960,-0.066,0.264,0.420,0.390,758.130
12.460,753.796,-60.543,320.000,1.620,0.024,-0.058,-1.000,0.200,759.910
12.480,755.563,-60.640,320.000,-1.230,0.027,-0.025,0.190,-0.170,761.680
12.500,757.322,-60.738,318.280,-0.590,0.027,-0.114,0.610,0.300,763.450
12.520,759.078,-60.835,317.880,-0.030,-0.013,-0.053,-0.600,-0.150,765.220
12.540,760.843,-60.932,319.490,0.280,-0.006,0.232,0.840,-0.230,766.990
12.560,762.611,-61.029,320.000,-0.810,0.016,0.263,0.210,-0.230,768.770
12.580,764.382,-61.056,66.250,1.010,0.912,0.022,9.180,2.140,769.140
12.600,766.149,-61.012,67.180,4.350,0.875,0.521,9.650,3.840,769.510
12.620,767.909,-60.898,67.890,4.550,0.863,0.489,9.350,2.440,769.890
12.640,769.659,-60.714,69.010,6.130,0.845,0.950,7.270,5.310,770.270
12.660,771.396,-60.461,70.130,3.450,0.832,1.152,8.280,4.790,770.660
12.680,773.119,-60.138,71.820,8.510,0.838,1.435,9.880,6.090,771.060
12.700,774.823,-59.748,73.500,1.930,0.855,1.765,11.780,6.860,771.470
12.720,776.507,-59.290,75.150,8.520,0.895,1.901,10.030,6.290,771.890
12.740,778.167,-58.765,76.660,5.680,0.975,2.002,10.530,9.180,772.310
12.760,779.801,-58.175,78.170,8.170,0.984,2.124,11.120,10.280,772.750
12.780,781.407,-57.520,80.020,7.330,1.010,2.245,13.400,10.650,773.190
12.800,782.982,-56.801,81.580,9.810,1.047,2.241,12.420,11.170,773.640
12.820,784.524,-56.021,83.290,7.570,1.096,2.250,14.850,10.550,774.110
12.840,786.029,-55.180,84.700,7.040,1.141,2.099,16.180,8.830,774.580
12.860,787.496,-54.280,86.300,13.110,1.207,2.203,17.760,11.380,775.060
12.880,788.922,-53.321,88.070,11.220,1.196,2.372,19.500,8.660,775.550
12.900,790.306,-52.307,89.570,12.990,1.200,2.155,20.410,8.590,776.040
12.920,791.644,-51.239,90.800,16.010,1.250,2.032,21.120,8.170,776.550
12.940,792.935,-50.118,92.150,11.970,1.331,2.048,19.910,11.450,777.060
12.960,794.177,-48.947,93.340,16.010,1.348,1.876,21.570,10.670,777.580
12.980,795.368,-47.727,94.550,14.720,1.341,1.820,23.570,9.790,778.100
13.000,796.506,-46.460,95.640,17.110,1.417,1.745,26.310,10.550,778.640
13.020,797.588,-45.149,96.720,19.180,1.477,1.619,28.650,7.300,779.170
13.040,798.615,-43.797,97.830,17.580,1.504,1.603,29.890,9.140,779.720
13.060,799.582,-42.404,98.620,20.340,1.534,1.542,30.610,8.280,780.260
13.080,800.491,-40.973,99.400,25.660,1.563,1.301,30.900,8.950,780.820
13.100,801.338,-39.508,100.070,25.750,1.612,1.156,31.860,7.100,781.370
13.120,802.122,-38.009,100.680,25.330,1.640,1.098,34.680,6.540,781.930
13.140,802.843,-36.481,101.340,26.840,1.689,1.119,33.920,8.110,782.490
13.160,803.498,-34.925,102.220,27.200,1.666,1.113,36.800,8.540,783.060
13.180,804.088,-33.344,102.740,31.390,1.694,0.982,36.170,5.820,783.630
13.200,804.611,-31.740,103.470,29.520,1.716,1.019,38.340,6.900,784.210
13.220,805.066,-30.117,103.940,31.150,1.754,0.806,37.740,4.740,784.790
13.240,805.452,-28.477,103.870,34.060,1.776,0.638,39.910,2.040,785.360
13.260,805.770,-26.822,104.260,31.120,1.823,0.615,40.320,6.100,785.940
13.280,806.017,-25.156,104.590,36.240,1.809,0.528,39.470,6.380,786.520
13.300,806.195,-23.480,104.160,30.620,1.832,0.267,40.560,4.990,787.100
13.320,806.303,-21.799,103.820,37.790,1.856,-0.069,42.520,1.030,787.680
13.340,806.340,-20.115,103.000,34.200,1.893,-0.281,42.110,4.240,788.250
13.360,806.306,-18.430,102.270,34.410,1.867,-0.545,41.090,2.320,788.820
13.380,806.202,-16.748,101.140,31.130,1.854,-0.888,41.740,8.870,789.380
13.400,806.027,-15.070,99.880,34.110,1.791,-1.143,42.670,5.950,789.940
13.420,805.783,-13.401,98.920,33.120,1.723,-1.218,43.490,9.590,790.490
13.440,805.468,-11.742,97.930,34.280,1.728,-1.192,44.620,9.050,791.030
13.460,805.084,-10.097,96.830,35.480,1.706,-1.417,45.350,7.020,791.570
13.480,804.632,-8.467,95.550,37.940,1.702,-1.540,46.330,7.090,792.100
13.500,804.112,-6.857,94.430,36.280,1.639,-1.458,45.400,8.910,792.620
13.520,803.524,-5.268,93.420,36.220,1.621,-1.529,45.240,7.330,793.140
13.540,802.870,-3.704,92.290,32.690,1.625,-1.471,43.470,8.550,793.650
13.560,802.151,-2.166,91.180,32.540,1.591,-1.436,43.640,7.480,794.160
13.580,801.367,-0.658,89.870,37.330,1.552,-1.657,43.570,6.230,794.660
13.600,800.521,0.819,88.950,32.070,1.510,-1.493,44.930,4.900,795.150
13.620,799.613,2.261,87.490,36.820,1.436,-1.766,46.140,9.390,795.640
13.640,798.645,3.666,86.410,32.670,1.430,-1.599,45.220,7.610,796.120
13.660,797.618,5.032,85.440,32.950,1.380,-1.553,45.890,7.360,796.600
13.680,796.534,6.357,84.260,34.830,1.355,-1.568,46.010,9.240,797.060
13.700,795.394,7.638,82.930,35.110,1.286,-1.720,47.010,10.350,797.520
13.720,794.201,8.873,81.570,32.010,1.232,-1.858,46.540,8.560,797.980
13.740,792.956,10.061,80.550,31.160,1.236,-1.634,46.880,7.680,798.420
13.760,791.661,11.198,78.980,31.500,1.193,-1.953,47.160,9.970,798.860
13.780,790.318,12.284,77.590,31.970,1.187,-1.890,47.530,6.950,799.290
13.800,788.929,13.316,76.360,32.860,1.143,-1.778,48.350,8.840,799.720
13.820,787.497,14.292,75.450,30.510,1.070,-1.658,46.660,8.770,800.140
13.840,786.023,15.212,74.290,31.110,1.061,-1.544,46.180,8.550,800.550
13.860,784.510,16.072,72.850,32.480,1.016,-1.715,45.830,5.130,800.960
13.880,782.961,16.873,71.590,29.540,1.000,-1.818,46.880,7.220,801.350
13.900,781.377,17.611,70.280,29.070,0.966,-1.801,47.560,6.920,801.740
13.920,779.761,18.287,68.960,24.940,0.902,-1.822,47.100,8.330,802.130
13.940,778.116,18.898,68.010,22.000,0.882,-1.773,45.400,8.690,802.500
13.960,776.444,19.444,66.520,27.390,0.899,-1.865,45.580,10.570,802.870
13.980,774.748,19.924,66.000,26.200,0.874,-1.522,47.330,6.330,803.240
14.000,773.031,20.337,66.450,25.450,0.848,-0.970,48.540,4.350,803.610
14.020,771.295,20.681,67.510,27.040,0.856,-0.140,47.770,3.930,803.990
14.040,769.542,20.957,68.120,26.310,0.849,0.142,46.340,2.640,804.360
14.060,767.776,21.164,68.210,28.140,0.845,0.049,43.590,3.760,804.740
14.080,766.000,21.301,67.270,25.510,0.809,-0.273,43.220,3.010,805.120
14.100,764.215,21.367,65.980,23.020,0.802,-0.713,41.390,2.360,805.480
14.120,762.426,21.364,64.790,25.960,0.806,-1.019,42.350,3.180,805.840
14.140,760.634,21.290,64.180,22.830,0.768,-1.001,40.660,2.710,806.200
14.160,758.843,21.145,63.910,23.440,0.783,-0.766,38.450,5.240,806.550
14.180,757.054,20.929,64.860,20.660,0.769,-0.117,36.910,3.730,806.910
14.200,755.272,20.644,66.620,19.700,0.753,0.655,35.510,6.570,807.280
14.220,753.499,20.288,68.350,20.670,0.789,1.133,34.160,6.810,807.660
14.240,751.738,19.863,70.170,20.220,0.801,1.618,33.580,9.010,808.050
14.260,749.991,19.369,70.850,20.770,0.836,1.481,32.260,5.990,808.450
14.280,748.261,18.806,70.710,18.580,0.839,0.889,29.890,3.060,808.840
14.300,746.550,18.175,69.790,14.860,0.841,0.382,29.760,4.300,809.230
14.320,744.862,17.478,68.610,16.880,0.847,-0.354,28.020,3.560,809.610
14.340,743.200,16.714,68.000,18.490,0.843,-0.482,26.550,3.530,809.990
14.360,741.565,15.886,68.170,15.290,0.795,-0.308,23.970,3.250,810.370
14.380,739.960,14.994,69.260,14.570,0.784,0.293,22.930,3.080,810.750
14.400,738.388,14.039,71.020,16.350,0.827,0.837,21.760,6.510,811.150
14.420,736.851,13.023,73.210,11.900,0.852,1.558,17.960,9.100,811.550
14.440,735.351,11.948,75.250,9.840,0.876,1.912,19.280,9.260,811.970
14.460,733.892,10.814,76.040,12.300,0.883,1.731,18.920,9.090,812.390
14.480,732.474,9.623,76.050,10.930,0.893,1.270,16.220,7.000,812.820
14.500,731.102,8.378,74.820,8.800,0.874,0.363,12.970,2.330,813.230
14.520,729.775,7.080,73.790,9.380,0.892,-0.356,12.110,4.160,813.640
14.540,728.497,5.730,72.880,9.730,0.889,-0.412,10.720,1.130,814.050
14.560,727.270,4.331,72.790,7.870,0.879,-0.395,9.780,4.720,814.450
14.580,726.096,2.885,73.870,7.670,0.896,0.125,8.360,0.440,814.860
14.600,725.816,2.476,74.300,0.200,0.103,-0.028,-0.070,-0.560,815.270
14.620,725.541,2.072,72.990,-0.020,-0.072,-0.059,0.260,0.610,815.680
14.640,725.257,1.657,75.480,-0.980,-0.026,0.262,0.840,-0.300,816.100
14.660,724.975,1.245,74.990,-0.050,-0.006,-0.051,-0.290,-0.320,816.510
14.680,724.700,0.841,73.040,-1.230,0.022,-0.076,-0.790,0.330,816.920
14.700,724.413,0.422,76.450,1.390,0.063,0.289,0.410,-0.120,817.340
14.720,724.129,0.008,75.340,-1.360,-0.001,-0.048,-0.690,-0.020,817.760
14.740,723.836,-0.417,77.920,-0.200,-0.071,0.311,-0.220,0.140,818.200
14.760,723.547,-0.838,76.990,-1.040,0.042,-0.099,-0.130,0.330,818.620
14.780,723.254,-1.263,77.970,0.570,0.038,0.233,-0.030,-0.100,819.060
14.800,722.967,-1.681,76.330,-0.330,-0.097,-0.049,0.340,0.460,819.480
14.820,722.677,-2.103,77.270,-0.520,-0.000,0.284,-0.340,-0.640,819.910
14.840,722.384,-2.527,77.860,0.850,-0.080,0.262,-0.140,0.230,820.340
14.860,722.083,-2.962,80.220,0.030,-0.033,0.259,-0.010,-0.250,820.790
14.880,721.776,-3.403,81.840,0.520,-0.045,0.216,0.070,0.410,821.240
14.900,721.481,-3.830,78.510,-0.980,0.040,-0.085,0.050,0.040,821.680
14.920,721.174,-4.271,81.720,-1.400,0.006,0.260,0.220,-0.200,822.130
14.940,720.884,-4.693,77.240,0.110,-0.064,-0.091,0.420,0.200,822.560
14.960,720.587,-5.123,79.090,-0.320,0.044,0.234,0.200,0.270,823.000
14.980,720.287,-5.556,79.830,0.630,-0.072,0.265,0.230,0.190,823.450
15.000,719.988,-5.988,79.630,-0.080,0.017,-0.079,-0.790,-0.310,823.890
15.020,719.689,-6.420,79.680,0.210,-0.041,0.298,0.030,-0.150,824.330
15.040,719.378,-6.866,83.060,-1.620,-0.018,0.287,0.240,-0.000,824.790
15.060,719.068,-7.310,82.510,1.890,0.025,-0.097,0.360,-0.010,825.250
15.080,718.754,-7.760,83.790,-0.160,0.026,0.222,-0.350,0.220,825.720
15.100,718.437,-8.213,84.640,0.700,0.067,0.181,-0.330,-0.600,826.190
15.120,718.121,-8.665,84.400,-0.840,-0.004,-0.073,-0.290,0.100,826.660
15.140,717.801,-9.121,85.370,0.310,0.015,0.273,0.270,-0.090,827.130
15.160,717.484,-9.574,84.670,-1.300,-0.022,-0.062,0.520,-0.250,827.600
15.180,717.171,-10.022,83.390,0.450,0.009,-0.036,-0.200,-0.220,828.060
15.200,716.845,-10.486,87.140,-0.360,0.022,0.204,0.450,-0.060,828.550
15.220,716.526,-10.940,85.060,0.030,-0.005,-0.026,0.060,-1.080,829.020
15.240,716.208,-11.395,84.930,0.700,-0.090,-0.067,-0.060,-0.210,829.490
15.260,715.884,-11.855,86.460,-1.230,0.017,0.250,-0.110,-0.260,829.970
15.280,715.563,-12.313,85.740,-0.680,0.018,-0.053,0.370,0.160,830.450
15.300,715.238,-12.776,86.880,0.460,-0.034,0.212,0.160,-0.240,830.930
15.320,714.907,-13.244,88.410,2.100,-0.064,0.215,1.140,-0.060,831.420
15.340,714.575,-13.715,88.800,-0.140,0.074,0.279,-0.430,0.460,831.920
15.360,714.248,-14.179,87.330,0.590,0.025,-0.038,0.260,0.300,832.400
15.380,713.917,-14.648,88.330,-0.110,-0.011,0.282,-0.260,0.270,832.890
15.400,713.577,-15.128,91.060,1.940,-0.057,0.260,-0.430,-0.150,833.400
15.420,713.238,-15.606,90.580,-1.750,-0.041,-0.046,-0.010,0.160,833.900
15.440,712.889,-16.096,93.340,0.090,0.065,0.198,0.070,-0.070,834.420
15.460,712.544,-16.581,92.390,-1.630,0.007,-0.058,1.460,-0.060,834.930
15.480,712.197,-17.068,92.720,-2.510,-0.028,0.249,-0.090,0.120,835.450
15.500,711.863,-17.541,89.320,0.300,0.025,0.009,-0.570,-0.180,835.940
15.520,711.516,-18.029,92.930,0.140,-0.041,0.271,0.140,0.450,836.460
15.540,711.172,-18.513,92.100,-0.280,0.075,-0.004,-1.040,-0.050,836.970
15.560,710.829,-18.996,91.740,-0.110,0.068,-0.032,-0.050,0.190,837.480
15.580,710.480,-19.485,93.210,3.100,-0.023,0.229,0.010,0.440,838.000
15.600,710.127,-19.981,94.760,-0.260,-0.031,0.254,0.400,0.310,838.530
15.620,709.774,-20.475,94.490,0.510,-0.131,-0.043,0.490,-0.420,839.050
15.640,709.427,-20.963,92.810,-0.650,-0.074,-0.078,-0.250,0.130,839.570
15.660,709.070,-21.462,95.630,0.300,-0.067,0.238,-0.080,0.260,840.100
15.680,708.719,-21.954,93.950,-0.240,0.007,-0.056,-0.380,0.270,840.620
15.700,708.362,-22.453,95.620,-0.410,-0.016,0.298,-0.560,-0.330,841.150
15.720,708.006,-22.951,95.230,1.820,-0.067,-0.112,0.150,-0.200,841.680
15.740,707.649,-23.451,95.740,1.180,-0.014,0.286,-0.640,0.300,842.210
15.760,707.284,-23.958,97.610,0.140,0.025,0.222,-0.210,-0.230,842.750
15.780,706.929,-24.456,95.290,-2.300,0.026,-0.091,-0.500,-0.090,843.280
15.800,706.555,-24.974,100.160,-0.360,-0.095,0.285,0.270,0.470,843.840
15.820,706.201,-25.470,94.900,2.700,-0.006,-0.028,0.900,-0.010,844.370
15.840,705.838,-25.976,97.120,-0.230,-0.069,0.288,-0.650,-0.220,844.910
15.860,705.469,-26.489,98.960,1.100,0.045,0.274,-0.930,-0.260,845.460
15.880,705.097,-27.005,99.670,1.440,0.039,0.312,-0.060,0.100,846.010
15.900,704.728,-27.519,99.040,0.220,-0.045,-0.033,0.010,-0.400,846.560
15.920,704.357,-28.035,99.490,-0.840,-0.038,0.245,0.110,-0.070,847.110
15.940,703.982,-28.555,100.580,-2.440,-0.023,0.260,-0.220,0.100,847.670
15.960,703.609,-29.072,100.010,0.680,-0.113,-0.013,-0.100,0.390,848.230
15.980,703.225,-29.602,102.830,-0.810,0.017,0.227,0.180,0.200,848.800
16.000,702.844,-30.129,102.390,0.180,-0.014,-0.070,0.520,-0.210,849.370
16.020,702.461,-30.659,102.830,-1.250,0.049,0.241,-0.980,0.350,849.940
16.040,702.086,-31.179,100.460,-0.270,-0.055,-0.113,-0.180,-0.090,850.500
16.060,701.705,-31.705,102.180,0.030,-0.031,0.254,0.110,-0.370,851.060
16.080,701.324,-32.232,102.240,0.270,-0.075,0.193,-0.460,-0.050,851.630
16.100,700.945,-32.757,101.570,-1.110,-0.050,-0.048,0.870,0.430,852.200
16.120,700.558,-33.291,104.010,1.200,-0.059,0.276,-0.320,0.050,852.770
16.140,700.174,-33.822,103.050,-0.600,0.050,-0.064,-0.020,0.000,853.350
16.160,699.782,-34.361,105.230,-1.670,-0.035,0.300,0.280,0.490,853.930
16.180,699.398,-34.892,103.030,-0.110,0.006,-0.094,-0.300,-0.430,854.500
16.200,698.997,-35.441,107.610,0.030,-0.019,0.286,-0.920,-0.390,855.100
16.220,698.610,-35.976,104.070,0.160,-0.063,-0.030,-0.210,-0.480,855.680
16.240,698.214,-36.519,106.140,1.360,-0.008,0.199,0.510,0.110,856.270
16.260,697.815,-37.068,107.380,-0.240,0.030,0.331,-0.170,0.050,856.870
16.280,697.421,-37.610,105.730,-0.120,-0.060,-0.052,-0.420,0.460,857.450
16.300,697.018,-38.162,108.250,-1.100,0.040,0.224,0.460,0.070,858.060
16.320,696.625,-38.703,105.520,0.820,-0.042,-0.092,-0.170,-0.120,858.640
16.340,696.216,-39.262,109.930,0.180,-0.024,0.243,-0.260,0.000,859.250
16.360,695.813,-39.814,108.170,-0.420,0.027,-0.054,0.070,0.040,859.850
16.380,695.413,-40.364,107.640,-1.900,-0.033,-0.047,0.390,-0.500,860.450
16.400,695.009,-40.917,108.470,1.440,0.002,0.241,1.190,0.810,861.050
16.420,694.598,-41.479,110.530,-1.230,-0.016,0.269,0.410,0.160,861.670
16.440,694.193,-42.034,108.830,-0.590,0.006,-0.062,0.580,0.060,862.270
16.460,693.787,-42.589,108.970,0.360,-0.119,0.192,-0.250,0.180,862.880
16.480,693.378,-43.150,110.150,-1.200,-0.091,0.246,-0.510,0.210,863.490
16.500,692.971,-43.705,109.100,-1.490,0.031,-0.121,0.030,-0.040,864.100
16.520,692.548,-44.282,113.990,-2.120,0.052,0.261,0.050,-0.190,864.730
16.540,692.136,-44.845,110.800,0.720,-0.046,-0.079,-0.540,0.180,865.340
16.560,691.714,-45.418,113.290,-0.550,-0.012,0.255,-0.090,0.120,865.970
16.580,691.295,-45.990,112.740,2.930,0.015,-0.011,0.200,-0.240,866.600
16.600,690.881,-46.555,111.340,-0.990,0.035,-0.078,0.180,0.430,867.220
16.620,690.460,-47.128,113.200,-0.920,-0.101,0.282,0.250,0.090,867.850
16.640,690.034,-47.708,114.770,-0.570,-0.044,0.237,0.150,0.220,868.490
16.660,689.611,-48.283,113.700,0.240,-0.017,0.003,-0.250,0.420,869.120
16.680,689.179,-48.869,116.160,-0.470,0.035,0.239,-0.260,0.010,869.760
16.700,688.747,-49.455,116.300,0.610,0.125,0.225,-0.600,0.100,870.410
16.720,688.314,-50.042,116.530,-0.980,-0.011,0.271,0.890,0.240,871.060
16.740,687.887,-50.622,114.850,-1.380,-0.070,-0.063,0.010,-0.220,871.690
16.760,687.462,-51.200,114.310,-1.800,0.020,-0.075,-0.110,0.020,872.330
16.780,687.034,-51.782,115.400,-2.220,0.066,0.236,-0.460,0.040,872.970
16.800,686.599,-52.371,117.010,-0.520,0.005,0.249,1.470,-0.290,873.620
16.820,686.161,-52.964,117.920,-0.300,-0.045,0.290,-0.540,0.700,874.280
16.840,685.736,-53.542,114.230,-0.630,0.048,-0.108,-0.210,-0.420,874.910
16.860,685.298,-54.135,117.870,1.240,0.033,0.251,0.210,-0.390,875.560
16.880,684.858,-54.730,118.510,1.230,-0.051,0.269,0.300,0.390,876.220
16.900,684.419,-55.324,118.240,-0.330,0.019,-0.044,0.480,0.210,876.880
16.920,683.970,-55.930,120.990,-1.790,0.050,0.289,0.900,-0.310,877.550
16.940,683.524,-56.532,120.070,-0.570,0.059,-0.052,0.250,0.180,878.220
16.960,683.072,-57.141,121.790,-0.600,-0.003,0.244,-0.530,0.440,878.900
16.980,682.627,-57.743,119.890,-0.660,-0.018,-0.032,-0.130,-0.010,879.560
17.000,682.174,-58.353,122.010,-0.700,0.061,0.253,0.150,0.780,880.240
17.020,681.716,-58.969,123.450,-0.650,-0.061,0.238,1.030,-0.520,880.930
17.040,681.258,-59.585,123.350,-0.390,0.022,-0.035,-0.700,0.210,881.610
17.060,680.812,-60.187,120.140,-0.640,-0.069,-0.070,0.600,0.350,882.280
17.080,680.360,-60.796,121.780,0.210,0.053,0.232,0.090,0.270,882.950
17.100,679.907,-61.407,122.040,0.360,-0.013,0.234,0.420,-0.060,883.630
17.120,679.448,-62.024,123.680,-0.910,0.063,0.291,-0.050,-0.090,884.320
17.140,678.987,-62.644,124.360,1.270,0.025,0.153,-0.420,0.130,885.010
17.160,678.532,-63.256,122.460,-0.980,-0.061,-0.038,0.380,0.240,885.690
17.180,678.071,-63.875,124.210,-1.620,0.071,0.251,0.330,0.180,886.380
17.200,677.620,-64.483,121.470,0.380,0.078,-0.100,0.490,0.310,887.060
17.220,677.149,-65.115,127.050,-0.820,0.044,0.259,-0.010,-0.310,887.760
17.240,676.687,-65.735,124.510,0.320,-0.038,-0.036,-0.300,-0.070,888.450
17.260,676.221,-66.361,125.750,-2.400,-0.015,0.268,-0.780,-0.280,889.150
17.280,675.755,-66.986,125.590,1.390,0.007,-0.130,0.410,-0.120,889.850
17.300,675.280,-67.622,128.170,0.670,-0.035,0.291,0.210,0.300,890.560
17.320,674.825,-68.235,122.580,-1.500,0.085,-0.072,-0.480,0.030,891.240
17.340,674.353,-68.867,127.200,-1.480,0.007,0.271,-0.270,0.780,891.950
17.360,673.880,-69.500,127.460,1.670,-0.135,0.272,-0.230,0.060,892.660
17.380,673.408,-70.133,127.330,-0.740,0.017,-0.076,-0.740,0.020,893.370
17.400,672.923,-70.781,130.980,-0.830,-0.017,0.270,-0.410,0.030,894.090
17.420,672.450,-71.414,127.450,-2.270,-0.004,-0.062,-0.570,-0.190,894.800
17.440,671.967,-72.059,130.330,-0.350,-0.018,0.188,-0.210,-0.020,895.520
17.460,671.485,-72.703,130.100,-0.230,0.040,-0.015,-0.370,0.340,896.250
17.480,670.996,-73.354,131.840,0.720,0.056,0.227,-0.810,0.030,896.980
17.500,670.517,-73.995,129.340,-1.400,0.014,-0.076,1.010,-0.240,897.700
17.520,670.036,-74.638,129.630,-1.520,-0.017,0.238,0.630,-0.280,898.420
17.540,669.544,-75.293,132.770,0.450,-0.002,0.258,-0.390,-0.140,899.160
17.560,669.055,-75.946,132.150,1.010,0.001,-0.052,0.140,0.020,899.890
17.580,668.574,-76.588,129.580,-1.570,-0.040,-0.034,0.210,0.360,900.610
17.600,668.087,-77.238,131.480,1.080,0.029,0.210,0.600,-0.400,901.340
17.620,667.593,-77.895,133.260,0.040,0.023,0.228,-0.410,-0.100,902.080
17.640,667.096,-78.557,134.320,1.090,0.077,0.247,0.550,0.040,902.830
17.660,666.605,-79.211,132.440,-0.070,0.063,0.007,-0.270,-0.550,903.560
17.680,666.125,-79.853,129.480,-2.520,-0.034,-0.053,-0.670,-0.250,904.280
17.700,665.625,-80.518,135.020,-0.150,0.041,0.283,0.360,-0.200,905.030
17.720,665.133,-81.173,132.800,1.060,-0.048,-0.049,0.650,-0.240,905.770
17.740,664.644,-81.825,131.990,-0.890,0.035,-0.065,1.290,0.060,906.500
17.760,664.158,-82.474,131.160,-0.390,-0.026,-0.057,-0.600,-0.050,907.230
17.780,663.650,-83.147,137.020,-0.180,-0.051,0.245,0.350,-0.170,907.990
17.800,663.145,-83.818,136.380,-2.900,0.014,-0.032,-0.200,0.130,908.750
17.820,662.641,-84.488,136.230,1.670,-0.134,-0.009,0.390,0.520,909.510
17.840,662.126,-85.169,139.050,-0.900,-0.088,0.261,-0.740,0.490,910.280
17.860,661.614,-85.848,138.310,0.510,-0.009,-0.014,-0.630,-0.580,911.050
17.880,661.095,-86.535,140.170,-0.090,0.004,0.221,-0.390,0.170,911.830
17.900,660.591,-87.204,136.040,1.260,-0.018,-0.062,0.040,-0.050,912.580
17.920,660.079,-87.883,138.470,0.410,-0.079,0.228,-0.320,0.050,913.350
17.940,659.573,-88.554,136.480,-0.230,-0.041,-0.041,0.330,-0.120,914.110
17.960,659.059,-89.236,138.960,-0.890,0.020,0.239,0.510,0.040,914.880
17.980,658.543,-89.919,139.320,0.800,0.029,0.272,0.300,0.050,915.660
18.000,658.021,-90.609,141.020,-1.870,-0.001,0.222,0.810,-0.170,916.440
18.020,657.501,-91.297,140.540,0.650,0.058,-0.049,0.210,-0.270,917.220
18.040,656.976,-91.990,141.790,-1.100,0.020,0.271,-0.610,-0.130,918.010
18.060,656.450,-92.686,142.300,1.250,-0.037,0.188,0.680,0.070,918.800
18.080,655.914,-93.392,144.870,0.160,-0.014,0.314,-0.300,0.180,919.600
18.100,655.390,-94.084,141.550,0.640,-0.070,-0.058,0.460,0.260,920.390
18.120,654.868,-94.774,141.000,0.080,-0.005,-0.111,0.790,-0.150,921.170
18.140,654.339,-95.473,143.170,-1.750,0.056,0.255,0.230,0.090,921.970
18.160,653.813,-96.167,141.990,-0.860,0.034,-0.049,-0.750,0.290,922.760
18.180,653.274,-96.878,145.810,0.670,0.070,0.248,-0.460,0.350,923.570
18.200,652.743,-97.578,143.550,0.170,-0.015,-0.020,0.660,-0.020,924.370
18.220,652.212,-98.279,143.510,1.180,0.067,-0.028,-0.080,-0.070,925.160
18.240,651.679,-98.982,144.040,0.400,-0.010,0.259,0.040,0.060,925.960
18.260,651.138,-99.694,146.220,-0.970,0.074,0.264,0.380,-0.340,926.780
18.280,650.601,-100.402,145.290,-0.800,-0.001,-0.053,0.350,-0.060,927.580
18.300,650.064,-101.108,144.960,0.100,0.035,0.003,0.140,0.220,928.390
18.320,649.514,-101.831,148.810,-2.310,0.074,0.206,-0.100,0.190,929.210
18.340,648.976,-102.540,145.410,1.670,-0.010,-0.046,-0.160,-0.080,930.020
18.360,648.432,-103.256,147.140,0.440,0.011,0.252,0.430,0.070,930.840
18.380,647.883,-103.977,148.460,1.230,0.064,0.274,0.280,-0.250,931.660
18.400,647.346,-104.686,145.420,-1.580,-0.007,-0.075,-0.130,0.210,932.470
18.420,646.795,-105.409,148.980,1.240,-0.066,0.198,0.540,-0.020,933.300
18.440,646.251,-106.125,147.060,2.230,0.107,-0.045,-0.060,-0.080,934.120
18.460,645.695,-106.854,150.270,-1.320,-0.023,0.258,-0.430,-0.110,934.950
18.480,645.148,-107.573,147.980,0.770,0.008,-0.005,-0.380,-0.020,935.770
18.500,644.591,-108.304,150.850,0.000,0.058,0.212,-0.490,-0.130,936.610
18.520,644.029,-109.040,151.860,-1.540,-0.030,0.285,-0.140,0.200,937.460
18.540,643.468,-109.776,151.890,0.490,-0.050,0.321,0.620,-0.120,938.300
18.560,642.909,-110.509,151.360,0.830,0.013,-0.061,-0.400,0.480,939.140
18.580,642.350,-111.242,151.020,-0.600,-0.090,-0.089,0.090,0.440,939.980
18.600,641.793,-111.973,150.900,1.170,-0.014,-0.062,-0.330,-0.270,940.820
18.620,641.222,-112.719,154.360,-1.670,0.012,0.250,-0.130,0.020,941.680
18.640,640.662,-113.454,151.490,-1.490,-0.013,-0.033,-0.760,-0.200,942.520
18.660,640.103,-114.187,151.370,0.140,-0.077,-0.068,-0.110,-0.100,943.360
18.680,639.533,-114.933,154.320,0.030,0.080,0.297,-0.100,0.600,944.220
18.700,638.969,-115.672,152.510,-0.720,0.005,-0.083,0.270,-0.090,945.060
18.720,638.405,-116.411,152.670,0.810,0.072,0.198,0.110,0.110,945.910
18.740,637.842,-117.148,152.320,0.530,-0.013,-0.017,-0.600,0.160,946.760
18.760,637.272,-117.894,154.150,0.860,-0.044,0.182,0.540,-0.300,947.610
18.780,636.699,-118.643,155.140,-0.120,0.013,0.244,0.110,-0.260,948.480
18.800,636.123,-119.396,156.020,0.600,-0.011,0.344,0.100,-0.360,949.340
18.820,635.541,-120.156,157.470,-0.450,-0.059,0.250,-0.000,-0.270,950.220
18.840,634.960,-120.914,157.230,2.050,0.073,-0.084,-0.260,-0.860,951.090
18.860,634.382,-121.669,156.540,-0.810,-0.031,-0.052,0.110,0.160,951.960
18.880,633.802,-122.426,156.920,2.110,-0.092,0.248,0.240,0.620,952.830
18.900,633.218,-123.189,158.370,0.030,0.066,0.255,-0.870,0.040,953.710
18.920,632.627,-123.959,159.900,-1.380,-0.025,0.270,-0.270,-0.420,954.600
18.940,632.041,-124.722,158.570,1.370,-0.030,-0.081,-0.130,-0.190,955.480
18.960,631.458,-125.484,158.070,0.130,-0.088,0.001,0.130,-0.140,956.360
18.980,630.875,-126.244,157.670,0.850,0.087,-0.043,0.600,-0.310,957.240
19.000,630.294,-127.003,157.380,1.220,-0.064,-0.028,-0.390,0.260,958.110
19.020,629.700,-127.777,160.940,0.340,0.003,0.231,-0.250,0.240,959.000
19.040,629.105,-128.552,161.200,-0.590,0.046,0.289,-0.260,-0.350,959.900
19.060,628.508,-129.328,161.580,0.980,0.021,0.242,-0.400,0.220,960.800
19.080,627.914,-130.102,160.910,0.000,-0.003,-0.042,-0.170,0.460,961.690
19.100,627.310,-130.887,163.610,0.690,-0.085,0.222,0.390,0.570,962.600
19.120,626.715,-131.662,161.160,-2.150,-0.040,-0.080,-0.530,0.860,963.500
19.140,626.111,-132.448,163.710,0.450,0.009,0.271,0.210,-0.270,964.400
19.160,625.510,-133.228,162.610,-0.640,-0.039,-0.063,-0.850,0.850,965.310
19.180,624.912,-134.007,162.140,1.650,0.010,-0.076,-0.280,-0.110,966.210
19.200,624.305,-134.795,164.330,0.620,0.034,0.231,-0.160,-0.180,967.120
19.220,623.698,-135.584,164.450,0.240,0.048,0.271,0.840,0.100,968.040
19.240,623.090,-136.374,164.760,0.490,-0.061,0.231,-0.140,-0.170,968.950
19.260,622.482,-137.164,164.730,-1.000,0.110,-0.054,-1.100,0.120,969.870
19.280,621.873,-137.954,164.950,1.620,0.038,0.250,-1.000,-0.400,970.780
19.300,621.250,-138.762,168.970,1.990,-0.000,0.192,0.020,-0.070,971.720
19.320,620.632,-139.564,167.560,0.390,0.054,-0.094,0.310,0.390,972.650
19.340,620.014,-140.364,167.250,1.590,0.118,-0.040,0.190,-0.020,973.580
19.360,619.399,-141.162,166.730,-0.570,-0.072,-0.072,0.080,0.040,974.510
19.380,618.778,-141.968,168.460,-0.800,-0.011,0.282,0.580,0.140,975.440
19.400,618.157,-142.772,168.120,0.040,-0.119,-0.021,-0.270,0.350,976.380
19.420,617.538,-143.574,167.770,0.430,0.010,-0.028,0.450,-0.500,977.310
19.440,616.920,-144.376,167.660,-0.390,0.018,0.005,-0.820,0.180,978.240
19.460,616.298,-145.182,168.390,0.540,-0.002,0.248,-0.450,-0.080,979.180
19.480,615.692,-145.969,164.140,0.310,-0.033,-0.031,-0.900,0.050,980.090
19.500,615.067,-146.779,169.600,-1.000,-0.102,0.232,-0.140,0.320,981.030
19.520,614.443,-147.587,168.940,0.520,0.019,0.024,-0.020,-0.360,981.970
19.540,613.807,-148.409,172.450,0.860,0.073,0.310,0.060,-0.300,982.930
19.560,613.179,-149.223,170.480,0.170,-0.030,-0.050,0.030,-0.580,983.870
19.580,612.555,-150.031,169.060,1.150,0.022,-0.038,-0.460,-0.160,984.810
19.600,611.923,-150.848,171.160,-1.220,-0.078,0.291,-0.100,0.400,985.760
19.620,611.296,-151.660,170.050,0.470,0.023,-0.054,-0.750,-0.040,986.710
19.640,610.659,-152.483,172.720,-1.170,-0.020,0.230,0.680,-0.400,987.670
19.660,610.022,-153.307,172.840,-1.110,-0.038,0.276,-0.150,-0.150,988.630
19.680,609.379,-154.137,174.230,-0.630,-0.038,0.252,-0.240,-0.450,989.600
19.700,608.745,-154.957,171.990,-0.940,-0.020,-0.045,0.790,-0.340,990.550
19.720,608.104,-155.784,173.620,-0.550,0.019,0.225,-0.620,0.120,991.520
19.740,607.470,-156.604,171.910,-0.210,-0.066,-0.102,-0.560,-0.350,992.470
19.760,606.824,-157.439,175.400,0.840,-0.020,0.257,-0.550,0.330,993.450
19.780,606.176,-158.274,175.520,-0.320,-0.002,0.277,-0.030,-0.020,994.420
19.800,605.528,-159.111,175.870,-1.590,-0.055,0.243,0.220,0.030,995.400
19.820,604.881,-159.946,175.520,1.140,0.090,-0.007,0.370,-0.080,996.370
19.840,604.230,-160.785,176.530,-0.840,-0.043,0.229,1.290,0.230,997.350
19.860,603.571,-161.634,178.700,-0.060,-0.033,0.218,-1.120,0.230,998.350
19.880,602.921,-162.472,176.260,0.450,-0.049,-0.052,0.300,0.100,999.330
19.900,602.268,-163.315,177.280,0.200,0.090,0.248,-0.280,0.170,1000.310
19.920,601.619,-164.151,175.840,1.090,0.028,-0.027,-0.290,-0.060,1001.290
19.940,600.969,-164.990,176.550,0.480,-0.047,0.227,-0.310,0.160,1002.270
19.960,600.311,-165.838,178.390,-0.860,0.055,0.291,-0.450,-0.100,1003.260
19.980,599.646,-166.693,180.290,2.180,0.010,0.309,0.840,0.000,1004.260
20.000,598.988,-167.541,178.640,0.190,0.013,-0.051,0.420,-0.080,1005.250
20.020,598.328,-168.391,179.060,-0.150,-0.017,0.287,0.010,-0.140,1006.250
20.040,597.667,-169.242,179.190,0.960,-0.037,0.218,0.680,-0.210,1007.240
20.060,597.006,-170.093,179.390,0.250,0.017,0.282,-0.760,0.140,1008.240
20.080,596.339,-170.951,181.020,0.400,-0.027,0.281,-0.670,0.390,1009.250
20.100,595.680,-171.800,178.720,2.490,0.091,-0.024,-1.090,0.350,1010.240
20.120,595.005,-172.668,183.280,-0.280,-0.063,0.250,-0.350,-0.380,1011.260
20.140,594.339,-173.525,180.750,-0.320,0.077,-0.139,0.080,0.390,1012.260
20.160,593.664,-174.392,183.220,0.120,-0.006,0.231,0.050,-0.100,1013.280
20.180,592.998,-175.249,180.620,1.070,0.015,-0.069,0.070,0.180,1014.280
20.200,592.320,-176.120,183.920,-1.510,0.042,0.221,-0.710,-0.270,1015.310
20.220,591.641,-176.992,184.310,-1.970,-0.032,0.254,0.400,0.040,1016.330
20.240,590.962,-177.864,184.270,-0.590,0.043,-0.063,0.120,0.090,1017.350
20.260,590.289,-178.729,182.590,-1.630,-0.135,-0.075,0.370,-0.450,1018.370
20.280,589.608,-179.603,184.850,-0.420,-0.036,0.218,-0.950,0.180,1019.390
20.300,588.933,-180.470,183.090,0.500,-0.046,-0.071,0.160,0.400,1020.410
20.320,588.252,-181.344,184.870,-0.890,-0.063,0.284,-0.590,-0.050,1021.440
20.340,587.563,-182.229,187.190,-1.430,-0.011,0.230,-0.200,0.410,1022.480
20.360,586.873,-183.113,187.230,0.070,0.019,0.235,0.270,-0.060,1023.520
20.380,586.186,-183.994,186.440,0.860,0.035,-0.064,0.050,0.250,1024.550
20.400,585.503,-184.870,185.350,-1.690,0.012,-0.040,-0.430,-0.670,1025.580
20.420,584.810,-185.759,188.170,0.820,-0.033,0.264,0.000,0.730,1026.630
20.440,584.119,-186.645,187.620,0.820,0.018,-0.141,-0.770,0.450,1027.670
20.460,583.439,-187.518,184.500,0.950,0.006,-0.019,0.580,-0.090,1028.700
20.480,582.741,-188.412,189.540,1.220,0.047,0.293,-0.100,-0.590,1029.750
20.500,582.046,-189.302,188.720,2.200,0.039,-0.082,0.560,0.090,1030.800
20.520,581.343,-190.202,190.950,-0.360,0.002,0.221,-0.260,-0.430,1031.860
20.540,580.651,-191.090,187.890,0.110,-0.045,-0.064,-0.260,0.130,1032.900
20.560,579.969,-191.965,185.160,-0.420,-0.033,-0.073,-0.380,0.120,1033.930
20.580,579.266,-192.864,190.730,0.000,-0.027,0.257,0.440,-0.280,1034.990
20.600,578.562,-193.765,191.140,1.530,-0.016,0.192,-0.350,0.340,1036.050
20.620,577.868,-194.655,188.560,-1.350,0.013,-0.084,0.320,0.240,1037.100
20.640,577.168,-195.551,190.020,-0.860,0.036,0.296,-0.190,0.290,1038.160
20.660,576.446,-196.473,196.010,1.380,-0.003,0.222,-0.990,0.000,1039.250
20.680,575.740,-197.376,191.800,1.020,0.001,-0.013,-0.290,-0.420,1040.310
20.700,575.027,-198.288,193.750,-0.360,0.007,0.261,-0.590,0.290,1041.390
20.720,574.319,-199.193,192.070,0.850,-0.026,-0.104,0.020,-0.080,1042.450
20.740,573.618,-200.090,190.300,0.340,-0.046,-0.031,-0.600,-0.420,1043.510
20.760,572.906,-201.001,193.570,1.500,-0.088,0.246,0.460,0.410,1044.590
20.780,572.192,-201.913,193.810,0.070,-0.035,0.236,-0.050,0.630,1045.660
20.800,571.478,-202.826,194.000,1.030,0.024,0.257,-0.090,-0.010,1046.740
20.820,570.761,-203.742,194.820,2.640,-0.035,0.264,0.330,0.650,1047.820
20.840,570.040,-204.663,195.780,0.600,-0.012,0.271,0.480,0.030,1048.910
20.860,569.320,-205.582,195.540,0.050,0.023,-0.015,-0.010,-0.110,1050.000
20.880,568.605,-206.496,194.260,0.720,0.026,-0.038,-0.390,-0.190,1051.080
20.900,567.879,-207.422,197.280,-0.370,-0.054,0.209,-0.890,0.490,1052.170
20.920,567.164,-208.335,194.010,2.390,0.050,-0.064,-0.340,-0.230,1053.250
20.940,566.449,-209.249,194.250,0.180,0.056,0.338,-0.310,0.220,1054.330
20.960,565.717,-210.182,198.820,-0.270,-0.056,0.272,0.050,-0.170,1055.430
20.980,564.985,-211.116,198.870,-0.840,-0.041,0.321,-0.170,-0.140,1056.540
21.000,564.255,-212.047,198.410,1.100,0.060,-0.008,0.340,0.310,1057.640
21.020,563.531,-212.972,196.790,0.870,-0.007,-0.043,-0.310,-0.110,1058.730
21.040,562.801,-213.902,198.210,-0.500,-0.111,0.259,-0.030,-0.120,1059.840
21.060,562.068,-214.837,199.270,0.580,-0.070,0.249,0.590,0.340,1060.940
21.080,561.340,-215.765,197.660,-1.510,-0.012,-0.102,0.170,0.480,1062.040
21.100,560.606,-216.701,199.330,0.180,-0.058,0.251,-0.030,0.190,1063.150
21.120,559.864,-217.646,201.810,0.450,-0.021,0.286,-0.300,-0.200,1064.270
21.140,559.115,-218.599,203.360,1.710,0.002,0.232,-0.320,-0.150,1065.400
21.160,558.376,-219.541,200.980,-0.770,0.073,-0.038,-0.430,0.020,1066.520
21.180,557.628,-220.492,203.130,-1.280,-0.015,0.276,-0.270,0.100,1067.640
21.200,556.894,-221.428,199.520,-0.900,0.054,-0.077,0.380,-0.300,1068.750
21.220,556.144,-222.382,203.770,-1.340,0.071,0.236,-0.110,0.220,1069.890
21.240,555.401,-223.328,201.960,1.340,0.072,-0.081,-0.670,0.030,1071.010
21.260,554.650,-224.283,204.020,1.550,0.014,0.225,0.880,-0.510,1072.140
21.280,553.901,-225.236,203.570,0.320,-0.098,-0.089,0.160,-0.280,1073.270
21.300,553.142,-226.201,206.320,1.220,0.023,0.223,-0.700,-0.150,1074.420
21.320,552.394,-227.153,203.410,0.130,0.052,-0.007,-0.220,-0.020,1075.550
21.340,551.636,-228.117,206.060,-0.100,-0.004,0.223,0.060,0.570,1076.690
21.360,550.881,-229.076,205.090,-0.330,0.087,-0.046,0.850,0.070,1077.830
21.380,550.125,-230.038,205.660,-0.310,0.043,0.235,-0.550,-0.250,1078.970
21.400,549.367,-231.002,206.010,-1.550,0.028,0.285,0.490,0.070,1080.120
21.420,548.611,-231.962,205.400,0.260,0.054,-0.011,0.700,-0.110,1081.260
21.440,547.849,-232.930,207.040,-0.040,0.017,0.276,-0.310,0.100,1082.410
21.460,547.087,-233.899,207.360,0.750,-0.125,0.259,-0.140,0.170,1083.560
21.480,546.321,-234.872,208.200,0.090,-0.025,0.243,-0.520,0.360,1084.720
21.500,545.554,-235.845,208.360,-0.160,0.060,0.214,-0.100,-0.010,1085.880
21.520,544.782,-236.824,209.820,-0.870,-0.040,0.308,-0.020,0.490,1087.040
21.540,544.009,-237.806,210.390,0.070,-0.011,0.227,0.330,0.270,1088.210
21.560,543.244,-238.777,207.820,0.740,-0.052,-0.030,0.550,-0.210,1089.370
21.580,542.468,-239.762,211.090,-1.140,0.089,0.282,-0.370,0.660,1090.540
21.600,541.701,-240.735,208.400,0.090,0.084,-0.067,-0.980,0.100,1091.700
21.620,540.924,-241.721,211.450,0.230,-0.044,0.281,-0.010,-0.250,1092.870
21.640,540.144,-242.709,211.890,-0.720,0.007,0.273,0.150,0.500,1094.050
21.660,539.378,-243.683,208.480,-0.590,-0.034,0.002,0.120,0.620,1095.210
21.680,538.598,-244.671,211.870,0.230,0.031,0.236,-0.160,-0.010,1096.380
21.700,537.821,-245.657,211.420,-1.130,0.025,-0.089,0.060,-0.150,1097.560
21.720,537.043,-246.643,211.380,0.350,0.041,-0.065,0.760,-0.050,1098.730
21.740,536.253,-247.644,214.930,-0.900,0.017,0.256,0.190,0.210,1099.930
21.760,535.472,-248.634,212.310,1.060,0.147,-0.048,-0.190,0.380,1101.110
21.780,534.691,-249.624,212.470,2.340,-0.051,0.238,-0.250,0.170,1102.290
21.800,533.903,-250.622,214.190,-0.860,-0.086,0.193,-0.080,0.030,1103.480
21.820,533.111,-251.625,215.490,0.530,-0.020,0.264,0.820,0.450,1104.670
21.840,532.322,-252.625,214.640,-0.730,-0.078,0.009,-0.090,-0.090,1105.870
21.860,531.524,-253.634,216.990,1.040,-0.075,0.264,-0.010,0.310,1107.070
21.880,530.728,-254.641,216.430,-1.270,-0.050,-0.032,-0.240,-0.090,1108.270
21.900,529.946,-255.633,212.750,0.480,-0.046,-0.033,0.550,0.130,1109.460
21.920,529.153,-256.637,215.610,-0.870,-0.048,0.262,0.980,-0.030,1110.650
21.940,528.359,-257.642,215.960,-0.210,0.026,0.278,0.230,-0.020,1111.850
21.960,527.558,-258.655,217.910,-1.030,-0.025,0.262,0.040,-0.110,1113.060
21.980,526.772,-259.651,213.640,0.820,-0.009,-0.059,0.020,0.400,1114.250
22.000,525.957,-260.680,221.790,-0.840,0.045,0.226,-1.190,-0.220,1115.480
22.020,525.152,-261.699,219.150,0.550,-0.038,-0.057,0.370,-0.220,1116.700
22.040,524.347,-262.717,218.970,-0.340,-0.013,-0.041,0.070,0.640,1117.920
22.060,523.535,-263.743,220.910,-0.110,0.018,0.241,0.210,0.290,1119.140
22.080,522.715,-264.778,223.040,0.150,-0.097,0.259,-0.360,-0.720,1120.380
22.100,521.902,-265.805,221.220,-0.760,-0.119,-0.037,-0.190,-0.170,1121.610
22.120,521.087,-266.834,221.730,0.210,0.017,0.275,-0.210,-0.540,1122.840
22.140,520.275,-267.860,220.890,1.530,0.025,-0.012,0.510,-0.290,1124.070
22.160,519.463,-268.886,220.870,-0.780,0.103,-0.048,-0.190,-0.940,1125.300
22.180,518.651,-269.911,220.760,1.170,0.008,-0.089,1.040,-0.040,1126.520
22.200,517.841,-270.936,220.620,1.500,0.041,-0.060,0.220,-0.340,1127.750
22.220,517.027,-271.964,221.220,-0.820,-0.010,0.251,-0.640,0.020,1128.980
22.240,516.216,-272.988,220.610,-1.460,0.015,-0.105,-0.060,-0.490,1130.200
22.260,515.397,-274.023,222.920,0.300,0.083,0.292,-0.330,0.020,1131.440
22.280,514.585,-275.049,220.890,-0.550,-0.106,-0.046,-1.100,-0.120,1132.670
22.300,513.762,-276.088,224.090,1.870,0.021,0.261,0.800,0.450,1133.920
22.320,512.938,-277.128,224.140,0.030,0.107,0.291,0.350,0.420,1135.160
22.340,512.112,-278.170,224.810,-0.800,0.014,0.231,0.270,0.240,1136.410
22.360,511.288,-279.210,224.190,-1.150,0.083,-0.033,0.080,-0.100,1137.650
22.380,510.443,-280.274,229.980,1.090,-0.031,0.247,-0.690,0.600,1138.930
22.400,509.606,-281.329,227.800,-0.570,-0.002,-0.056,-0.240,-0.470,1140.200
22.420,508.782,-282.369,224.280,0.040,0.002,-0.073,0.420,-0.420,1141.440
22.440,507.948,-283.420,226.880,0.960,-0.111,0.300,-0.530,-0.030,1142.700
22.460,507.117,-284.467,226.010,-0.480,-0.058,-0.061,-1.270,0.680,1143.960
22.480,506.288,-285.514,225.790,-0.050,-0.055,-0.029,-0.110,-0.060,1145.210
22.500,505.458,-286.560,225.690,-0.020,0.041,-0.106,-0.070,-0.050,1146.470
22.520,504.618,-287.619,228.740,0.680,0.044,0.285,0.070,-0.430,1147.740
22.540,503.782,-288.672,227.460,0.590,0.016,-0.018,0.360,0.280,1149.000
22.560,502.936,-289.738,230.320,-0.220,0.041,0.253,0.320,0.290,1150.280
22.580,502.088,-290.805,230.750,0.060,-0.008,0.243,0.130,0.240,1151.560
22.600,501.237,-291.877,231.710,-0.370,0.060,0.262,0.600,-0.190,1152.850
22.620,500.396,-292.936,228.760,-1.480,0.000,0.019,-0.760,-0.210,1154.120
22.640,499.547,-294.005,231.140,0.260,0.003,0.197,0.250,-0.390,1155.410
22.660,498.696,-295.076,231.770,1.890,-0.013,0.273,0.310,0.030,1156.690
22.680,497.849,-296.143,230.500,-0.880,0.034,-0.077,-0.620,-0.320,1157.970
22.700,497.002,-297.209,230.440,-0.770,-0.021,-0.051,-0.750,-0.350,1159.260
22.720,496.141,-298.291,234.400,-0.870,0.049,0.243,-0.370,-0.130,1160.560
22.740,495.286,-299.367,232.720,0.720,-0.057,-0.063,-0.330,-0.150,1161.850
22.760,494.428,-300.447,233.720,0.450,-0.055,0.250,0.380,-0.160,1163.150
22.780,493.576,-301.519,231.920,-0.160,0.034,-0.084,-0.310,0.140,1164.440
22.800,492.725,-302.591,231.720,-0.920,-0.004,-0.019,-0.430,0.020,1165.720
22.820,491.868,-303.668,233.080,0.090,-0.023,0.196,-0.310,-0.090,1167.020
22.840,491.008,-304.749,234.140,-1.560,0.045,0.266,0.560,0.050,1168.320
22.860,490.152,-305.827,233.120,0.140,-0.030,-0.060,0.010,-0.300,1169.620
22.880,489.289,-306.912,235.090,0.870,-0.010,0.215,-0.090,0.030,1170.920
22.900,488.433,-307.989,232.960,-1.250,0.070,-0.044,-0.060,0.050,1172.220
22.920,487.573,-309.071,234.200,-1.530,0.077,0.203,0.650,-0.450,1173.520
22.940,486.701,-310.166,237.280,1.580,0.079,0.251,-0.370,0.300,1174.830
22.960,485.829,-311.262,237.570,-0.610,-0.014,0.207,0.660,-0.260,1176.150
22.980,484.960,-312.353,236.460,1.140,0.062,-0.036,0.110,0.030,1177.470
23.000,484.094,-313.442,235.910,-0.150,-0.047,-0.078,-0.080,0.350,1178.780
23.020,483.226,-314.533,236.290,-0.160,-0.045,0.236,1.250,0.280,1180.090
23.040,482.353,-315.629,237.660,0.440,-0.118,0.259,-0.530,0.010,1181.410
23.060,481.473,-316.734,239.570,-0.880,0.084,0.227,-0.180,-0.110,1182.740
23.080,480.590,-317.841,240.390,0.130,-0.043,0.248,-0.620,0.280,1184.080
23.100,479.714,-318.942,238.640,-0.380,-0.006,-0.095,0.480,0.200,1185.400
23.120,478.840,-320.040,238.040,-1.320,-0.046,-0.031,0.840,-0.190,1186.730
23.140,477.956,-321.149,240.570,0.340,0.035,0.303,0.830,-0.240,1188.060
23.160,477.078,-322.252,239.320,-0.260,-0.019,0.034,0.610,-0.620,1189.390
23.180,476.196,-323.359,240.170,-0.160,-0.065,0.253,-0.100,0.050,1190.730
23.200,475.302,-324.479,243.320,-1.210,0.022,0.274,-0.180,-0.020,1192.080
23.220,474.410,-325.598,242.960,1.590,-0.072,-0.103,-0.840,0.340,1193.430
23.240,473.520,-326.714,242.350,0.880,-0.042,-0.005,1.020,0.110,1194.770
23.260,472.637,-327.823,240.590,0.960,-0.105,-0.027,0.230,0.400,1196.110
23.280,471.744,-328.943,243.210,-0.310,-0.071,0.235,-0.250,-0.210,1197.460
23.300,470.845,-330.069,244.870,-1.730,0.009,0.287,0.660,0.340,1198.820
23.320,469.952,-331.189,243.110,1.950,-0.098,-0.058,-0.490,-0.160,1200.170
23.340,469.049,-332.320,246.090,-0.060,-0.074,0.236,0.200,0.230,1201.540
23.360,468.144,-333.454,246.390,-0.750,-0.000,0.264,-0.090,-0.440,1202.910
23.380,467.236,-334.591,247.330,0.420,-0.027,0.218,0.320,0.070,1204.280
23.400,466.334,-335.721,245.690,1.170,0.100,-0.019,-0.030,-0.600,1205.650
23.420,465.429,-336.854,246.500,-0.020,0.092,0.218,-0.730,-0.080,1207.020
23.440,464.519,-337.995,248.130,1.280,-0.043,0.218,0.040,0.130,1208.400
23.460,463.612,-339.131,247.070,1.080,0.028,-0.077,0.520,-0.160,1209.770
23.480,462.708,-340.262,246.030,-1.080,0.037,-0.027,-0.010,-0.320,1211.140
23.500,461.803,-341.396,246.500,-0.670,-0.030,0.231,0.390,0.250,1212.510
23.520,460.893,-342.535,247.920,0.960,-0.075,0.210,-0.520,-0.030,1213.880
23.540,459.990,-343.667,246.020,-2.710,-0.001,-0.068,-0.010,-0.150,1215.250
23.560,459.079,-344.807,248.130,-0.150,-0.009,0.249,-0.310,0.010,1216.630
23.580,458.160,-345.957,250.380,-1.430,-0.022,0.215,0.370,0.790,1218.020
23.600,457.258,-347.088,245.830,-0.480,0.022,-0.085,0.020,0.350,1219.380
23.620,456.333,-348.244,251.810,-0.300,-0.038,0.313,0.350,0.350,1220.780
23.640,455.410,-349.399,251.580,-0.360,-0.058,-0.076,0.540,0.130,1222.180
23.660,454.494,-350.546,249.600,-0.550,0.005,-0.060,0.350,0.050,1223.570
23.680,453.571,-351.700,251.490,-1.100,0.019,0.239,0.140,-0.720,1224.970
23.700,452.649,-352.853,251.070,2.290,-0.059,-0.063,-0.500,-0.200,1226.360
23.720,451.720,-354.015,253.300,1.870,0.046,0.269,-0.000,-0.140,1227.770
23.740,450.790,-355.177,253.320,-1.160,-0.089,0.278,-0.270,-0.560,1229.170
23.760,449.872,-356.326,250.140,1.580,-0.029,-0.059,-0.170,-0.350,1230.560
23.780,448.941,-357.489,253.510,-0.400,-0.013,0.213,-0.190,-0.590,1231.970
23.800,448.014,-358.649,252.710,0.130,-0.032,-0.012,-0.490,-0.010,1233.380
23.820,447.083,-359.812,253.530,-0.060,-0.028,0.247,-0.980,0.250,1234.790
23.840,446.156,-360.972,252.700,-0.660,0.094,0.002,-0.330,0.330,1236.190
23.860,445.214,-362.149,256.810,0.980,-0.043,0.183,0.100,0.120,1237.620
23.880,444.274,-363.323,256.130,0.130,0.122,-0.044,-0.670,-0.290,1239.040
23.900,443.342,-364.487,253.850,-0.480,0.022,0.008,0.010,-0.580,1240.450
23.920,442.412,-365.650,253.350,-1.300,0.005,-0.061,0.950,-0.530,1241.860
23.940,441.476,-366.820,255.160,-0.890,0.024,0.243,0.510,-0.380,1243.270
23.960,440.534,-367.996,256.780,-1.640,0.126,0.259,0.820,-0.270,1244.700
23.980,439.591,-369.174,256.880,0.010,-0.050,0.233,0.200,-0.050,1246.130
24.000,438.641,-370.359,258.790,-1.200,-0.056,0.241,0.580,-0.300,1247.570
24.020,437.693,-371.543,258.480,-0.270,-0.038,-0.060,-0.360,0.100,1249.000
24.040,436.742,-372.730,259.140,1.370,0.002,0.231,-0.320,-0.070,1250.440
24.060,435.793,-373.914,258.570,1.200,-0.086,-0.013,-1.370,0.000,1251.880
24.080,434.852,-375.089,256.380,-0.030,0.001,-0.036,0.590,0.340,1253.300
24.100,433.904,-376.273,258.560,-0.090,0.085,0.258,0.770,-0.350,1254.740
24.120,432.947,-377.467,260.840,1.880,0.008,0.274,-0.280,0.130,1256.190
24.140,431.994,-378.656,259.560,0.520,-0.015,-0.058,-0.130,-0.000,1257.630
24.160,431.038,-379.849,260.780,-0.330,-0.031,0.227,-0.380,-0.100,1259.080
24.180,430.084,-381.039,259.940,-1.430,0.045,-0.068,0.190,0.270,1260.520
24.200,429.133,-382.227,259.260,0.390,-0.041,-0.050,0.560,0.260,1261.960
24.220,428.175,-383.421,261.010,0.830,0.092,0.218,-0.870,-0.280,1263.410
24.240,427.214,-384.620,262.050,-0.630,0.097,0.235,0.200,-0.050,1264.870
24.260,426.256,-385.815,260.990,0.290,0.013,-0.065,-0.140,0.080,1266.320
24.280,425.295,-387.014,262.010,-0.360,-0.001,0.314,0.060,-0.080,1267.770
24.300,424.336,-388.210,261.340,-0.180,0.052,-0.133,0.230,0.180,1269.230
24.320,423.364,-389.420,264.820,-2.490,0.055,0.245,-0.090,0.080,1270.700
24.340,422.399,-390.623,263.090,-0.220,-0.040,0.002,-0.050,0.550,1272.160
24.360,421.423,-391.839,266.100,0.970,-0.026,0.254,-0.110,-0.460,1273.640
24.380,420.445,-393.058,266.600,-0.630,-0.066,0.273,0.490,-0.040,1275.120
24.400,419.475,-394.267,264.580,0.050,0.020,-0.047,0.210,-0.270,1276.590
24.420,418.508,-395.473,263.580,-0.760,0.033,-0.070,0.110,0.180,1278.050
24.440,417.545,-396.673,262.350,0.360,-0.067,-0.117,-0.640,-0.490,1279.510
24.460,416.578,-397.878,263.660,-0.220,-0.023,0.256,-0.190,0.100,1280.970
24.480,415.609,-399.086,264.200,-0.940,-0.067,0.227,0.450,-0.190,1282.440
24.500,414.623,-400.313,268.710,1.330,-0.045,0.226,0.020,-0.220,1283.940
24.520,413.643,-401.534,267.210,0.930,0.028,-0.065,0.330,-0.430,1285.420
24.540,412.660,-402.758,268.010,-0.600,-0.037,0.302,0.880,-0.140,1286.910
24.560,411.690,-403.967,264.480,0.500,-0.015,0.022,0.520,0.330,1288.380
24.580,410.713,-405.185,266.410,0.540,-0.081,0.257,0.050,-0.010,1289.860
24.600,409.723,-406.417,269.920,0.640,0.009,0.236,-0.260,0.190,1291.360
24.620,408.734,-407.647,269.410,-1.690,-0.002,-0.085,-1.280,0.500,1292.850
24.640,407.747,-408.875,269.150,1.010,-0.036,-0.036,-0.080,0.080,1294.350
24.660,406.755,-410.110,270.610,-0.570,-0.009,0.303,-0.160,-0.170,1295.850
24.680,405.755,-411.354,272.610,-0.360,0.009,0.243,0.200,0.140,1297.370
24.700,404.764,-412.587,270.210,2.640,-0.041,-0.121,-0.080,-0.160,1298.870
24.720,403.770,-413.824,271.030,0.300,-0.074,0.270,-0.160,-0.150,1300.370
24.740,402.774,-415.063,271.610,-0.390,0.090,0.280,-0.890,-0.460,1301.880
24.760,401.764,-416.317,275.300,-2.210,-0.032,0.202,-0.470,0.280,1303.410
24.780,400.778,-417.545,268.950,1.390,-0.005,-0.045,0.240,-0.120,1304.910
24.800,399.775,-418.793,273.510,-1.350,0.051,0.264,0.860,0.050,1306.430
24.820,398.775,-420.036,272.710,-1.000,0.176,-0.052,-0.050,-0.310,1307.940
24.840,397.769,-421.286,274.120,-0.330,-0.062,0.226,0.160,0.130,1309.460
24.860,396.770,-422.530,272.670,1.420,0.022,-0.020,0.480,-0.230,1310.980
24.880,395.765,-423.779,273.970,0.770,-0.035,0.238,-0.410,-0.040,1312.500
24.900,394.755,-425.034,275.500,-0.160,-0.027,0.205,0.180,0.260,1314.030
24.920,393.730,-426.307,279.490,0.310,-0.036,0.189,-0.370,0.240,1315.580
24.940,392.716,-427.566,276.430,-0.600,-0.056,-0.012,0.430,-0.010,1317.120
24.960,391.710,-428.817,274.330,0.140,-0.002,-0.032,0.080,-0.530,1318.640
24.980,390.700,-430.071,275.360,0.070,-0.074,0.253,0.150,0.900,1320.170
25.000,389.690,-431.328,275.700,0.970,0.047,0.237,-0.390,0.520,1321.710
25.020,388.684,-432.577,274.080,0.970,0.003,-0.066,0.350,0.220,1323.230
25.040,387.670,-433.838,276.670,0.490,0.021,0.218,1.040,-0.230,1324.770
25.060,386.648,-435.106,278.650,-0.360,-0.023,0.237,-0.500,-0.030,1326.310
25.080,385.636,-436.364,276.030,0.740,-0.018,-0.114,-0.170,-0.160,1327.850
25.100,384.610,-437.638,279.900,-0.090,0.014,0.228,0.120,0.380,1329.400
25.120,383.585,-438.910,279.450,-1.080,-0.058,-0.059,0.390,0.080,1330.950
25.140,382.566,-440.176,278.010,-0.400,-0.018,-0.032,-0.280,-0.240,1332.500
25.160,381.542,-441.448,279.290,0.080,-0.043,0.249,-1.420,-0.140,1334.050
25.180,380.507,-442.732,282.290,0.910,-0.045,0.274,0.680,0.340,1335.620
25.200,379.475,-444.012,281.380,-0.180,-0.105,-0.010,0.380,0.480,1337.180
25.220,378.446,-445.289,280.680,-1.210,0.067,-0.018,-0.870,0.460,1338.740
25.240,377.417,-446.567,280.700,0.060,-0.034,0.264,-0.300,0.230,1340.300
25.260,376.385,-447.848,281.560,0.110,0.058,0.250,0.780,-0.080,1341.870
25.280,375.355,-449.127,281.070,0.190,0.053,-0.079,0.720,-0.970,1343.430
25.300,374.331,-450.397,279.070,0.920,-0.064,-0.028,0.470,0.090,1344.980
25.320,373.284,-451.695,285.680,1.020,-0.054,0.300,-0.090,-0.000,1346.560
25.340,372.246,-452.983,283.240,-0.590,0.128,-0.040,0.040,0.040,1348.140
25.360,371.205,-454.275,283.990,-0.620,0.088,0.308,-0.070,0.020,1349.720
25.380,370.165,-455.565,283.700,-1.040,-0.002,-0.096,0.560,-0.400,1351.290
25.400,369.127,-456.852,283.070,0.700,0.013,-0.085,-0.440,0.170,1352.860
25.420,368.085,-458.144,284.280,1.450,-0.032,0.276,-0.400,0.190,1354.440
25.440,367.049,-459.430,282.550,-0.320,0.022,-0.042,0.510,0.200,1356.010
25.460,365.991,-460.741,288.760,-0.240,-0.036,0.289,-0.020,0.280,1357.620
25.480,364.950,-462.032,283.880,1.470,-0.102,-0.050,0.690,0.180,1359.190
25.500,363.907,-463.325,284.570,0.510,-0.066,0.224,-0.340,-0.120,1360.780
25.520,362.859,-464.624,285.850,0.440,0.001,0.244,-0.030,-0.020,1362.360
25.540,361.800,-465.936,288.830,-1.190,-0.057,0.204,-0.460,0.030,1363.970
25.560,360.747,-467.241,287.310,0.680,-0.003,-0.084,0.000,0.030,1365.560
25.580,359.699,-468.540,285.820,-0.930,-0.054,-0.021,-0.740,0.300,1367.150
25.600,358.637,-469.856,289.950,-1.130,-0.039,0.276,-0.240,0.190,1368.760
25.620,357.576,-471.171,289.550,-0.350,0.043,-0.039,-0.720,0.620,1370.370
25.640,356.514,-472.486,289.650,-0.590,0.012,0.198,0.350,0.660,1371.980
25.660,355.450,-473.803,290.310,-0.220,-0.000,0.239,0.360,0.020,1373.590
25.680,354.375,-475.133,293.220,-1.440,0.044,0.213,-0.870,-1.150,1375.220
25.700,353.300,-476.464,293.290,0.960,0.024,0.285,0.670,0.370,1376.850
25.720,352.240,-477.778,289.370,1.130,0.072,-0.068,1.250,-0.160,1378.460
25.740,351.165,-479.108,293.230,-1.950,-0.023,0.217,0.020,-0.240,1380.090
25.760,350.096,-480.431,291.760,0.980,-0.021,-0.049,-0.320,-0.120,1381.710
25.780,349.025,-481.758,292.320,-0.810,-0.065,0.231,1.410,-0.130,1383.330
25.800,347.964,-483.072,289.420,0.860,-0.021,-0.005,-0.660,0.180,1384.940
25.820,346.893,-484.397,292.090,-0.070,0.048,0.228,0.010,-0.470,1386.560
25.840,345.825,-485.720,291.520,0.030,0.065,-0.092,0.090,-0.320,1388.180
25.860,344.746,-487.055,294.370,-0.190,0.048,0.185,0.670,0.100,1389.820
25.880,343.665,-488.393,295.120,1.210,-0.090,0.249,0.180,0.190,1391.460
25.900,342.599,-489.713,290.800,-1.240,0.054,-0.067,-0.250,0.190,1393.070
25.920,341.520,-491.047,294.260,0.610,-0.092,0.207,-0.480,-0.240,1394.710
25.940,340.434,-492.390,296.370,1.100,0.045,0.286,-0.170,-0.290,1396.360
25.960,339.354,-493.727,294.800,0.720,-0.018,-0.030,-0.500,-0.150,1397.990
25.980,338.267,-495.071,296.560,2.320,0.035,0.249,0.020,0.070,1399.640
26.000,337.181,-496.414,296.380,-0.530,-0.067,-0.009,-0.280,0.450,1401.290
26.020,336.094,-497.759,296.760,0.960,0.059,0.270,-0.750,-0.610,1402.940
26.040,335.008,-499.102,296.230,-0.110,-0.073,-0.075,0.630,-0.070,1404.580
26.060,333.927,-500.440,295.200,1.230,-0.033,-0.081,-0.250,-0.400,1406.220
26.080,332.843,-501.781,295.730,-0.010,-0.050,0.275,-0.630,-0.500,1407.860
26.100,331.748,-503.134,298.870,-0.390,-0.088,0.262,-0.080,0.290,1409.530
26.120,330.655,-504.485,298.220,1.310,0.005,-0.045,0.030,0.160,1411.180
26.140,329.562,-505.837,298.370,-0.490,0.090,0.225,-0.870,0.130,1412.840
26.160,328.469,-507.189,298.330,-1.410,0.133,-0.032,0.170,0.280,1414.500
26.180,327.373,-508.543,298.900,-0.520,0.005,0.227,-0.520,-0.140,1416.160
26.200,326.269,-509.907,301.320,0.620,0.056,0.247,0.860,-0.130,1417.830
26.220,325.171,-511.264,299.640,1.390,0.012,-0.007,0.260,0.660,1419.500
26.240,324.078,-512.616,298.520,0.110,0.025,-0.070,-0.200,-0.070,1421.150
26.260,322.971,-513.983,302.030,1.320,-0.017,0.203,-0.370,0.220,1422.830
26.280,321.868,-515.346,301.000,-1.360,0.010,-0.082,-0.050,0.000,1424.500
26.300,320.763,-516.711,301.740,-0.440,0.027,0.280,0.310,-0.550,1426.180
26.320,319.647,-518.089,304.500,-0.290,-0.029,0.258,-0.010,-0.610,1427.870
26.340,318.539,-519.458,302.440,-0.110,-0.004,-0.054,-0.110,-0.170,1429.550
26.360,317.428,-520.830,303.300,0.080,-0.003,0.235,0.030,0.320,1431.240
26.380,316.323,-522.195,301.490,0.690,0.041,-0.035,-0.300,0.240,1432.910
26.400,315.212,-523.567,303.310,-0.440,-0.053,0.225,-0.170,0.270,1434.600
26.420,314.095,-524.947,304.950,0.140,-0.003,0.259,-1.040,-0.300,1436.290
26.440,312.988,-526.314,302.090,-0.050,0.096,-0.072,0.490,0.480,1437.970
26.460,311.870,-527.694,305.110,-0.930,0.058,0.223,0.150,-0.290,1439.670
26.480,310.752,-529.075,305.350,-0.110,0.067,0.231,-0.390,0.060,1441.360
26.500,309.632,-530.457,305.650,-0.140,0.001,0.239,0.950,-0.000,1443.060
26.520,308.505,-531.847,307.540,-0.170,0.016,0.249,0.040,-0.050,1444.770
26.540,307.381,-533.235,306.870,0.030,0.050,-0.043,-0.520,0.400,1446.470
26.560,306.249,-534.631,308.980,0.080,0.078,0.139,0.430,-0.210,1448.190
26.580,305.129,-536.013,305.660,-0.430,-0.098,-0.074,0.200,-0.400,1449.890
26.600,304.002,-537.404,307.740,1.270,-0.066,0.238,0.200,0.010,1451.600
26.620,302.874,-538.797,308.050,-1.170,0.065,0.295,-0.210,-0.120,1453.310
26.640,301.750,-540.184,306.710,-0.720,-0.014,-0.082,0.230,1.010,1455.010
26.660,300.614,-541.585,310.140,2.780,-0.034,0.255,-0.130,0.200,1456.740
26.680,299.469,-542.996,312.580,-1.040,-0.063,0.295,0.280,-0.120,1458.470
26.700,298.336,-544.394,309.460,-1.350,-0.028,-0.089,-0.950,-0.320,1460.190
26.720,297.198,-545.798,310.630,0.730,-0.070,0.262,-0.220,-0.560,1461.920
26.740,296.061,-547.200,310.390,-2.080,0.105,-0.074,0.860,-0.310,1463.640
26.760,294.927,-548.599,309.580,-0.240,-0.001,-0.065,-0.380,0.030,1465.360
26.780,293.797,-549.992,308.310,2.150,-0.003,-0.074,-0.300,0.430,1467.070
26.800,292.661,-551.394,310.370,-1.540,0.029,0.228,-0.220,0.340,1468.800
26.820,291.526,-552.794,309.730,-1.980,0.048,0.032,-0.610,0.070,1470.520
26.840,290.373,-554.214,314.770,-1.500,0.047,0.275,-1.100,-0.100,1472.270
26.860,289.229,-555.625,312.430,0.900,0.054,-0.017,-0.120,0.080,1474.000
26.880,288.084,-557.036,312.470,1.120,-0.032,0.265,0.070,-0.160,1475.740
26.900,286.932,-558.456,314.710,-0.510,-0.015,0.202,-0.030,0.520,1477.490
26.920,285.789,-559.866,312.090,0.680,0.038,-0.038,-0.070,-0.060,1479.220
26.940,284.642,-561.279,313.010,1.390,-0.026,0.282,0.020,-0.030,1480.960
26.960,283.490,-562.699,314.650,1.790,-0.000,0.224,0.510,-0.660,1482.710
26.980,282.331,-564.127,316.480,-0.250,0.020,0.279,-0.100,-0.060,1484.470
27.000,281.173,-565.553,316.080,-2.300,0.039,-0.029,-0.290,0.250,1486.220
27.020,280.015,-566.979,316.090,-0.820,-0.089,0.306,-0.140,-0.320,1487.980
27.040,278.857,-568.406,316.220,-0.430,0.036,0.237,0.290,-0.230,1489.740
27.060,277.696,-569.836,317.100,-0.260,-0.012,0.217,0.710,0.240,1491.500
27.080,276.534,-571.267,317.190,-0.190,0.035,0.239,-0.310,-0.440,1493.260
27.100,275.378,-572.692,315.730,1.120,0.039,-0.007,0.050,0.320,1495.010
27.120,274.214,-574.125,317.730,1.270,0.080,0.195,0.170,-0.160,1496.780
27.140,273.056,-575.552,316.440,-0.170,0.068,-0.112,-0.500,-0.120,1498.540
27.160,271.889,-576.989,318.560,1.100,0.067,0.253,0.010,-0.340,1500.310
27.180,270.724,-578.424,318.110,0.360,0.072,-0.063,-0.730,0.110,1502.070
27.200,269.552,-579.866,320.000,0.060,0.015,0.250,-0.880,0.740,1503.850
27.220,268.382,-581.307,319.550,0.910,0.002,-0.022,0.180,0.230,1505.630
27.240,267.218,-582.741,317.890,0.070,0.044,-0.067,-0.190,-0.260,1507.390
27.260,266.001,-584.154,66.530,4.400,-0.696,-0.059,-0.030,-0.170,1507.760
27.280,264.746,-585.531,66.830,-1.650,-0.659,0.037,-0.360,3.830,1508.130
27.300,263.453,-586.870,67.960,0.460,-0.618,0.615,-0.940,2.510,1508.510
27.320,262.123,-588.170,69.260,-3.940,-0.595,0.993,-1.670,2.500,1508.890
27.340,260.759,-589.431,70.030,0.170,-0.593,1.088,-2.510,5.950,1509.280
27.360,259.360,-590.651,71.520,-2.890,-0.600,1.282,-3.380,8.300,1509.680
27.380,257.929,-591.829,73.550,-2.820,-0.593,1.833,-4.350,8.600,1510.090
27.400,256.466,-592.964,75.410,-4.310,-0.625,2.027,-5.350,8.650,1510.510
27.420,254.973,-594.056,77.050,-1.230,-0.650,2.200,-6.380,9.610,1510.940
27.440,253.451,-595.102,78.830,-1.310,-0.698,2.306,-7.380,11.590,1511.370
27.460,251.902,-596.104,80.350,-3.970,-0.762,2.233,-8.460,8.030,1511.820
27.480,250.326,-597.059,82.290,-6.470,-0.807,2.358,-9.460,9.700,1512.280
27.500,248.725,-597.968,84.620,-2.340,-0.840,2.713,-10.480,10.500,1512.750
27.520,247.101,-598.828,86.490,-7.840,-0.874,2.688,-11.530,9.410,1513.230
27.540,245.455,-599.640,88.540,-11.520,-0.874,2.685,-12.560,10.650,1513.720
27.560,243.788,-600.404,90.170,-7.150,-0.921,2.522,-13.540,12.330,1514.220
27.580,242.102,-601.117,91.760,-11.170,-0.943,2.480,-14.560,11.420,1514.730
27.600,240.399,-601.781,93.460,-7.910,-1.002,2.560,-15.580,11.930,1515.250
27.620,238.680,-602.393,94.700,-11.580,-1.052,2.327,-16.600,10.470,1515.780
27.640,236.946,-602.955,95.800,-10.560,-1.116,1.978,-17.630,9.940,1516.310
27.660,235.198,-603.465,97.100,-9.920,-1.161,1.917,-18.630,7.830,1516.850
27.680,233.440,-603.924,98.390,-16.130,-1.178,2.013,-19.670,8.940,1517.390
27.700,231.671,-604.330,99.160,-15.830,-1.206,1.614,-20.750,8.350,1517.940
27.720,229.894,-604.683,99.850,-15.830,-1.212,1.501,-21.730,8.090,1518.500
27.740,228.110,-604.984,100.660,-13.580,-1.238,1.339,-22.760,7.640,1519.060
27.760,226.321,-605.232,101.510,-18.980,-1.273,1.418,-23.820,7.300,1519.620
27.780,224.528,-605.428,102.180,-19.860,-1.254,1.165,-24.890,6.020,1520.190
27.800,222.733,-605.569,102.230,-18.680,-1.285,0.940,-25.900,10.600,1520.760
27.820,220.938,-605.658,102.860,-21.770,-1.287,0.886,-26.930,7.040,1521.330
27.840,219.144,-605.694,102.810,-21.160,-1.320,0.609,-27.550,5.390,1521.900
27.860,217.352,-605.677,102.720,-25.280,-1.322,0.256,-28.050,3.190,1522.470
27.880,215.564,-605.606,102.380,-18.320,-1.316,-0.015,-28.440,2.010,1523.040
27.900,213.782,-605.483,102.700,-25.930,-1.329,0.207,-28.680,3.180,1523.610
27.920,212.008,-605.307,102.310,-24.240,-1.387,0.004,-28.870,3.230,1524.180
27.940,210.242,-605.079,101.660,-23.910,-1.379,-0.351,-29.060,1.170,1524.740
27.960,208.487,-604.799,101.380,-20.220,-1.346,-0.385,-29.210,1.690,1525.310
27.980,206.744,-604.466,101.000,-26.840,-1.334,-0.348,-29.370,2.930,1525.870
28.000,205.014,-604.083,100.390,-20.310,-1.322,-0.493,-29.500,4.680,1526.430
28.020,203.300,-603.648,100.000,-22.830,-1.354,-0.544,-29.600,4.250,1526.980
28.040,201.602,-603.163,99.230,-23.530,-1.352,-0.655,-29.720,7.210,1527.530
28.060,199.922,-602.629,98.580,-26.330,-1.325,-0.838,-29.860,3.360,1528.080
28.080,198.261,-602.044,97.650,-23.170,-1.298,-0.954,-29.950,4.810,1528.620
28.100,196.622,-601.411,96.950,-25.720,-1.257,-0.852,-30.150,7.780,1529.160
28.120,195.005,-600.730,96.910,-21.720,-1.254,-0.678,-30.200,5.080,1529.700
28.140,193.412,-600.001,96.710,-26.210,-1.239,-0.556,-30.380,5.750,1530.240
28.160,191.844,-599.225,96.100,-24.490,-1.232,-0.515,-30.500,7.340,1530.770
28.180,190.303,-598.404,95.820,-25.370,-1.244,-0.659,-30.610,3.750,1531.300
28.200,188.790,-597.537,95.110,-26.210,-1.275,-0.657,-30.720,4.700,1531.830
28.220,187.307,-596.626,94.420,-22.700,-1.240,-0.687,-30.800,4.480,1532.360
28.240,185.854,-595.672,93.820,-23.060,-1.215,-0.825,-30.950,2.380,1532.880
28.260,184.432,-594.675,93.200,-21.660,-1.208,-0.778,-31.050,4.670,1533.400
28.280,183.045,-593.636,92.570,-27.580,-1.220,-0.906,-31.180,6.930,1533.910
28.300,181.691,-592.557,92.230,-21.840,-1.181,-0.778,-31.280,5.900,1534.420
28.320,180.373,-591.439,91.640,-18.910,-1.166,-0.745,-31.390,5.870,1534.930
28.340,179.092,-590.282,91.160,-24.780,-1.136,-0.690,-31.500,4.130,1535.440
28.360,177.849,-589.088,90.730,-20.040,-1.085,-0.633,-31.630,3.400,1535.940
28.380,176.644,-587.858,90.140,-24.310,-1.123,-0.647,-31.760,6.410,1536.440
28.400,175.480,-586.593,89.280,-26.460,-1.117,-0.887,-31.850,4.590,1536.940
28.420,174.357,-585.294,88.570,-24.220,-1.099,-0.852,-31.900,5.620,1537.430
28.440,173.275,-583.963,88.400,-21.350,-1.052,-0.738,-31.530,4.930,1537.920
28.460,172.237,-582.600,88.280,-24.850,-1.077,-0.499,-30.850,6.090,1538.410
28.480,171.243,-581.207,88.310,-23.980,-1.025,-0.360,-29.920,4.770,1538.900
28.500,170.293,-579.786,88.390,-21.090,-1.022,-0.202,-28.880,0.810,1539.390
28.520,169.389,-578.338,89.040,-21.720,-1.028,0.140,-27.740,0.770,1539.890
28.540,168.532,-576.863,88.810,-19.900,-1.034,-0.112,-26.590,3.330,1540.380
28.560,167.721,-575.364,88.580,-19.860,-1.041,-0.177,-25.430,2.610,1540.870
28.580,166.959,-573.842,88.940,-18.610,-1.019,0.083,-24.180,1.650,1541.370
28.600,166.245,-572.298,89.140,-19.640,-1.046,0.038,-22.930,3.750,1541.860
28.620,165.580,-570.734,89.500,-17.480,-1.040,0.300,-21.650,3.410,1542.360
28.640,164.965,-569.151,89.890,-18.970,-1.053,0.395,-20.390,3.570,1542.860
28.660,164.400,-567.551,90.400,-13.680,-1.073,0.475,-19.080,4.980,1543.360
28.680,163.886,-565.936,90.290,-16.640,-1.020,0.206,-17.810,2.200,1543.860
28.700,163.423,-564.305,90.470,-12.210,-1.025,0.350,-16.520,5.630,1544.370
28.720,163.011,-562.663,90.880,-14.030,-1.027,0.481,-15.230,2.560,1544.870
28.740,162.652,-561.009,91.320,-12.250,-1.021,0.447,-13.950,4.590,1545.380
28.760,162.345,-559.345,92.000,-12.740,-1.072,0.629,-12.670,6.500,1545.890
28.780,162.090,-557.673,92.340,-12.860,-1.048,0.575,-11.370,2.040,1546.400
28.800,161.888,-555.995,92.460,-13.390,-1.117,0.478,-10.120,3.390,1546.920
28.820,161.739,-554.312,92.460,-11.060,-1.133,0.303,-8.790,5.040,1547.430
28.840,161.643,-552.626,92.590,-8.640,-1.140,0.271,-7.530,4.970,1547.940
28.860,161.600,-550.937,92.760,-6.620,-1.126,0.316,-6.290,3.100,1548.460
28.880,161.611,-549.249,93.200,-4.060,-1.125,0.512,-4.990,2.940,1548.980
28.900,161.674,-547.562,93.520,-6.010,-1.133,0.314,-3.730,4.800,1549.500
28.920,161.791,-545.878,93.520,-5.910,-1.137,0.271,-2.420,5.000,1550.020
28.940,161.817,-545.467,91.780,-0.890,-0.084,-0.053,0.330,0.370,1550.530
28.960,161.843,-545.054,91.950,-0.180,-0.081,0.246,-0.060,0.010,1551.040
28.980,161.870,-544.629,94.330,-0.550,0.000,0.221,-0.580,-0.150,1551.560
29.000,161.898,-544.198,95.170,1.170,-0.066,0.251,-0.340,0.050,1552.090
29.020,161.925,-543.775,94.020,2.120,0.105,-0.008,0.580,0.220,1552.620
29.040,161.953,-543.341,95.720,-1.430,-0.103,0.281,-0.240,0.410,1553.150
29.060,161.980,-542.918,93.870,-1.920,-0.040,-0.024,0.070,0.090,1553.670
29.080,162.006,-542.506,92.000,-0.250,0.001,-0.034,-0.540,-0.270,1554.180
29.100,162.034,-542.078,94.770,-1.520,-0.018,0.239,0.170,0.020,1554.710
29.120,162.062,-541.644,95.740,0.050,-0.055,0.206,-0.230,0.550,1555.240
29.140,162.089,-541.212,95.460,0.750,-0.048,-0.056,0.520,0.400,1555.770
29.160,162.117,-540.787,94.380,1.490,-0.050,-0.057,0.390,0.270,1556.290
29.180,162.144,-540.365,93.630,0.200,-0.014,-0.019,-0.250,0.240,1556.810
29.200,162.171,-539.931,95.810,-0.190,0.098,0.259,-0.060,0.210,1557.350
29.220,162.200,-539.484,98.170,-1.980,0.004,0.298,-0.280,0.350,1557.890
29.240,162.229,-539.033,98.940,0.030,0.059,0.286,-0.710,-0.140,1558.440
29.260,162.258,-538.581,99.070,0.070,0.025,0.236,-0.430,-0.410,1558.990
29.280,162.287,-538.145,96.300,0.640,0.056,-0.104,0.100,0.020,1559.530
29.300,162.314,-537.710,96.030,-0.710,-0.140,-0.008,0.160,-0.250,1560.060
29.320,162.343,-537.260,98.740,-0.440,-0.015,0.291,0.070,-0.320,1560.610
29.340,162.373,-536.807,99.190,-1.480,0.065,0.209,-0.150,-0.220,1561.160
29.360,162.402,-536.355,99.070,-2.290,-0.029,-0.005,0.470,0.750,1561.710
29.380,162.430,-535.922,95.690,-1.110,0.088,-0.039,0.030,0.040,1562.240
29.400,162.458,-535.478,97.640,-1.570,0.074,0.255,0.350,0.110,1562.780
29.420,162.487,-535.026,99.130,0.340,-0.023,0.298,-0.890,-0.370,1563.330
29.440,162.517,-534.568,100.140,-0.520,-0.025,0.290,-1.960,-0.550,1563.890
29.460,162.547,-534.107,100.800,-0.540,-0.051,0.270,0.140,-0.250,1564.450
29.480,162.576,-533.650,100.100,-0.980,-0.031,-0.036,-0.710,0.430,1565.010
29.500,162.606,-533.189,100.620,-3.230,-0.062,0.268,-0.110,0.100,1565.570
29.520,162.636,-532.729,100.480,1.510,0.021,-0.062,-0.150,0.180,1566.120
29.540,162.666,-532.263,101.620,-1.000,-0.073,0.248,0.790,0.220,1566.690
29.560,162.696,-531.799,101.300,-0.410,0.030,-0.077,0.200,-0.180,1567.250
29.580,162.726,-531.336,101.160,-1.450,0.031,-0.060,0.080,0.420,1567.810
29.600,162.755,-530.874,100.900,0.970,-0.083,-0.061,0.420,-0.190,1568.370
29.620,162.786,-530.408,101.660,0.140,0.077,0.231,0.180,0.420,1568.940
29.640,162.816,-529.937,102.500,-0.830,0.026,0.254,-0.230,0.130,1569.510
29.660,162.847,-529.467,102.410,-0.390,0.037,-0.060,0.540,-0.540,1570.080
29.680,162.877,-528.994,102.810,1.680,-0.038,0.265,-0.550,-0.220,1570.650
29.700,162.908,-528.512,104.490,-0.070,0.031,0.201,0.160,-0.540,1571.230
29.720,162.939,-528.038,103.110,-0.180,0.056,-0.053,-0.770,0.350,1571.800
29.740,162.969,-527.570,101.980,-0.940,-0.005,-0.046,0.100,-0.010,1572.370
29.760,163.001,-527.088,104.510,-1.890,0.100,0.241,0.100,-0.670,1572.950
29.780,163.031,-526.623,101.370,-0.160,0.002,-0.055,0.840,0.110,1573.510
29.800,163.061,-526.155,102.030,0.330,0.057,0.202,-0.780,-0.160,1574.080
29.820,163.092,-525.674,104.400,1.100,0.015,0.261,-0.300,-0.450,1574.660
29.840,163.124,-525.190,104.900,-2.250,0.029,0.269,0.410,0.500,1575.240
29.860,163.154,-524.719,102.500,-1.130,-0.084,-0.035,0.170,0.030,1575.810
29.880,163.185,-524.240,104.020,-0.580,0.019,0.281,0.090,-0.090,1576.390
29.900,163.216,-523.761,103.930,-0.000,-0.037,-0.044,-0.480,-0.120,1576.970
29.920,163.247,-523.280,104.340,-0.150,-0.042,0.264,-0.300,-0.450,1577.550
29.940,163.280,-522.786,106.720,-0.120,0.087,0.255,0.620,-0.390,1578.140
29.960,163.312,-522.292,106.600,0.410,-0.011,-0.029,-0.030,0.390,1578.730
29.980,163.343,-521.803,105.750,-0.900,-0.050,-0.097,0.190,-0.140,1579.320
30.000,163.375,-521.317,105.190,0.930,-0.018,-0.077,-0.060,0.010,1579.900
30.020,163.406,-520.837,104.220,0.430,-0.065,-0.002,-0.590,-0.610,1580.480
30.040,163.439,-520.332,108.610,-0.320,0.072,0.176,0.470,-0.400,1581.090
30.060,163.471,-519.833,107.610,1.600,-0.035,-0.054,0.250,0.180,1581.680
30.080,163.503,-519.344,105.900,1.560,0.026,-0.015,1.150,0.110,1582.270
30.100,163.536,-518.841,108.270,0.930,0.068,0.247,-0.510,0.530,1582.870
30.120,163.568,-518.343,107.320,-3.020,-0.025,-0.062,0.410,0.400,1583.470
30.140,163.601,-517.846,107.230,1.580,0.027,-0.046,-0.660,-0.070,1584.070
30.160,163.633,-517.342,108.550,0.790,-0.052,0.239,0.080,0.140,1584.670
30.180,163.666,-516.846,107.020,2.010,0.122,-0.049,0.490,-0.090,1585.260
30.200,163.698,-516.345,107.850,1.240,0.047,0.229,-1.040,0.620,1585.860
30.220,163.731,-515.840,108.790,1.580,-0.010,0.283,-0.100,0.340,1586.470
30.240,163.764,-515.338,108.090,0.880,-0.039,-0.007,-0.280,0.050,1587.070
30.260,163.797,-514.825,110.080,1.350,-0.006,0.246,-0.350,0.060,1587.680
30.280,163.832,-514.301,112.120,1.990,-0.017,0.208,0.190,0.430,1588.300
30.300,163.864,-513.797,108.420,0.220,0.098,-0.066,0.560,0.170,1588.900
30.320,163.897,-513.300,107.290,-1.570,-0.061,-0.056,-0.070,0.470,1589.500
30.340,163.929,-512.804,107.020,-0.310,0.007,-0.035,0.100,-0.660,1590.090
30.360,163.962,-512.291,110.030,0.390,-0.001,0.220,0.060,0.140,1590.710
30.380,163.996,-511.782,109.500,0.070,-0.006,-0.073,0.000,-0.150,1591.310
30.400,164.030,-511.264,111.040,-1.250,-0.005,0.265,-0.540,0.530,1591.930
30.420,164.063,-510.745,111.160,-1.630,-0.006,0.278,0.550,0.460,1592.550
30.440,164.096,-510.239,108.790,-0.740,0.044,-0.069,0.150,0.010,1593.150
30.460,164.129,-509.734,108.710,0.810,0.030,-0.090,0.200,0.460,1593.760
30.480,164.164,-509.210,112.110,1.580,0.021,0.349,-0.400,0.530,1594.380
30.500,164.198,-508.686,112.110,0.920,-0.152,-0.027,-0.230,0.020,1595.000
30.520,164.232,-508.165,111.500,1.060,0.015,-0.058,-0.090,0.740,1595.620
30.540,164.265,-507.653,109.890,-0.080,-0.083,-0.024,-0.770,-0.010,1596.230
30.560,164.300,-507.122,113.320,-1.740,0.032,0.246,-0.840,-0.060,1596.860
30.580,164.335,-506.584,114.750,-0.460,0.074,0.276,-0.300,0.260,1597.500
30.600,164.370,-506.052,113.500,-0.260,-0.046,-0.045,0.260,-0.110,1598.130
30.620,164.404,-505.528,112.050,-0.500,-0.013,-0.047,-0.330,0.030,1598.750
30.640,164.439,-504.996,113.620,0.050,-0.030,0.247,-0.510,0.420,1599.380
30.660,164.473,-504.474,111.740,0.440,0.062,-0.093,-0.410,0.010,1600.000
30.680,164.509,-503.930,115.610,0.850,0.005,0.308,-0.230,-0.510,1600.650
30.700,164.544,-503.393,114.380,-0.280,0.086,-0.078,-0.180,0.110,1601.280
30.720,164.578,-502.871,111.840,-1.900,0.021,-0.091,1.080,-0.210,1601.900
30.740,164.613,-502.335,114.280,-0.480,0.012,0.244,0.530,0.260,1602.540
30.760,164.649,-501.791,115.660,0.040,0.003,0.221,0.510,0.210,1603.180
30.780,164.684,-501.252,114.700,1.220,0.041,-0.052,0.580,0.440,1603.820
30.800,164.719,-500.712,115.030,-0.570,-0.087,0.271,-0.500,0.270,1604.460
30.820,164.754,-500.179,113.840,0.510,0.004,-0.020,-0.610,0.330,1605.090
30.840,164.790,-499.629,116.760,0.290,-0.004,0.274,-0.550,-0.200,1605.740
30.860,164.826,-499.088,115.170,0.040,0.036,-0.059,0.670,0.240,1606.380
30.880,164.861,-498.558,113.150,0.930,-0.009,-0.049,-0.270,0.590,1607.010
30.900,164.896,-498.012,116.060,-0.660,-0.052,0.262,-0.630,-0.210,1607.650
30.920,164.933,-497.453,118.330,-0.580,0.000,0.197,-0.220,0.540,1608.310
30.940,164.969,-496.905,116.510,-0.010,-0.054,-0.033,-0.120,-0.160,1608.960
30.960,165.006,-496.337,119.930,-0.640,-0.096,0.206,0.130,-0.260,1609.620
30.980,165.043,-495.779,118.200,0.510,0.036,0.011,0.130,0.090,1610.280
31.000,165.080,-495.221,118.300,-0.710,0.029,0.238,-0.410,0.210,1610.940
31.020,165.116,-494.665,117.840,0.230,0.023,-0.056,0.340,0.270,1611.590
31.040,165.153,-494.108,118.160,-0.100,0.065,0.227,-0.320,-0.290,1612.250
31.060,165.189,-493.550,118.110,0.210,-0.033,-0.069,-0.080,0.130,1612.900
31.080,165.226,-492.992,118.290,-0.460,-0.072,0.318,0.340,-0.210,1613.560
31.100,165.263,-492.425,119.770,-0.340,-0.004,0.278,-0.320,-0.450,1614.230
31.120,165.300,-491.870,117.810,0.100,-0.017,-0.096,-0.280,-0.280,1614.880
31.140,165.336,-491.314,117.830,0.200,-0.042,0.295,0.300,-0.230,1615.540
31.160,165.373,-490.757,118.000,-0.000,-0.004,0.286,-0.430,0.160,1616.190
31.180,165.411,-490.173,122.990,1.710,-0.031,0.242,-0.190,0.350,1616.870
31.200,165.449,-489.600,120.950,-0.990,-0.092,-0.041,0.280,-0.440,1617.550
31.220,165.487,-489.027,120.850,-0.060,-0.022,-0.050,1.030,0.110,1618.220
31.240,165.524,-488.465,119.040,-1.570,-0.057,0.009,0.300,-0.350,1618.880
31.260,165.562,-487.887,121.790,0.370,0.012,0.226,0.240,0.190,1619.560
31.280,165.600,-487.314,120.920,-1.120,-0.033,-0.046,0.270,-0.190,1620.230
31.300,165.638,-486.737,121.650,-0.280,0.056,0.237,-0.540,-0.320,1620.900
31.320,165.675,-486.169,120.100,-0.370,0.080,-0.093,0.060,0.240,1621.570
31.340,165.713,-485.590,122.040,0.280,0.034,0.316,-0.010,-0.180,1622.250
31.360,165.751,-485.014,121.400,-0.550,-0.078,-0.085,0.160,-0.090,1622.920
31.380,165.789,-484.440,121.130,-0.600,0.075,-0.043,0.060,-0.670,1623.600
31.400,165.828,-483.852,123.610,1.440,0.079,0.198,0.190,0.280,1624.280
31.420,165.865,-483.282,120.440,0.280,0.001,-0.062,-0.160,0.250,1624.950
31.440,165.904,-482.693,123.830,-0.560,0.066,0.263,0.030,0.000,1625.640
31.460,165.943,-482.102,124.240,-0.250,-0.028,0.225,-0.610,-0.460,1626.330
31.480,165.981,-481.522,122.130,1.650,-0.093,-0.032,-0.160,0.360,1627.010
31.500,166.020,-480.941,122.460,-0.240,-0.038,0.242,0.700,-0.200,1627.690
31.520,166.058,-480.353,123.590,-0.690,0.086,0.285,0.160,-0.140,1628.370
31.540,166.097,-479.760,124.580,-0.680,-0.075,0.291,-0.010,0.690,1629.070
31.560,166.136,-479.169,124.170,-0.550,-0.000,-0.068,0.950,-0.210,1629.760
31.580,166.176,-478.572,125.280,-0.590,0.002,0.252,-0.680,0.220,1630.450
31.600,166.216,-477.962,127.510,-1.280,-0.026,0.256,-0.550,0.170,1631.160
31.620,166.255,-477.370,124.340,-1.120,-0.022,-0.031,0.860,0.120,1631.850
31.640,166.294,-476.787,122.760,-0.830,0.004,-0.050,0.020,0.080,1632.530
31.660,166.334,-476.182,126.810,0.590,-0.028,0.256,-0.120,0.110,1633.240
31.680,166.374,-475.568,128.330,-0.380,-0.071,0.243,-0.600,0.080,1633.950
31.700,166.414,-474.963,126.630,-0.210,0.011,-0.047,0.220,-0.020,1634.650
31.720,166.453,-474.369,124.650,1.270,0.054,-0.011,0.270,0.450,1635.350
31.740,166.493,-473.767,126.330,1.300,0.043,0.269,-0.550,-0.390,1636.050
31.760,166.533,-473.171,125.070,-0.280,-0.040,-0.029,-0.070,0.310,1636.740
31.780,166.573,-472.559,127.950,-0.630,-0.063,0.272,-0.170,0.250,1637.450
31.800,166.613,-471.962,125.200,-0.860,-0.014,-0.055,0.130,0.210,1638.150
31.820,166.653,-471.355,127.010,0.690,0.078,0.260,-0.560,0.340,1638.860
31.840,166.692,-470.753,126.190,-0.200,0.032,-0.083,0.630,-0.030,1639.560
31.860,166.733,-470.141,128.120,-0.390,0.035,0.288,0.460,-0.560,1640.270
31.880,166.773,-469.531,127.620,-0.810,0.044,-0.133,-0.180,-0.020,1640.980
31.900,166.814,-468.915,128.670,-0.770,0.021,0.247,-0.110,-0.300,1641.690
31.920,166.855,-468.299,128.670,0.320,0.006,0.284,-0.070,-0.220,1642.410
31.940,166.895,-467.690,127.390,-1.320,0.033,-0.091,-0.390,-0.370,1643.120
31.960,166.936,-467.067,130.050,0.990,-0.027,0.262,-0.220,-0.140,1643.840
31.980,166.977,-466.447,129.270,-0.530,-0.071,-0.070,-0.140,-0.180,1644.560
32.000,167.018,-465.835,128.100,-0.150,0.036,-0.061,0.810,-0.710,1645.270
32.020,167.060,-465.194,133.180,-1.340,0.062,0.278,0.470,0.210,1646.010
32.040,167.102,-464.566,130.770,-0.010,-0.056,-0.044,0.470,0.670,1646.730
32.060,167.143,-463.943,130.060,-0.330,0.041,-0.111,0.180,0.180,1647.460
32.080,167.186,-463.305,132.640,-0.050,0.084,0.221,-0.560,-0.060,1648.190
32.100,167.228,-462.662,133.520,1.470,-0.000,0.279,-0.020,-0.020,1648.940
32.120,167.270,-462.035,130.780,0.180,-0.041,-0.037,0.490,-0.130,1649.660
32.140,167.312,-461.402,131.750,-0.790,0.006,0.302,-0.630,0.030,1650.390
32.160,167.353,-460.779,129.980,-0.710,-0.028,0.000,0.320,-0.010,1651.120
32.180,167.395,-460.147,131.480,0.600,-0.031,0.240,1.160,-0.250,1651.850
32.200,167.437,-459.515,131.640,1.300,0.022,0.325,0.530,0.500,1652.580
32.220,167.479,-458.878,132.450,0.280,-0.080,0.251,0.710,-0.450,1653.310
32.240,167.522,-458.239,132.910,0.690,-0.072,0.221,0.110,0.220,1654.050
32.260,167.564,-457.596,133.480,0.610,0.001,0.231,0.480,-0.030,1654.790
32.280,167.607,-456.955,133.240,1.420,-0.001,-0.118,-0.360,0.570,1655.530
32.300,167.649,-456.325,131.300,-1.950,0.017,-0.002,0.400,0.100,1656.260
32.320,167.691,-455.691,131.940,0.670,0.094,0.298,0.330,-0.110,1657.000
32.340,167.733,-455.052,132.770,0.980,0.005,0.220,0.140,-0.070,1657.730
32.360,167.776,-454.410,133.400,-1.340,0.030,0.243,0.660,0.010,1658.470
32.380,167.819,-453.756,135.630,-0.890,-0.049,0.253,-0.270,-0.340,1659.230
32.400,167.861,-453.118,132.550,-0.850,0.038,-0.079,-0.090,-0.230,1659.960
32.420,167.904,-452.473,133.990,-0.730,-0.026,0.197,0.050,-0.540,1660.710
32.440,167.948,-451.815,136.190,-0.480,0.004,0.244,-0.510,-0.280,1661.470
32.460,167.991,-451.167,134.550,0.240,-0.005,-0.060,0.110,0.030,1662.210
32.480,168.035,-450.511,135.930,0.870,0.052,0.238,-0.860,0.090,1662.970
32.500,168.078,-449.858,135.260,1.080,-0.065,-0.043,0.520,-0.590,1663.720
32.520,168.122,-449.201,136.090,-0.840,-0.114,0.293,0.020,-0.040,1664.480
32.540,168.165,-448.547,135.600,-0.840,-0.011,-0.059,-0.260,0.170,1665.230
32.560,168.209,-447.884,137.180,1.320,0.023,0.255,-0.420,-0.050,1665.990
32.580,168.252,-447.238,134.100,0.650,0.008,-0.028,-0.120,-0.190,1666.740
32.600,168.296,-446.581,136.100,0.080,0.062,0.267,0.340,-0.120,1667.490
32.620,168.340,-445.917,137.330,0.470,0.022,0.232,0.270,-0.160,1668.260
32.640,168.384,-445.250,137.920,-0.030,-0.028,0.253,-0.350,-0.190,1669.020
32.660,168.429,-444.574,139.600,0.520,-0.116,0.266,-0.420,0.050,1669.800
32.680,168.473,-443.912,137.010,-0.340,-0.012,-0.084,0.330,0.690,1670.560
32.700,168.519,-443.233,140.050,0.270,0.051,0.288,-0.360,-0.220,1671.340
32.720,168.563,-442.570,137.070,-1.510,-0.020,-0.007,0.030,-0.100,1672.100
32.740,168.608,-441.890,140.290,-0.690,0.001,0.228,0.060,-0.020,1672.880
32.760,168.653,-441.213,139.760,-0.680,0.021,-0.044,0.160,-0.210,1673.650
32.780,168.697,-440.548,137.400,-0.370,-0.051,-0.031,0.430,0.330,1674.420
32.800,168.742,-439.873,139.470,-0.930,0.031,0.234,-0.630,-0.710,1675.190
32.820,168.787,-439.199,139.160,-0.530,0.082,-0.036,-0.960,-0.160,1675.960
32.840,168.833,-438.518,140.420,-1.510,-0.009,0.255,-0.280,0.250,1676.740
32.860,168.878,-437.843,139.380,0.550,-0.056,-0.094,0.900,-0.090,1677.520
32.880,168.923,-437.167,139.490,-0.080,-0.003,0.264,1.010,-0.250,1678.290
32.900,168.969,-436.476,142.240,-1.710,-0.111,0.217,0.920,0.130,1679.080
32.920,169.014,-435.796,140.270,-0.830,0.017,-0.022,-0.100,0.270,1679.860
32.940,169.060,-435.106,141.900,0.340,0.023,0.230,-0.890,0.060,1680.650
32.960,169.105,-434.425,140.550,-0.540,0.084,-0.055,-1.170,-0.240,1681.430
32.980,169.152,-433.726,143.630,-0.700,-0.010,0.291,-0.310,0.140,1682.230
33.000,169.197,-433.045,140.350,-0.070,0.020,-0.035,-0.100,-0.120,1683.010
33.020,169.243,-432.363,140.680,0.340,-0.043,0.218,0.650,0.220,1683.790
33.040,169.290,-431.661,144.120,-1.440,-0.018,0.220,0.430,0.440,1684.590
33.060,169.335,-430.975,141.400,0.550,-0.076,-0.068,0.110,-0.780,1685.380
33.080,169.383,-430.270,144.710,-0.800,-0.010,0.262,-0.440,0.030,1686.180
33.100,169.429,-429.570,143.880,-0.020,-0.015,-0.039,-0.480,-0.520,1686.980
33.120,169.475,-428.877,142.540,-0.040,0.015,-0.075,0.130,0.730,1687.770
33.140,169.521,-428.197,140.290,-0.530,-0.031,-0.085,0.350,-0.140,1688.550
33.160,169.567,-427.501,143.220,-1.020,0.004,0.258,0.200,0.220,1689.350
33.180,169.614,-426.802,143.640,-0.290,-0.017,0.245,-0.520,-0.010,1690.150
33.200,169.661,-426.093,145.470,1.630,-0.017,0.315,0.330,-0.240,1690.950
33.220,169.709,-425.379,146.340,-1.360,0.004,0.251,0.210,-0.280,1691.770
33.240,169.755,-424.683,143.160,1.690,0.002,0.004,-0.540,0.480,1692.560
33.260,169.803,-423.973,145.630,-0.260,0.038,0.215,-0.390,0.290,1693.370
33.280,169.850,-423.262,145.810,0.040,-0.006,0.203,0.340,0.580,1694.180
33.300,169.898,-422.548,146.510,-1.090,-0.017,0.216,-0.120,0.020,1695.000
33.320,169.946,-421.836,145.880,-0.770,-0.009,-0.014,0.790,0.090,1695.810
33.340,169.992,-421.144,142.460,-0.500,-0.036,0.003,0.250,-0.080,1696.600
33.360,170.039,-420.436,145.370,-1.050,-0.018,0.227,-0.240,-0.090,1697.410
33.380,170.086,-419.734,144.110,-0.210,0.102,-0.064,-0.010,-0.310,1698.210
33.400,170.133,-419.024,145.770,-0.410,-0.046,0.215,0.030,0.030,1699.020
33.420,170.182,-418.302,147.780,1.850,-0.014,0.196,-0.360,-0.240,1699.840
33.440,170.230,-417.584,147.010,-1.170,-0.019,-0.028,-0.460,0.130,1700.650
33.460,170.278,-416.859,148.510,0.100,-0.012,0.257,0.350,0.050,1701.480
33.480,170.326,-416.138,147.530,0.250,-0.017,-0.050,0.420,0.090,1702.300
33.500,170.374,-415.430,145.310,-1.070,0.014,-0.092,0.300,0.500,1703.110
33.520,170.420,-414.731,143.710,0.690,-0.086,-0.001,0.760,-0.010,1703.900
33.540,170.469,-414.008,147.950,-0.400,0.052,0.235,-0.270,0.230,1704.730
33.560,170.517,-413.287,147.640,-2.490,0.032,-0.034,0.840,0.620,1705.550
33.580,170.565,-412.571,146.730,0.660,-0.062,-0.094,-0.450,0.390,1706.360
33.600,170.612,-411.860,145.880,-1.120,-0.113,-0.056,-0.510,0.350,1707.170
33.620,170.660,-411.139,147.570,-1.050,-0.049,0.259,-0.880,-0.090,1707.990
33.640,170.709,-410.413,148.610,0.690,-0.012,0.260,-0.220,0.070,1708.820
33.660,170.758,-409.678,150.140,-0.350,0.129,0.255,-0.250,-0.400,1709.650
33.680,170.807,-408.946,149.660,0.920,0.027,-0.035,0.260,0.150,1710.480
33.700,170.857,-408.201,152.020,1.210,-0.090,0.216,0.120,0.080,1711.330
33.720,170.906,-407.476,148.290,-0.640,-0.034,-0.044,-0.600,0.010,1712.150
33.740,170.955,-406.734,151.400,0.790,-0.003,0.253,-0.200,0.310,1712.990
33.760,171.005,-405.998,150.390,-0.760,0.013,-0.043,-0.190,-0.360,1713.830
33.780,171.054,-405.255,151.600,2.230,-0.066,0.252,-0.890,0.490,1714.670
33.800,171.104,-404.520,150.130,-0.690,-0.007,-0.088,-0.490,0.270,1715.500
33.820,171.154,-403.772,152.630,1.030,-0.036,0.210,-0.390,-0.020,1716.350
33.840,171.204,-403.028,151.700,0.840,-0.055,-0.116,0.720,-0.040,1717.190
33.860,171.253,-402.291,150.480,0.320,0.013,-0.025,0.100,0.140,1718.030
33.880,171.303,-401.548,151.710,-0.670,0.039,0.275,0.330,0.460,1718.870
33.900,171.353,-400.805,151.610,-0.150,0.042,-0.025,-0.750,0.030,1719.720
33.920,171.403,-400.055,152.940,-2.150,0.029,0.259,0.600,0.040,1720.570
33.940,171.452,-399.317,150.670,0.220,-0.025,-0.114,0.650,0.010,1721.400
33.960,171.502,-398.568,152.630,0.350,0.036,0.219,-1.000,0.530,1722.250
33.980,171.553,-397.815,153.500,0.130,0.015,0.255,-0.350,-0.110,1723.100
34.000,171.603,-397.063,153.200,-2.970,0.007,-0.046,0.250,-0.010,1723.950
34.020,171.655,-396.299,155.400,-1.270,-0.031,0.243,0.320,0.440,1724.820
34.040,171.706,-395.538,154.780,-0.750,-0.025,-0.039,-0.340,0.040,1725.680
34.060,171.756,-394.783,153.840,0.290,0.004,-0.050,-0.150,0.340,1726.530
34.080,171.807,-394.024,154.410,0.290,0.122,0.254,-0.300,-0.270,1727.390
34.100,171.858,-393.264,154.770,-0.170,0.015,0.231,0.060,-0.060,1728.250
34.120,171.909,-392.501,155.170,0.640,-0.031,0.279,0.600,0.450,1729.110
34.140,171.959,-391.756,152.060,-1.030,-0.042,-0.063,-0.390,-0.200,1729.960
34.160,172.010,-390.996,154.580,0.610,-0.025,0.210,0.500,-0.050,1730.820
34.180,172.061,-390.245,153.040,0.470,0.109,-0.073,-0.390,0.080,1731.670
34.200,172.113,-389.470,157.420,0.380,-0.020,0.240,-0.420,-0.300,1732.540
34.220,172.164,-388.705,155.650,-0.180,0.045,-0.020,0.410,-0.120,1733.410
34.240,172.215,-387.939,155.680,1.830,-0.019,0.249,0.460,0.030,1734.270
34.260,172.267,-387.163,157.560,0.490,0.013,0.244,0.430,0.010,1735.150
34.280,172.319,-386.390,157.080,-0.970,0.040,-0.087,-0.660,0.380,1736.020
34.300,172.370,-385.628,154.990,0.250,-0.029,-0.026,-0.230,0.460,1736.880
34.320,172.422,-384.857,156.810,0.750,-0.032,0.230,0.410,-0.260,1737.750
34.340,172.474,-384.086,156.650,-0.590,0.083,-0.053,0.020,0.030,1738.620
34.360,172.525,-383.325,154.770,1.090,0.049,-0.006,-0.540,0.200,1739.480
34.380,172.577,-382.555,156.590,0.380,0.040,0.265,0.230,0.450,1740.350
34.400,172.629,-381.779,157.580,-2.340,0.039,0.201,-0.360,0.220,1741.230
34.420,172.681,-381.001,157.920,0.300,0.023,0.197,0.900,0.090,1742.100
34.440,172.733,-380.233,156.110,-0.410,0.101,-0.052,0.770,0.200,1742.970
34.460,172.786,-379.442,160.290,0.540,0.002,0.214,0.300,0.200,1743.860
34.480,172.838,-378.660,158.650,0.940,0.029,-0.031,0.680,-0.280,1744.740
34.500,172.891,-377.875,159.090,0.200,-0.073,0.251,0.030,0.060,1745.630
34.520,172.944,-377.086,159.870,1.670,-0.041,0.255,0.380,0.440,1746.510
34.540,172.997,-376.306,158.330,-0.180,-0.060,-0.071,0.740,-0.060,1747.390
34.560,173.050,-375.514,160.430,0.620,0.064,0.302,0.120,0.040,1748.290
34.580,173.103,-374.728,159.430,0.800,-0.128,0.035,-0.130,-0.070,1749.170
34.600,173.155,-373.945,158.870,-0.100,-0.020,-0.058,-0.850,-0.690,1750.050
34.620,173.209,-373.148,161.310,0.780,-0.150,0.261,-0.040,0.010,1750.950
34.640,173.263,-372.342,162.930,-0.590,-0.042,0.253,0.410,0.090,1751.850
34.660,173.317,-371.542,162.010,-0.420,-0.025,-0.058,0.470,-0.150,1752.750
34.680,173.371,-370.738,162.540,-1.310,0.069,0.225,0.250,-0.350,1753.660
34.700,173.424,-369.945,160.610,0.240,0.020,-0.083,-0.270,-0.260,1754.550
34.720,173.477,-369.160,159.230,0.330,-0.042,-0.084,-0.990,0.230,1755.430
34.740,173.532,-368.348,164.100,1.180,0.053,0.262,-0.250,0.590,1756.350
34.760,173.587,-367.529,165.180,0.790,0.001,0.234,-0.150,0.410,1757.260
34.780,173.642,-366.714,164.650,-0.280,0.002,-0.127,-0.160,-0.400,1758.180
34.800,173.696,-365.913,162.070,-1.180,-0.060,-0.037,0.310,0.260,1759.080
34.820,173.749,-365.118,161.080,0.430,-0.050,-0.051,0.990,-0.200,1759.970
34.840,173.803,-364.320,161.450,1.110,-0.041,0.290,0.060,-0.170,1760.870
34.860,173.856,-363.527,160.750,0.760,0.002,-0.039,-0.110,-0.140,1761.760
34.880,173.911,-362.719,163.350,1.080,0.004,0.206,-0.130,0.210,1762.670
34.900,173.966,-361.895,166.160,-0.210,0.077,0.183,0.060,0.290,1763.590
34.920,174.021,-361.085,163.770,-0.470,0.019,-0.072,-0.410,-0.030,1764.500
34.940,174.076,-360.269,164.680,-0.740,-0.135,0.231,0.060,-0.020,1765.420
34.960,174.131,-359.444,166.520,-0.060,0.013,0.278,0.230,0.140,1766.340
34.980,174.186,-358.631,164.090,-0.080,-0.073,-0.050,0.100,0.170,1767.260
35.000,174.242,-357.798,167.980,0.210,-0.048,0.284,0.230,0.350,1768.190
35.020,174.298,-356.963,168.150,-0.130,-0.041,0.210,0.220,-0.390,1769.120
35.040,174.353,-356.145,165.200,-0.130,-0.033,-0.021,-0.890,0.010,1770.040
35.060,174.408,-355.329,164.770,-0.780,-0.069,-0.028,0.320,-0.320,1770.960
35.080,174.464,-354.501,166.920,0.940,0.010,0.189,-0.340,-0.020,1771.880
35.100,174.519,-353.681,165.590,0.080,-0.071,-0.010,-0.550,-0.070,1772.800
35.120,174.574,-352.865,164.610,-0.170,0.018,-0.047,-0.550,-0.010,1773.720
35.140,174.631,-352.029,168.500,-0.750,0.112,0.262,0.220,-0.240,1774.650
35.160,174.687,-351.192,168.640,-1.330,-0.066,0.224,-0.110,-0.450,1775.590
35.180,174.743,-350.362,167.280,1.310,-0.014,-0.012,-0.840,-0.630,1776.520
35.200,174.798,-349.542,165.390,0.550,-0.126,-0.086,0.240,-0.040,1777.440
35.220,174.854,-348.721,165.680,-1.620,-0.015,0.275,-0.720,-0.130,1778.360
35.240,174.910,-347.888,167.920,0.760,0.032,0.275,0.070,-0.200,1779.290
35.260,174.966,-347.058,167.240,0.920,0.036,-0.079,0.120,0.400,1780.220
35.280,175.022,-346.226,167.720,0.120,0.004,0.310,0.440,-0.260,1781.150
35.300,175.079,-345.381,170.000,1.600,0.044,0.257,0.890,0.430,1782.100
35.320,175.136,-344.537,169.800,0.220,0.127,-0.030,-0.680,0.490,1783.040
35.340,175.193,-343.687,171.000,-1.420,0.086,0.204,-0.030,-0.590,1783.990
35.360,175.249,-342.855,167.690,0.370,-0.026,0.014,-0.140,0.030,1784.920
35.380,175.306,-342.016,168.890,0.240,-0.073,0.213,0.220,-0.120,1785.860
35.400,175.363,-341.167,170.780,-0.600,-0.020,0.281,0.110,-0.870,1786.810
35.420,175.420,-340.319,170.550,0.570,-0.047,-0.080,-0.180,-0.430,1787.760
35.440,175.478,-339.461,172.410,-1.670,0.023,0.231,-0.220,0.230,1788.720
35.460,175.536,-338.610,170.980,0.990,-0.059,-0.026,-0.560,0.610,1789.670
35.480,175.594,-337.747,173.360,-0.880,-0.004,0.281,0.490,0.270,1790.630
35.500,175.652,-336.893,171.630,-0.980,0.042,-0.088,0.230,0.100,1791.580
35.520,175.710,-336.033,172.650,-0.110,-0.005,0.283,0.460,-0.010,1792.540
35.540,175.767,-335.184,170.810,0.430,-0.047,-0.019,-0.160,0.500,1793.490
35.560,175.825,-334.330,171.550,0.160,0.059,0.222,-0.330,0.640,1794.440
35.580,175.883,-333.468,173.130,-0.740,-0.094,0.298,-0.540,-0.180,1795.410
35.600,175.942,-332.599,174.420,-0.510,-0.016,0.206,0.180,-0.600,1796.370
35.620,176.000,-331.735,173.330,-1.130,-0.002,-0.069,-0.520,-0.630,1797.340
35.640,176.058,-330.878,172.350,-0.220,0.001,-0.036,0.920,0.400,1798.290
35.660,176.117,-330.006,174.770,1.080,0.009,0.224,-0.650,-0.010,1799.270
35.680,176.174,-329.163,169.650,-0.000,0.031,-0.042,0.140,0.050,1800.210
35.700,176.231,-328.313,171.040,0.860,-0.002,0.257,0.780,-0.540,1801.160
35.720,176.290,-327.443,174.440,1.460,-0.018,0.244,0.300,-0.230,1802.130
35.740,176.348,-326.578,173.670,-0.590,-0.020,-0.025,0.090,-0.090,1803.090
35.760,176.407,-325.706,174.790,-0.190,-0.031,0.243,-0.480,0.060,1804.060
35.780,176.466,-324.838,174.220,2.170,0.039,-0.043,-0.690,-0.120,1805.030
35.800,176.525,-323.964,175.210,1.440,-0.032,0.284,0.390,-0.310,1806.000
35.820,176.583,-323.101,173.370,-1.670,0.042,-0.026,0.750,-0.240,1806.970
35.840,176.642,-322.224,175.680,0.390,0.001,0.274,-0.220,0.360,1807.940
35.860,176.702,-321.343,176.560,0.000,-0.026,0.216,-0.570,0.070,1808.920
35.880,176.762,-320.459,177.130,0.830,0.031,0.266,-1.230,0.180,1809.910
35.900,176.822,-319.566,178.560,-0.740,-0.036,0.224,-0.490,-0.270,1810.900
35.920,176.881,-318.688,176.140,-0.840,0.032,-0.088,-0.060,-0.890,1811.880
35.940,176.941,-317.807,176.420,-0.680,0.011,0.248,0.800,-0.160,1812.860
35.960,177.000,-316.940,173.960,-0.570,-0.030,-0.077,0.340,-0.260,1813.830
35.980,177.059,-316.064,175.680,0.820,0.026,0.274,0.150,0.100,1814.800
36.000,177.118,-315.183,176.420,-1.180,0.027,0.274,-0.200,0.990,1815.780
36.020,177.179,-314.291,178.520,-0.620,0.058,0.193,-0.290,0.210,1816.770
36.040,177.238,-313.412,176.270,-1.790,0.048,-0.075,0.700,0.820,1817.750
36.060,177.298,-312.519,178.610,1.010,0.025,0.206,0.100,0.170,1818.750
36.080,177.358,-311.632,177.650,1.270,-0.056,-0.064,-1.050,-0.190,1819.730
36.100,177.418,-310.744,177.630,-0.330,0.122,-0.036,-0.340,0.100,1820.720
36.120,177.479,-309.852,178.500,-0.300,-0.070,0.243,-0.430,0.530,1821.710
36.140,177.539,-308.964,177.780,0.450,0.047,-0.068,-0.270,0.550,1822.700
36.160,177.599,-308.075,177.960,1.470,0.022,0.289,0.280,-0.170,1823.690
36.180,177.658,-307.196,176.280,0.410,-0.059,-0.119,-0.050,0.080,1824.670
36.200,177.719,-306.303,178.700,-0.700,-0.006,0.287,-0.040,-0.430,1825.660
36.220,177.779,-305.410,178.590,-1.620,-0.004,-0.066,0.660,0.250,1826.650
36.240,177.840,-304.517,178.770,-1.120,0.065,0.248,-0.350,0.470,1827.640
36.260,177.901,-303.614,180.400,0.070,-0.036,0.234,0.930,0.010,1828.650
36.280,177.962,-302.708,181.000,-0.660,-0.013,0.296,-0.340,-0.200,1829.650
36.300,178.023,-301.805,180.600,0.190,-0.117,-0.087,0.040,0.110,1830.660
36.320,178.085,-300.893,181.980,-0.550,0.087,0.250,-0.140,0.130,1831.670
36.340,178.147,-299.984,181.580,-1.060,-0.054,-0.034,0.060,0.020,1832.680
36.360,178.208,-299.081,180.510,-1.180,0.016,-0.098,0.220,0.050,1833.680
36.380,178.269,-298.178,180.500,1.560,-0.005,-0.078,0.220,-0.050,1834.680
36.400,178.330,-297.267,181.900,0.890,-0.005,0.246,-0.380,0.300,1835.690
36.420,178.392,-296.353,182.520,1.730,0.040,0.223,-0.560,0.220,1836.710
36.440,178.455,-295.431,183.990,0.540,0.084,0.226,1.250,-0.290,1837.730
36.460,178.517,-294.509,183.920,-0.430,0.013,-0.060,-0.240,-0.300,1838.750
36.480,178.579,-293.600,181.560,1.320,0.033,-0.031,0.350,-0.080,1839.760
36.500,178.641,-292.686,182.450,-0.030,0.016,0.240,-0.800,0.220,1840.770
36.520,178.703,-291.764,183.850,0.220,0.051,0.282,-0.140,0.040,1841.790
36.540,178.766,-290.838,184.680,-0.040,-0.023,0.220,-0.060,-0.190,1842.820
36.560,178.829,-289.911,184.720,-2.950,0.054,0.212,0.240,0.080,1843.850
36.580,178.891,-288.992,183.450,1.600,0.056,0.008,-1.360,-0.100,1844.860
36.600,178.953,-288.081,181.900,0.490,0.054,-0.070,0.080,0.260,1845.880
36.620,179.015,-287.167,182.520,0.330,-0.033,0.211,-0.570,0.100,1846.890
36.640,179.077,-286.241,184.660,-0.060,-0.008,0.198,0.160,-0.090,1847.920
36.660,179.140,-285.313,185.000,0.160,0.012,0.282,-0.520,0.070,1848.940
36.680,179.202,-284.395,183.080,-0.600,-0.069,-0.060,-0.430,0.390,1849.960
36.700,179.265,-283.467,185.030,0.620,0.080,0.242,-0.140,-0.170,1850.990
36.720,179.329,-282.533,186.140,-1.310,-0.001,0.245,-0.530,0.120,1852.020
36.740,179.391,-281.612,183.710,0.190,0.014,-0.020,-0.240,-0.020,1853.040
36.760,179.455,-280.671,187.330,0.560,-0.029,0.245,-0.600,0.130,1854.080
36.780,179.518,-279.741,185.340,-0.200,-0.066,0.020,-0.920,-0.200,1855.110
36.800,179.582,-278.796,188.030,0.370,-0.030,0.254,0.510,0.030,1856.160
36.820,179.645,-277.865,185.580,-0.990,0.011,-0.018,-0.650,0.330,1857.190
36.840,179.708,-276.937,185.070,-0.970,0.034,-0.026,-0.090,-0.280,1858.220
36.860,179.771,-276.002,186.160,0.240,0.008,0.249,0.380,-0.400,1859.250
36.880,179.835,-275.063,186.940,0.680,0.017,0.232,-0.310,-0.390,1860.290
36.900,179.899,-274.126,186.740,-1.870,-0.017,-0.040,-0.410,-0.350,1861.330
36.920,179.962,-273.185,187.230,0.520,0.025,0.265,0.110,0.180,1862.370
36.940,180.027,-272.239,188.290,-0.540,0.074,0.233,0.560,-0.420,1863.410
36.960,180.091,-271.296,187.770,-0.190,0.035,-0.045,-0.580,-0.090,1864.460
36.980,180.155,-270.350,188.160,-1.340,0.040,0.287,-0.080,0.190,1865.500
37.000,180.218,-269.417,185.930,-0.850,0.015,0.012,-0.870,0.120,1866.530
37.020,180.283,-268.465,189.320,0.970,-0.075,0.276,-0.200,-0.120,1867.590
37.040,180.347,-267.516,188.830,0.030,-0.052,0.006,0.020,0.060,1868.640
37.060,180.413,-266.551,191.620,-0.380,0.023,0.231,-0.430,0.030,1869.700
37.080,180.477,-265.606,188.030,-0.120,-0.001,-0.029,-0.230,-0.070,1870.740
37.100,180.540,-264.667,186.960,0.490,0.022,-0.010,-0.700,-0.060,1871.780
37.120,180.605,-263.707,190.840,0.440,0.084,0.223,0.040,0.670,1872.840
37.140,180.671,-262.748,190.670,-0.080,0.036,-0.065,0.530,0.240,1873.900
37.160,180.735,-261.798,188.870,1.090,0.063,0.002,-0.550,0.740,1874.950
37.180,180.799,-260.852,188.320,0.970,0.005,-0.079,-0.310,-0.150,1876.000
37.200,180.865,-259.878,193.160,0.410,-0.040,0.210,0.250,-0.030,1877.070
37.220,180.931,-258.905,193.210,0.050,-0.003,0.296,0.610,-0.400,1878.140
37.240,180.995,-257.962,187.590,0.660,-0.040,-0.014,-0.750,-0.240,1879.190
37.260,181.061,-257.002,190.870,0.310,0.078,0.263,-0.080,0.570,1880.250
37.280,181.127,-256.022,194.290,1.060,0.040,0.249,0.140,-0.160,1881.330
37.300,181.192,-255.059,191.320,0.900,0.026,-0.063,-0.050,0.580,1882.390
37.320,181.258,-254.095,191.530,-1.020,0.062,0.258,-1.240,-0.370,1883.450
37.340,181.324,-253.128,192.080,-1.090,-0.101,0.297,0.250,-0.320,1884.520
37.360,181.389,-252.166,191.060,-0.700,0.029,-0.043,0.760,-0.100,1885.580
37.380,181.454,-251.208,190.420,0.980,-0.066,0.015,0.060,-0.020,1886.640
37.400,181.521,-250.226,194.790,-1.580,-0.000,0.223,-0.520,0.280,1887.720
37.420,181.586,-249.266,190.680,0.390,-0.016,-0.051,-0.260,0.140,1888.780
37.440,181.652,-248.288,194.050,0.360,0.033,0.239,0.880,-0.120,1889.860
37.460,181.719,-247.303,195.250,1.160,0.011,0.217,0.450,-0.040,1890.940
37.480,181.785,-246.337,191.980,0.180,0.067,-0.055,0.320,-0.100,1892.010
37.500,181.851,-245.364,193.000,-1.340,-0.030,0.263,0.180,-0.270,1893.080
37.520,181.918,-244.373,196.440,-0.960,0.035,0.266,-0.330,-0.270,1894.170
37.540,181.985,-243.386,195.660,-1.180,0.008,0.015,-0.100,0.310,1895.260
37.560,182.052,-242.407,194.170,-0.540,-0.082,-0.036,-0.040,-0.550,1896.340
37.580,182.119,-241.412,197.130,-0.180,-0.046,0.285,0.270,0.490,1897.440
37.600,182.187,-240.415,197.380,-1.170,-0.007,0.252,0.750,-0.100,1898.530
37.620,182.255,-239.425,196.210,1.470,0.056,0.000,0.560,-0.230,1899.620
37.640,182.321,-238.443,194.690,-1.330,0.023,0.022,-0.710,0.220,1900.700
37.660,182.388,-237.456,195.650,1.350,-0.058,0.266,0.110,0.450,1901.790
37.680,182.456,-236.462,196.940,1.190,-0.007,0.220,0.370,0.340,1902.880
37.700,182.523,-235.471,196.460,0.900,0.101,-0.066,0.310,0.150,1903.980
37.720,182.591,-234.468,198.390,-0.690,0.006,0.258,-0.310,0.330,1905.080
37.740,182.658,-233.485,194.920,0.340,-0.016,-0.036,1.460,-0.510,1906.160
37.760,182.725,-232.501,195.210,-1.280,0.025,0.271,-0.640,-0.160,1907.250
37.780,182.793,-231.501,197.960,0.910,0.038,0.264,-0.540,-0.270,1908.350
37.800,182.861,-230.505,197.190,-0.070,-0.023,-0.050,0.120,0.370,1909.440
37.820,182.929,-229.510,197.220,-0.410,0.025,0.231,1.060,-0.120,1910.540
37.840,182.996,-228.522,195.740,-1.220,-0.016,-0.038,-0.420,0.250,1911.620
37.860,183.064,-227.518,198.660,-2.480,0.036,0.306,-0.130,0.160,1912.730
37.880,183.132,-226.514,198.790,-1.040,0.008,0.281,0.540,-0.260,1913.830
37.900,183.201,-225.502,200.080,1.110,0.024,0.266,-0.010,-0.180,1914.940
37.920,183.270,-224.494,199.440,-0.400,-0.038,-0.019,-0.170,0.390,1916.050
37.940,183.338,-223.487,199.370,-0.170,-0.041,-0.061,0.280,-0.230,1917.160
37.960,183.408,-222.467,201.570,0.660,0.047,0.235,0.140,0.040,1918.280
37.980,183.476,-221.466,198.080,1.810,-0.004,-0.072,0.520,-0.230,1919.380
38.000,183.545,-220.449,201.080,1.330,0.014,0.246,0.650,-0.090,1920.500
38.020,183.613,-219.449,198.010,-0.970,-0.015,-0.063,0.150,-0.010,1921.600
38.040,183.681,-218.441,199.490,-1.940,0.045,0.286,0.150,-0.230,1922.710
38.060,183.750,-217.434,199.170,2.360,-0.030,-0.064,0.110,-0.290,1923.810
38.080,183.820,-216.410,202.400,2.270,-0.007,0.226,0.240,0.090,1924.940
38.100,183.889,-215.391,201.360,0.190,0.039,0.008,0.030,-0.250,1926.050
38.120,183.958,-214.371,201.670,-1.270,0.059,0.236,-0.000,-0.240,1927.180
38.140,184.027,-213.358,200.270,0.960,-0.026,-0.045,0.600,-0.280,1928.290
38.160,184.097,-212.337,201.720,-0.110,0.098,0.264,0.760,-0.020,1929.410
38.180,184.166,-211.319,201.260,-0.110,0.016,-0.084,-0.750,0.280,1930.530
38.200,184.236,-210.290,203.210,0.890,-0.052,0.287,0.010,0.450,1931.660
38.220,184.305,-209.271,201.390,0.330,0.018,-0.031,-0.340,-0.220,1932.770
38.240,184.376,-208.232,205.100,-1.190,-0.019,0.297,-0.160,0.650,1933.910
38.260,184.445,-207.216,200.830,-0.320,0.022,-0.070,0.200,-0.300,1935.030
38.280,184.515,-206.192,202.370,0.660,-0.002,0.253,0.330,0.330,1936.150
38.300,184.586,-205.146,206.330,0.510,0.004,0.251,-0.060,-0.220,1937.300
38.320,184.656,-204.116,203.400,0.260,-0.046,-0.042,-0.960,-0.260,1938.430
38.340,184.726,-203.092,202.310,0.930,0.050,-0.094,-0.480,-0.220,1939.550
38.360,184.797,-202.054,204.850,-0.360,-0.058,0.253,0.450,-0.020,1940.690
38.380,184.867,-201.020,204.040,0.180,-0.055,-0.093,-1.370,0.170,1941.830
38.400,184.937,-199.988,203.740,-3.380,0.018,-0.039,0.590,0.200,1942.960
38.420,185.008,-198.957,203.590,-0.450,0.080,-0.114,0.260,-0.280,1944.090
38.440,185.080,-197.893,209.620,0.760,-0.018,0.194,0.660,-0.300,1945.250
38.460,185.151,-196.852,205.320,-0.390,0.035,-0.025,-0.100,-0.270,1946.390
38.480,185.221,-195.824,203.050,-0.470,0.054,-0.066,-1.030,-0.030,1947.520
38.500,185.293,-194.766,208.410,-1.040,0.041,0.220,0.220,-0.060,1948.680
38.520,185.365,-193.715,207.320,1.000,-0.016,-0.012,0.640,-0.290,1949.830
38.540,185.436,-192.673,205.490,0.550,-0.055,-0.040,0.460,0.080,1950.970
38.560,185.507,-191.631,205.480,0.830,-0.110,-0.024,-0.330,0.680,1952.110
38.580,185.579,-190.575,208.120,-1.730,-0.013,0.245,0.040,-0.150,1953.270
38.600,185.650,-189.525,206.980,-0.160,0.059,0.030,-0.270,-0.130,1954.420
38.620,185.721,-188.488,204.700,-0.280,-0.056,-0.068,-0.410,0.170,1955.560
38.640,185.794,-187.419,210.500,-0.280,0.035,0.302,0.480,-0.170,1956.730
38.660,185.866,-186.367,207.410,-0.620,-0.048,-0.052,-0.600,0.200,1957.880
38.680,185.938,-185.297,210.540,-0.350,0.005,0.200,-0.450,-0.220,1959.050
38.700,186.011,-184.228,210.450,0.850,0.035,-0.036,-0.550,0.550,1960.220
38.720,186.083,-183.177,207.260,-1.910,-0.033,-0.041,-0.750,0.100,1961.370
38.740,186.156,-182.107,210.550,1.780,0.009,0.218,0.070,-0.190,1962.540
38.760,186.228,-181.050,208.260,0.480,-0.021,-0.078,0.580,-0.180,1963.700
38.780,186.299,-180.002,206.670,-0.040,0.035,-0.051,-0.090,-0.150,1964.840
38.800,186.372,-178.941,209.070,0.910,0.012,0.260,-0.750,0.410,1966.010
38.820,186.445,-177.871,210.540,-1.450,0.003,0.176,0.420,-0.380,1967.180
38.840,186.517,-176.807,209.480,-0.660,0.078,-0.018,0.840,-0.200,1968.340
38.860,186.590,-175.741,209.950,-0.120,0.033,0.235,-0.320,-0.170,1969.510
38.880,186.664,-174.662,212.360,1.370,-0.035,0.210,-0.240,-0.000,1970.690
38.900,186.737,-173.589,211.040,-0.050,-0.004,-0.022,0.260,-0.080,1971.860
38.920,186.809,-172.523,209.860,0.450,-0.004,-0.051,0.810,-0.450,1973.020
38.940,186.883,-171.443,212.410,-0.590,0.004,0.286,-0.260,-0.120,1974.200
38.960,186.956,-170.366,211.890,0.490,0.126,-0.037,-0.670,-0.030,1975.380
38.980,187.028,-169.311,208.050,1.680,0.019,-0.050,0.320,-0.190,1976.540
39.000,187.102,-168.229,212.710,1.000,-0.102,0.245,0.400,0.210,1977.720
39.020,187.176,-167.147,212.890,-0.080,-0.027,0.264,0.000,0.280,1978.900
39.040,187.250,-166.066,212.570,0.680,-0.097,-0.062,-0.280,-0.020,1980.080
39.060,187.324,-164.976,214.110,0.580,-0.016,0.224,0.500,0.070,1981.270
39.080,187.398,-163.899,212.000,0.510,-0.099,-0.032,0.260,-0.650,1982.450
39.100,187.472,-162.812,213.750,1.110,-0.044,0.246,-0.380,-0.130,1983.640
39.120,187.545,-161.739,211.130,1.100,-0.076,-0.049,0.020,0.300,1984.810
39.140,187.619,-160.648,214.320,-0.130,0.019,0.283,-0.680,-0.130,1986.000
39.160,187.695,-159.544,216.880,0.640,0.000,0.247,0.340,-0.220,1987.210
39.180,187.769,-158.462,212.690,-0.380,0.015,-0.050,-0.130,0.680,1988.390
39.200,187.843,-157.377,213.280,-0.920,-0.005,0.232,-0.220,0.550,1989.570
39.220,187.917,-156.291,213.590,-0.270,-0.070,0.263,-0.020,0.140,1990.760
39.240,187.991,-155.196,215.090,-0.080,0.026,0.260,0.020,0.340,1991.950
39.260,188.066,-154.110,213.530,-1.660,0.096,-0.023,0.450,-0.670,1993.140
39.280,188.141,-153.010,215.990,0.860,0.020,0.233,0.300,-0.240,1994.340
39.300,188.216,-151.906,216.870,-2.770,-0.021,0.236,-0.080,-0.140,1995.550
39.320,188.291,-150.802,216.640,2.710,-0.071,-0.026,0.380,-0.070,1996.750
39.340,188.365,-149.717,213.420,1.500,-0.045,-0.042,0.200,-0.150,1997.930
39.360,188.441,-148.607,217.800,-0.260,0.023,0.223,-0.210,-0.770,1999.140
39.380,188.517,-147.496,217.950,0.010,0.054,0.289,-0.060,0.120,2000.360
39.400,188.593,-146.385,218.020,0.300,0.013,0.199,-0.070,0.160,2001.570
39.420,188.669,-145.277,217.570,-0.590,0.040,-0.026,0.250,0.480,2002.770
39.440,188.744,-144.168,217.580,0.190,0.035,0.212,-0.180,-0.240,2003.980
39.460,188.821,-143.052,219.030,-0.140,0.025,0.307,-0.200,-0.260,2005.200
39.480,188.898,-141.926,220.600,-0.090,-0.033,0.204,0.980,-0.800,2006.430
39.500,188.973,-140.823,216.530,0.180,0.009,-0.015,0.470,-0.090,2007.630
39.520,189.049,-139.703,219.810,-1.310,-0.042,0.248,-0.380,0.270,2008.850
39.540,189.125,-138.590,218.300,0.040,0.001,-0.061,0.290,-0.180,2010.060
39.560,189.201,-137.477,218.470,0.160,0.017,0.256,0.060,0.640,2011.280
39.580,189.277,-136.373,216.590,0.130,0.084,-0.031,0.200,-0.080,2012.480
39.600,189.353,-135.259,218.710,-0.220,-0.065,0.223,0.070,0.040,2013.700
39.620,189.429,-134.148,217.870,1.140,0.024,-0.074,0.590,-0.410,2014.910
39.640,189.505,-133.033,218.910,-0.350,0.074,0.269,0.170,0.090,2016.120
39.660,189.581,-131.921,218.190,0.230,0.038,-0.101,-0.030,-0.590,2017.330
39.680,189.657,-130.802,219.400,1.300,0.042,0.232,0.520,0.210,2018.550
39.700,189.734,-129.682,219.700,-0.080,0.029,0.341,0.120,0.220,2019.770
39.720,189.811,-128.556,220.690,0.210,0.065,0.221,0.060,0.410,2021.000
39.740,189.887,-127.443,218.360,-0.100,-0.054,-0.016,0.160,-0.310,2022.210
39.760,189.963,-126.327,218.850,1.240,-0.069,0.232,-0.050,0.050,2023.430
39.780,190.040,-125.195,221.800,-0.260,-0.000,0.265,0.000,0.170,2024.660
39.800,190.117,-124.072,220.290,1.280,-0.108,-0.030,-0.290,0.130,2025.880
39.820,190.195,-122.931,223.340,-0.100,0.062,0.284,-0.380,-0.260,2027.130
39.840,190.273,-121.796,222.300,-0.860,0.061,-0.056,-0.500,-0.720,2028.360
39.860,190.350,-120.657,223.110,0.680,-0.022,0.310,-0.700,0.100,2029.600
39.880,190.429,-119.510,224.550,-0.300,-0.019,0.232,-0.440,-0.050,2030.850
39.900,190.506,-118.376,222.200,0.620,-0.004,-0.043,-0.090,-0.170,2032.080
39.920,190.584,-117.243,222.040,-2.730,0.003,-0.043,0.050,0.230,2033.320
39.940,190.662,-116.096,224.450,0.010,0.006,0.216,-0.140,-0.010,2034.560
39.960,190.741,-114.951,224.140,-0.460,0.028,-0.059,-1.180,-0.400,2035.810
39.980,190.818,-113.811,223.330,-1.060,-0.009,-0.045,0.790,-0.580,2037.050
40.000,190.897,-112.656,225.930,-0.550,0.047,0.237,0.540,-0.340,2038.300
40.020,190.976,-111.513,223.760,-0.570,0.022,0.023,0.220,0.720,2039.550
40.040,191.054,-110.367,224.370,-0.050,-0.030,0.225,0.950,0.220,2040.790
40.060,191.132,-109.219,224.590,-1.370,0.067,0.285,-0.490,0.060,2042.040
40.080,191.210,-108.079,223.390,0.320,-0.068,-0.024,0.940,-0.050,2043.280
40.100,191.289,-106.928,225.140,1.370,-0.005,0.250,-0.480,-0.070,2044.530
40.120,191.369,-105.765,227.360,0.280,0.048,0.224,0.120,0.350,2045.800
40.140,191.448,-104.609,226.160,0.810,-0.036,-0.073,-0.640,-0.150,2047.050
40.160,191.527,-103.455,225.780,1.090,0.015,-0.066,0.010,0.170,2048.310
40.180,191.605,-102.301,225.730,1.240,0.027,-0.104,0.190,-0.100,2049.560
40.200,191.685,-101.142,226.700,1.870,-0.043,0.220,-0.080,0.580,2050.820
40.220,191.764,-99.978,227.560,-0.500,-0.004,0.206,0.360,0.220,2052.080
40.240,191.844,-98.814,227.590,-0.720,-0.008,0.290,0.050,0.370,2053.350
40.260,191.923,-97.657,226.410,0.780,-0.028,-0.031,-0.260,-0.180,2054.610
40.280,192.003,-96.493,227.630,0.710,0.115,0.274,-0.280,0.320,2055.870
40.300,192.083,-95.326,228.100,0.780,-0.038,0.268,0.410,-0.090,2057.140
40.320,192.162,-94.170,226.110,1.890,0.050,-0.045,-0.330,0.030,2058.390
40.340,192.242,-93.003,228.110,0.010,-0.020,0.294,0.460,0.490,2059.660
40.360,192.320,-91.854,224.850,0.430,-0.054,-0.068,0.610,-0.310,2060.910
40.380,192.400,-90.682,229.050,-0.980,0.005,0.253,-0.830,0.060,2062.180
40.400,192.481,-89.507,229.550,2.140,0.032,0.272,0.570,0.130,2063.460
40.420,192.561,-88.330,229.920,-0.340,0.046,0.210,1.030,0.160,2064.740
40.440,192.641,-87.161,228.440,-0.310,0.078,0.043,0.130,-0.140,2066.000
40.460,192.722,-85.986,229.730,-0.350,0.147,0.251,0.300,0.630,2067.280
40.480,192.803,-84.799,231.640,-0.640,0.013,0.254,0.520,-0.390,2068.570
40.500,192.884,-83.611,231.860,-0.730,-0.033,0.288,-0.140,0.440,2069.860
40.520,192.965,-82.434,229.930,-0.520,0.023,-0.023,0.090,0.360,2071.130
40.540,193.046,-81.255,230.420,-1.370,-0.013,0.251,-0.660,0.570,2072.410
40.560,193.127,-80.066,232.110,-0.790,0.046,0.254,0.070,-0.480,2073.700
40.580,193.207,-78.897,228.430,1.950,-0.065,-0.095,0.250,-0.260,2074.970
40.600,193.288,-77.717,230.430,0.740,0.118,0.233,0.260,0.450,2076.250
40.620,193.369,-76.522,233.160,0.930,0.043,0.266,0.530,-0.560,2077.550
40.640,193.451,-75.329,232.850,1.180,-0.084,-0.037,-0.390,-0.480,2078.840
40.660,193.533,-74.139,232.180,1.830,-0.035,-0.013,-0.270,-0.150,2080.130
40.680,193.613,-72.964,229.600,-1.770,0.041,-0.054,0.950,0.060,2081.410
40.700,193.694,-71.776,232.020,-1.230,0.059,0.208,-0.080,0.480,2082.700
40.720,193.776,-70.590,231.450,-0.800,-0.064,-0.018,0.100,-0.060,2083.980
40.740,193.857,-69.396,233.060,-0.470,0.036,0.293,-0.030,-0.180,2085.280
40.760,193.939,-68.210,231.590,-0.300,-0.097,-0.023,-0.410,0.090,2086.560
40.780,194.020,-67.024,231.500,-0.450,-0.004,-0.055,0.810,0.140,2087.850
40.800,194.100,-65.846,230.180,0.220,0.056,-0.019,-0.260,0.130,2089.130
40.820,194.183,-64.639,235.340,0.040,-0.028,0.353,-0.560,-0.050,2090.440
40.840,194.265,-63.444,233.150,-0.720,-0.075,-0.047,-0.230,-0.590,2091.730
40.860,194.347,-62.243,234.220,-2.180,0.007,0.211,-1.000,-0.280,2093.030
40.880,194.429,-61.042,234.210,-0.990,-0.030,-0.068,-0.330,0.430,2094.330
40.900,194.511,-59.849,232.850,-0.550,0.031,-0.031,-0.480,0.060,2095.630
40.920,194.593,-58.656,232.800,-0.250,-0.044,-0.098,0.310,-0.100,2096.920
40.940,194.675,-57.460,233.420,-1.130,-0.039,0.255,-0.340,0.340,2098.220
40.960,194.757,-56.260,234.070,-0.490,-0.101,0.261,0.440,-0.340,2099.520
40.980,194.840,-55.050,235.940,-1.130,0.008,0.296,0.700,-0.070,2100.830
41.000,194.922,-53.848,234.440,-0.130,-0.008,-0.011,0.390,0.040,2102.130
41.020,195.006,-52.623,238.490,-1.070,-0.059,0.276,-0.110,-0.130,2103.460
41.040,195.090,-51.403,237.640,-0.850,0.010,-0.115,0.070,0.030,2104.780
41.060,195.173,-50.184,237.550,-1.310,0.051,-0.022,-0.760,-0.060,2106.100
41.080,195.256,-48.971,236.390,-0.150,-0.011,-0.029,-0.070,-0.420,2107.410
41.100,195.340,-47.744,239.080,-0.870,0.013,0.258,-0.430,0.050,2108.740
41.120,195.424,-46.529,236.720,0.910,0.014,-0.102,0.350,-0.400,2110.050
41.140,195.507,-45.312,237.230,0.410,-0.060,0.227,1.290,0.050,2111.370
41.160,195.591,-44.091,237.770,-0.070,0.103,0.215,0.250,0.410,2112.690
41.180,195.675,-42.865,238.800,-0.800,-0.024,0.190,-1.000,-0.080,2114.020
41.200,195.759,-41.638,238.940,0.380,0.033,0.250,-0.180,-0.350,2115.340
41.220,195.842,-40.419,237.510,0.690,0.038,-0.074,0.060,-0.040,2116.660
41.240,195.926,-39.199,237.660,0.140,-0.007,0.329,0.040,-0.250,2117.980
41.260,196.010,-37.968,239.650,1.600,0.030,0.245,-0.370,0.180,2119.320
41.280,196.095,-36.735,240.000,0.460,0.012,0.289,0.120,-0.040,2120.650
41.300,196.179,-35.510,238.580,0.910,-0.071,-0.097,-0.620,0.510,2121.970
41.320,196.262,-34.294,237.020,0.130,-0.017,-0.066,-0.470,0.350,2123.290
41.340,196.346,-33.065,239.330,0.680,-0.031,0.253,0.320,-0.050,2124.620
41.360,196.431,-31.828,240.810,-0.800,-0.023,0.223,-0.510,0.210,2125.960
41.380,196.517,-30.579,242.820,-0.460,-0.065,0.237,0.270,-0.120,2127.310
41.400,196.601,-29.355,238.550,0.350,0.056,-0.057,-0.680,0.010,2128.630
41.420,196.685,-28.122,239.940,0.340,0.080,0.243,0.880,-0.110,2129.970
41.440,196.770,-26.888,240.230,0.510,0.049,0.306,-0.390,0.230,2131.300
41.460,196.855,-25.638,243.080,1.100,0.064,0.261,-0.110,0.430,2132.650
41.480,196.940,-24.398,241.230,-1.420,-0.017,-0.036,0.170,0.240,2133.990
41.500,197.025,-23.165,240.160,-0.970,-0.032,-0.034,-0.280,0.280,2135.330
41.520,197.111,-21.918,242.600,0.230,-0.039,0.268,0.070,0.280,2136.670
41.540,197.196,-20.677,241.390,-0.720,0.032,-0.052,0.290,0.170,2138.010
41.560,197.280,-19.442,240.390,3.380,0.011,-0.060,0.480,-0.340,2139.350
41.580,197.365,-18.203,241.130,0.520,-0.004,0.255,0.400,0.510,2140.690
41.600,197.452,-16.941,245.300,-0.080,0.065,0.285,-0.090,0.540,2142.050
41.620,197.538,-15.689,243.510,-0.520,0.020,-0.016,-0.070,-0.070,2143.410
41.640,197.624,-14.437,243.330,-0.480,-0.042,-0.057,1.170,-0.110,2144.760
41.660,197.709,-13.188,243.030,0.030,-0.034,-0.027,0.470,0.180,2146.110
41.680,197.795,-11.932,244.080,0.110,0.034,0.244,-0.460,0.170,2147.460
41.700,197.882,-10.676,244.300,-0.460,0.052,0.251,0.050,-0.060,2148.820
41.720,197.968,-9.418,244.550,-0.270,0.028,0.236,-0.170,-0.380,2150.180
41.740,198.054,-8.160,244.520,1.340,0.095,-0.055,-0.070,0.090,2151.540
41.760,198.141,-6.894,245.890,1.380,0.082,0.290,-0.610,0.170,2152.900
41.780,198.227,-5.634,244.860,0.250,0.022,-0.047,-0.210,0.220,2154.260
41.800,198.313,-4.382,243.590,-1.340,-0.042,-0.046,0.910,0.100,2155.620
41.820,198.400,-3.125,244.370,0.540,-0.065,0.207,0.290,-0.080,2156.970
41.840,198.485,-1.878,242.560,1.550,-0.019,-0.059,-1.250,0.300,2158.320
41.860,198.573,-0.596,248.800,1.370,0.038,0.243,0.610,0.020,2159.700
41.880,198.660,0.677,247.290,0.730,0.091,-0.075,0.540,-0.140,2161.080
41.900,198.747,1.938,244.990,1.420,0.021,-0.049,-0.180,-0.050,2162.440
41.920,198.834,3.204,246.050,0.050,0.058,0.237,0.360,-0.520,2163.810
41.940,198.921,4.469,245.750,0.630,-0.012,-0.048,-0.430,-0.050,2165.170
41.960,199.009,5.753,249.260,-0.680,0.031,0.254,-0.240,0.210,2166.560
41.980,199.095,7.014,245.050,0.290,0.041,-0.079,0.750,0.100,2167.920
42.000,199.183,8.288,247.590,1.330,-0.099,0.238,-0.140,0.460,2169.290
42.020,199.270,9.563,247.490,-0.590,-0.021,-0.048,-0.930,-0.080,2170.670
42.040,199.358,10.846,249.130,-0.860,0.047,0.286,-0.030,0.150,2172.050
42.060,199.446,12.123,247.960,0.100,0.014,-0.042,-0.040,0.240,2173.430
42.080,199.533,13.388,245.720,-0.230,-0.060,-0.070,0.600,0.700,2174.800
42.100,199.620,14.666,248.220,0.650,-0.122,0.262,0.010,0.040,2176.170
42.120,199.708,15.940,247.370,-0.450,-0.018,0.001,-0.210,-0.310,2177.550
42.140,199.796,17.223,249.180,1.720,-0.004,0.278,0.520,0.250,2178.930
42.160,199.885,18.519,251.450,-1.290,-0.044,0.266,0.060,0.560,2180.330
42.180,199.972,19.791,246.930,1.250,0.007,-0.028,-0.380,-0.100,2181.700
42.200,200.060,21.071,248.570,-0.760,0.025,0.293,0.580,0.250,2183.080
42.220,200.148,22.355,249.180,-1.800,0.034,0.282,0.100,0.370,2184.470
42.240,200.236,23.641,249.670,0.240,-0.118,0.267,0.000,0.310,2185.850
42.260,200.325,24.938,251.590,-0.250,-0.066,0.282,0.090,0.040,2187.250
42.280,200.414,26.229,250.450,-1.110,-0.015,-0.082,-0.540,-0.210,2188.640
42.300,200.503,27.526,251.570,-1.680,0.029,0.205,-0.260,-0.020,2190.040
42.320,200.592,28.815,250.250,-0.010,0.024,-0.045,0.000,0.140,2191.430
42.340,200.681,30.113,251.770,0.980,0.024,0.252,-0.100,0.270,2192.830
42.360,200.770,31.417,252.820,0.580,-0.019,0.234,0.640,0.100,2194.230
42.380,200.859,32.710,250.790,0.060,-0.016,-0.025,0.110,-0.110,2195.630
42.400,200.949,34.016,253.300,0.480,-0.036,0.194,0.430,0.170,2197.030
42.420,201.038,35.318,252.440,-0.030,0.038,-0.066,0.000,0.260,2198.440
42.440,201.128,36.629,254.170,-1.430,-0.046,0.235,0.530,0.110,2199.850
42.460,201.218,37.932,252.530,-1.420,0.043,-0.099,0.200,-0.250,2201.250
42.480,201.308,39.240,253.640,-0.200,0.010,0.295,0.010,-0.050,2202.660
42.500,201.397,40.546,253.240,-0.160,-0.002,-0.091,-0.010,0.280,2204.070
42.520,201.487,41.853,253.400,0.850,-0.033,0.232,-0.480,-0.410,2205.480
42.540,201.577,43.165,254.170,0.760,-0.068,0.277,0.250,-0.630,2206.890
42.560,201.668,44.480,254.820,0.610,-0.032,0.269,-0.020,0.450,2208.300
42.580,201.757,45.781,252.370,-0.280,-0.017,-0.083,-0.250,0.150,2209.710
42.600,201.848,47.106,256.630,-1.380,-0.118,0.270,0.550,0.180,2211.130
42.620,201.937,48.405,251.930,0.410,-0.010,-0.041,-0.630,-0.320,2212.530
42.640,202.027,49.715,253.930,0.530,0.046,0.320,-0.210,0.220,2213.940
42.660,202.118,51.031,255.050,-2.390,0.028,0.262,0.510,0.080,2215.360
42.680,202.208,52.353,256.050,-0.830,-0.025,0.246,0.160,-0.480,2216.780
42.700,202.300,53.686,258.030,-0.690,0.002,0.224,-0.020,0.430,2218.210
42.720,202.390,54.991,253.110,0.120,-0.028,-0.072,0.130,0.050,2219.620
42.740,202.480,56.309,255.370,-0.800,0.007,0.225,0.090,-0.120,2221.040
42.760,202.570,57.615,253.180,-0.040,0.077,-0.009,-0.760,-0.110,2222.450
42.780,202.661,58.940,256.650,-0.210,0.048,0.251,-0.170,-0.600,2223.870
42.800,202.752,60.268,257.250,-0.160,0.026,0.267,0.810,0.180,2225.300
42.820,202.844,61.609,259.460,-0.720,-0.025,0.295,-0.330,0.080,2226.740
42.840,202.936,62.939,257.490,-0.640,0.037,-0.121,-0.160,-0.060,2228.170
42.860,203.028,64.278,259.110,-1.080,-0.084,0.288,-0.270,0.380,2229.610
42.880,203.120,65.614,258.660,0.380,-0.013,-0.048,-0.040,-0.420,2231.050
42.900,203.211,66.943,257.370,0.570,0.029,-0.037,-0.290,-0.180,2232.480
42.920,203.302,68.265,256.140,-0.770,0.037,-0.075,0.240,-0.260,2233.900
42.940,203.394,69.603,258.900,1.520,0.033,0.227,0.100,-0.080,2235.340
42.960,203.485,70.927,256.490,-0.310,0.015,-0.035,0.390,0.020,2236.770
42.980,203.577,72.275,260.900,1.530,-0.010,0.322,-0.530,0.130,2238.220
43.000,203.669,73.613,258.950,-0.640,0.027,-0.020,-0.170,-0.100,2239.650
43.020,203.762,74.964,261.230,-2.030,-0.048,0.288,-0.110,-0.260,2241.100
43.040,203.854,76.302,258.950,0.400,-0.042,-0.056,0.230,0.510,2242.540
43.060,203.947,77.647,260.310,0.250,0.003,0.232,-0.400,0.720,2243.990
43.080,204.039,78.993,260.450,0.030,0.009,0.227,0.460,0.040,2245.440
43.100,204.132,80.338,260.310,-0.640,-0.091,-0.065,0.590,-0.230,2246.880
43.120,204.224,81.682,259.960,-0.030,0.023,-0.112,-0.490,0.440,2248.330
43.140,204.317,83.033,261.440,-0.510,0.039,0.228,-0.250,-0.430,2249.780
43.160,204.409,84.375,259.690,-0.300,-0.004,-0.067,-0.270,-0.100,2251.220
43.180,204.501,85.716,259.500,0.840,0.119,-0.055,1.320,-0.210,2252.660
43.200,204.595,87.079,263.420,0.180,-0.034,0.254,-0.210,-0.350,2254.130
43.220,204.689,88.439,262.880,0.610,-0.018,-0.039,0.840,-0.080,2255.590
43.240,204.782,89.794,262.120,-0.230,-0.020,-0.050,-0.630,-0.260,2257.040
43.260,204.876,91.164,264.760,-0.340,-0.004,0.233,-0.490,0.000,2258.510
43.280,204.969,92.519,262.100,-1.150,-0.016,-0.109,-0.340,0.010,2259.970
43.300,205.064,93.889,264.720,-0.370,-0.070,0.233,-0.420,-0.190,2261.440
43.320,205.157,95.251,263.230,-3.320,-0.027,-0.079,-0.130,-0.110,2262.900
43.340,205.250,96.603,261.670,-0.590,-0.005,-0.036,-0.350,-0.070,2264.360
43.360,205.345,97.982,266.210,-0.080,0.061,0.277,-0.410,0.240,2265.840
43.380,205.439,99.354,265.160,0.560,0.110,-0.022,0.580,-0.040,2267.310
43.400,205.533,100.718,263.730,-0.270,0.067,-0.027,0.610,0.250,2268.780
43.420,205.628,102.091,265.240,0.350,-0.039,0.246,0.470,0.180,2270.250
43.440,205.722,103.455,263.780,-2.180,-0.035,-0.066,0.260,0.170,2271.710
43.460,205.816,104.831,265.860,-0.060,-0.008,0.228,0.050,0.420,2273.190
43.480,205.909,106.182,261.270,-1.680,0.089,-0.095,-0.250,-0.340,2274.640
43.500,206.003,107.545,263.560,-1.210,-0.008,0.280,-0.480,-0.140,2276.110
43.520,206.098,108.927,266.790,-0.190,-0.066,0.245,0.180,0.530,2277.590
43.540,206.192,110.299,265.190,1.280,-0.025,-0.087,-0.590,-0.080,2279.060
43.560,206.287,111.677,266.110,0.370,0.038,0.225,-0.500,-0.840,2280.540
43.580,206.381,113.043,264.010,0.020,0.034,-0.076,0.580,-0.060,2282.010
43.600,206.477,114.436,269.040,-0.020,-0.010,0.251,0.950,0.040,2283.500
43.620,206.573,115.826,268.290,-0.710,0.034,-0.018,0.200,-0.790,2284.990
43.640,206.667,117.205,266.440,-0.540,-0.114,-0.060,0.550,0.400,2286.470
43.660,206.762,118.584,266.370,0.430,0.005,-0.118,-0.120,-0.210,2287.950
43.680,206.858,119.976,268.750,-1.390,0.043,0.244,-0.670,0.100,2289.450
43.700,206.955,121.378,270.420,0.590,-0.042,0.245,0.310,-0.070,2290.950
43.720,207.051,122.772,269.110,-0.390,-0.042,-0.057,0.280,-0.390,2292.440
43.740,207.147,124.177,271.170,0.830,-0.093,0.231,0.040,-0.320,2293.950
43.760,207.242,125.559,266.770,0.960,0.079,-0.043,-0.120,-0.280,2295.430
43.780,207.338,126.942,267.160,-1.670,-0.036,0.252,0.480,0.330,2296.920
43.800,207.433,128.323,266.840,-0.580,0.012,-0.051,-0.490,-0.040,2298.400
43.820,207.529,129.720,269.520,-0.860,0.030,0.262,-0.390,-0.160,2299.900
43.840,207.625,131.115,269.360,-1.810,0.076,-0.063,-0.500,-0.280,2301.390
43.860,207.721,132.509,269.100,-1.030,-0.008,-0.065,0.040,0.360,2302.890
43.880,207.817,133.913,270.780,2.440,-0.027,0.291,-0.540,0.440,2304.390
43.900,207.914,135.321,271.650,0.610,0.009,0.267,-0.340,0.360,2305.900
43.920,208.010,136.708,267.750,1.920,0.064,-0.025,-0.350,0.150,2307.390
43.940,208.106,138.103,269.380,0.830,-0.009,0.287,-0.130,0.090,2308.880
43.960,208.203,139.512,271.740,-0.740,-0.048,0.266,-0.740,-0.360,2310.390
43.980,208.299,140.911,270.040,-0.380,-0.077,-0.022,0.040,-0.070,2311.890
44.000,208.395,142.309,269.780,0.590,-0.061,-0.097,0.620,-0.210,2313.390
44.020,208.493,143.723,272.740,0.440,0.043,0.256,0.070,-0.550,2314.910
44.040,208.589,145.120,269.520,-0.580,-0.016,-0.055,0.770,0.320,2316.410
44.060,208.685,146.526,271.240,-1.510,-0.030,0.300,0.670,-0.210,2317.910
44.080,208.783,147.938,272.420,3.290,-0.036,0.278,0.390,0.360,2319.430
44.100,208.880,149.344,271.300,-0.140,0.004,-0.069,0.040,0.260,2320.930
44.120,208.977,150.763,273.570,-0.330,-0.012,0.261,0.010,0.170,2322.450
44.140,209.074,152.172,271.780,0.110,-0.014,-0.045,0.380,0.180,2323.960
44.160,209.172,153.599,274.980,-0.240,0.067,0.264,-0.200,-0.180,2325.490
44.180,209.270,155.014,272.910,0.120,0.077,-0.081,-0.940,0.560,2327.010
44.200,209.368,156.437,274.340,1.290,-0.081,0.261,0.250,0.010,2328.530
44.220,209.466,157.862,274.690,-0.120,0.016,0.243,-0.570,0.090,2330.060
44.240,209.564,159.277,272.870,-1.160,-0.039,-0.042,-0.480,-0.190,2331.570
44.260,209.660,160.682,270.960,-0.160,-0.012,-0.072,0.000,-0.280,2333.080
44.280,209.758,162.107,274.820,-0.460,0.015,0.232,-0.050,0.140,2334.610
44.300,209.856,163.532,274.620,1.420,-0.011,-0.015,-0.710,0.070,2336.130
44.320,209.955,164.962,275.590,1.170,0.012,0.218,0.080,-0.240,2337.660
44.340,210.053,166.387,274.650,0.110,0.034,-0.079,0.480,-0.430,2339.190
44.360,210.151,167.811,274.580,-1.280,0.015,-0.052,-0.560,-0.380,2340.710
44.380,210.251,169.257,278.470,-1.230,-0.032,0.227,0.640,0.360,2342.260
44.400,210.349,170.676,273.490,0.020,-0.031,-0.077,-0.780,-0.180,2343.780
44.420,210.448,172.114,277.030,0.340,-0.072,0.253,1.060,-0.100,2345.320
44.440,210.546,173.542,275.300,-0.370,-0.043,-0.095,-0.210,0.440,2346.850
44.460,210.645,174.974,275.900,-0.480,0.098,0.220,0.070,-0.340,2348.380
44.480,210.743,176.407,276.160,-0.590,-0.040,0.312,-0.950,-0.220,2349.920
44.500,210.842,177.838,275.670,-0.020,-0.060,-0.036,-0.030,-0.230,2351.450
44.520,210.941,179.281,277.970,-2.380,0.016,0.228,0.110,0.490,2352.990
44.540,211.041,180.732,279.430,-1.100,-0.006,0.263,-0.040,0.600,2354.540
44.560,211.141,182.177,278.280,-0.630,-0.010,-0.033,-0.280,0.230,2356.090
44.580,211.240,183.620,277.970,1.210,0.070,-0.020,-0.470,0.240,2357.630
44.600,211.339,185.056,276.570,-0.810,0.027,-0.054,0.570,-0.170,2359.170
44.620,211.439,186.505,279.060,0.180,-0.026,0.279,0.020,0.580,2360.720
44.640,211.540,187.969,281.760,0.230,-0.021,0.189,0.770,0.080,2362.290
44.660,211.639,189.414,278.190,1.300,-0.025,-0.082,-0.260,0.260,2363.830
44.680,211.739,190.859,278.430,1.260,0.044,0.255,-0.220,-0.030,2365.380
44.700,211.839,192.305,278.390,-0.060,-0.015,-0.040,0.410,-0.080,2366.920
44.720,211.938,193.752,278.730,-0.480,-0.090,0.223,-0.810,0.500,2368.470
44.740,212.037,195.182,275.580,-0.660,-0.002,-0.042,-0.610,0.160,2370.000
44.760,212.137,196.640,280.540,-0.240,-0.077,0.231,0.550,0.440,2371.560
44.780,212.237,198.088,278.900,-0.430,0.109,-0.058,-0.590,0.080,2373.110
44.800,212.337,199.532,277.990,0.550,-0.048,-0.019,-0.910,-0.250,2374.660
44.820,212.437,200.996,281.770,0.420,-0.008,0.277,0.930,-0.180,2376.220
44.840,212.537,202.446,279.260,0.590,0.013,-0.080,-0.700,0.030,2377.770
44.860,212.638,203.904,280.610,1.260,-0.014,0.218,0.090,-0.190,2379.330
44.880,212.739,205.378,283.550,1.860,-0.015,0.238,0.030,-0.330,2380.910
44.900,212.840,206.830,279.470,0.120,0.021,-0.051,-1.410,0.360,2382.460
44.920,212.940,208.282,279.520,1.100,0.076,0.230,-0.130,-0.160,2384.010
44.940,213.041,209.750,282.460,-0.350,0.038,0.281,0.220,0.040,2385.580
44.960,213.143,211.227,284.020,1.190,0.074,0.260,0.180,0.090,2387.160
44.980,213.243,212.682,280.170,1.060,-0.052,-0.038,0.450,-0.180,2388.720
45.000,213.344,214.155,283.380,1.010,0.016,0.212,-0.190,0.440,2390.290
45.020,213.446,215.631,283.870,0.090,0.008,0.285,0.360,-0.340,2391.870
45.040,213.546,217.086,280.150,-0.670,0.018,-0.135,-0.340,0.080,2393.420
45.060,213.648,218.567,284.670,-1.390,0.069,0.275,-0.710,0.070,2395.010
45.080,213.751,220.049,285.020,-0.040,-0.011,0.278,-0.650,-0.020,2396.590
45.100,213.852,221.523,283.470,1.530,-0.020,-0.063,-0.730,-0.390,2398.160
45.120,213.955,223.011,286.060,-0.310,0.027,0.288,0.500,0.260,2399.750
45.140,214.058,224.499,286.120,0.790,-0.089,0.248,-0.760,0.220,2401.340
45.160,214.160,225.980,284.800,0.840,-0.012,-0.048,0.140,-0.200,2402.930
45.180,214.262,227.458,284.210,-0.280,-0.007,-0.040,-0.130,0.210,2404.500
45.200,214.363,228.933,283.660,1.320,-0.046,0.046,-0.050,0.110,2406.080
45.220,214.466,230.417,285.300,-2.910,0.053,0.290,0.680,-0.380,2407.670
45.240,214.568,231.907,286.450,-1.220,-0.053,0.271,-0.220,-0.260,2409.260
45.260,214.671,233.391,285.340,-0.920,-0.007,-0.077,0.310,0.340,2410.840
45.280,214.772,234.861,282.770,-0.820,0.015,-0.046,0.020,0.090,2412.410
45.300,214.875,236.361,288.200,0.340,0.068,0.226,-0.080,-0.170,2414.010
45.320,214.978,237.853,286.820,0.290,-0.001,-0.025,1.150,-0.260,2415.610
45.340,215.081,239.342,286.200,0.390,0.047,-0.046,-0.720,-0.150,2417.200
45.360,215.184,240.842,288.290,0.600,0.035,0.216,0.640,-0.130,2418.800
45.380,215.288,242.350,289.530,-0.950,0.006,0.252,0.330,-0.250,2420.410
45.400,215.390,243.822,283.270,-1.220,-0.054,-0.075,-0.240,-0.520,2421.980
45.420,215.493,245.323,288.360,0.400,-0.072,0.255,0.810,0.340,2423.580
45.440,215.596,246.810,285.810,-0.630,0.005,-0.076,-0.920,0.290,2425.170
45.460,215.700,248.314,288.930,-1.570,-0.027,0.251,-0.260,-0.380,2426.780
45.480,215.803,249.816,288.610,0.970,0.046,-0.027,-0.600,0.040,2428.380
45.500,215.907,251.324,289.610,1.400,0.037,0.248,0.210,-0.270,2429.990
45.520,216.011,252.823,288.140,1.560,-0.009,-0.062,-0.560,-0.080,2431.590
45.540,216.113,254.313,286.320,0.190,-0.058,-0.044,0.220,-0.100,2433.180
45.560,216.217,255.815,288.690,0.630,0.026,0.271,-0.090,-0.130,2434.780
45.580,216.321,257.326,290.210,1.370,-0.051,0.217,-0.240,0.600,2436.400
45.600,216.426,258.844,291.360,-0.640,-0.038,0.258,0.190,-0.130,2438.010
45.620,216.530,260.344,288.310,1.110,-0.049,-0.010,-0.130,-0.240,2439.620
45.640,216.634,261.865,291.850,0.280,-0.007,0.267,-0.540,-0.230,2441.240
45.660,216.738,263.372,289.570,0.910,0.059,-0.048,1.400,0.310,2442.850
45.680,216.843,264.889,291.320,0.190,-0.000,0.269,-0.240,-0.500,2444.460
45.700,216.947,266.401,290.250,1.300,-0.022,-0.036,-1.110,-0.230,2446.080
45.720,217.052,267.919,291.520,0.220,-0.076,0.273,-0.420,0.430,2447.700
45.740,217.157,269.444,292.820,-1.480,0.028,0.189,-0.630,0.070,2449.320
45.760,217.261,270.954,289.880,1.450,-0.039,-0.097,0.410,0.060,2450.930
45.780,217.366,272.469,290.940,-0.950,0.006,0.280,0.160,0.640,2452.550
45.800,217.471,273.992,292.470,1.250,-0.018,0.205,0.200,0.070,2454.180
45.820,217.578,275.536,296.030,-0.090,0.042,0.262,-0.190,-0.210,2455.820
45.840,217.682,277.053,291.370,1.180,-0.008,-0.061,-0.140,-0.080,2457.440
45.860,217.789,278.596,295.960,1.130,-0.003,0.220,-0.190,-0.340,2459.080
45.880,217.895,280.140,296.140,0.430,0.024,0.260,-0.040,0.380,2460.730
45.900,218.001,281.668,293.220,0.510,0.105,-0.044,0.420,0.170,2462.360
45.920,218.106,283.195,293.160,0.420,0.044,0.013,0.170,0.340,2463.990
45.940,218.212,284.720,292.800,-2.010,-0.004,-0.069,0.250,0.360,2465.610
45.960,218.317,286.252,293.970,0.120,0.000,0.293,0.250,-0.120,2467.250
45.980,218.422,287.774,292.200,-1.120,-0.026,-0.039,0.440,-0.280,2468.870
46.000,218.528,289.309,294.430,0.170,-0.047,0.230,0.140,-0.020,2470.500
46.020,218.635,290.858,297.030,-1.140,-0.028,0.274,0.180,-0.260,2472.150
46.040,218.741,292.390,294.100,-1.180,-0.039,-0.033,0.590,0.050,2473.790
46.060,218.847,293.927,294.890,1.600,0.033,0.251,-0.330,0.340,2475.430
46.080,218.952,295.454,292.940,1.070,-0.054,-0.042,-0.430,-0.050,2477.050
46.100,219.059,296.998,296.290,-0.000,0.067,0.232,-0.590,0.040,2478.700
46.120,219.166,298.543,296.360,0.180,0.038,0.225,0.090,-0.030,2480.350
46.140,219.272,300.088,296.290,-0.250,0.001,-0.027,-0.930,0.240,2481.990
46.160,219.379,301.632,296.110,0.570,0.000,-0.057,0.230,-0.200,2483.640
46.180,219.485,303.176,296.230,-0.680,-0.028,0.248,-0.050,-0.660,2485.280
46.200,219.592,304.729,297.660,0.990,0.014,0.258,0.570,0.140,2486.940
46.220,219.699,306.278,297.100,-0.250,0.054,-0.042,-0.340,0.300,2488.590
46.240,219.807,307.831,297.850,-0.420,-0.035,0.207,-0.100,0.130,2490.240
46.260,219.914,309.385,297.930,0.020,-0.077,0.289,0.560,-0.190,2491.900
46.280,220.022,310.948,299.530,-0.590,0.035,0.254,0.690,-0.340,2493.560
46.300,220.130,312.508,299.100,0.330,0.016,-0.056,-0.340,0.150,2495.220
46.320,220.237,314.066,298.610,-0.540,-0.056,-0.037,0.090,0.040,2496.880
46.340,220.346,315.636,300.830,0.470,-0.037,0.257,0.150,-0.040,2498.550
46.360,220.453,317.198,299.420,1.220,-0.043,-0.027,0.190,0.550,2500.220
46.380,220.562,318.769,300.980,-0.720,-0.036,0.266,-0.130,-0.280,2501.890
46.400,220.670,320.335,300.170,-0.130,-0.016,-0.028,0.640,0.530,2503.560
46.420,220.777,321.882,296.730,0.460,-0.013,-0.009,-0.940,0.010,2505.210
46.440,220.886,323.457,301.690,-0.440,-0.033,0.277,-0.210,-0.550,2506.880
46.460,220.994,325.023,300.170,0.460,-0.038,-0.055,0.220,-0.050,2508.550
46.480,221.102,326.589,300.130,0.560,-0.011,-0.084,0.230,0.290,2510.220
46.500,221.210,328.159,300.860,1.080,0.008,0.300,0.680,-0.110,2511.890
46.520,221.318,329.725,300.160,-0.610,-0.016,-0.057,0.600,-0.440,2513.560
46.540,221.427,331.298,301.250,-0.940,0.058,0.236,-0.140,-0.050,2515.230
46.560,221.535,332.864,300.260,-0.310,0.025,-0.102,0.650,-0.260,2516.900
46.580,221.645,334.448,303.290,-0.970,-0.080,0.260,-0.360,0.150,2518.580
46.600,221.753,336.021,301.450,0.560,0.026,-0.046,0.470,0.230,2520.260
46.620,221.862,337.594,301.280,-1.160,0.030,-0.095,0.910,-0.320,2521.930
46.640,221.970,339.163,300.700,2.330,-0.022,-0.036,0.610,-0.210,2523.600
46.660,222.079,340.743,302.730,1.300,-0.075,0.235,0.050,0.230,2525.280
46.680,222.189,342.324,302.840,0.010,0.000,0.331,-0.170,-0.260,2526.970
46.700,222.298,343.908,303.380,0.870,-0.000,0.233,-0.760,-0.320,2528.650
46.720,222.407,345.482,301.490,-1.640,-0.056,-0.063,0.160,-0.350,2530.330
46.740,222.515,347.052,300.870,2.520,-0.073,-0.076,-0.560,0.110,2532.000
46.760,222.625,348.642,304.440,-0.590,-0.004,0.288,-0.400,0.090,2533.690
46.780,222.735,350.240,305.970,-0.120,-0.012,0.239,-0.600,-0.210,2535.390
46.800,222.844,351.819,302.430,-1.860,-0.021,-0.072,-0.230,0.000,2537.070
46.820,222.955,353.421,306.590,0.490,-0.004,0.271,-0.010,0.460,2538.770
46.840,223.065,355.013,304.870,-1.110,-0.055,-0.091,0.140,-0.290,2540.470
46.860,223.175,356.604,304.670,0.100,-0.022,-0.031,-0.300,-0.590,2542.160
46.880,223.285,358.194,304.320,-0.540,0.027,0.003,0.530,0.140,2543.850
46.900,223.394,359.776,303.080,-1.080,-0.017,-0.033,-0.100,-0.030,2545.530
46.920,223.505,361.379,306.870,-0.800,-0.084,0.269,-0.390,-0.210,2547.240
46.940,223.615,362.969,304.460,0.230,-0.024,-0.024,0.110,0.200,2548.930
46.960,223.725,364.561,304.690,-1.280,-0.054,0.301,0.980,0.250,2550.620
46.980,223.836,366.168,307.580,-0.750,0.013,0.286,0.170,-0.660,2552.330
47.000,223.945,367.753,303.510,0.660,0.016,-0.037,-0.180,-0.200,2554.020
47.020,224.055,369.342,304.280,2.600,-0.083,0.277,-0.760,0.700,2555.710
47.040,224.166,370.945,306.780,0.480,0.038,0.223,-0.110,0.180,2557.410
47.060,224.277,372.552,307.480,-0.920,-0.056,0.273,0.120,0.200,2559.120
47.080,224.388,374.161,308.000,-0.370,0.078,0.220,-0.190,0.350,2560.830
47.100,224.499,375.766,307.060,0.030,-0.002,-0.061,-0.830,0.010,2562.540
47.120,224.611,377.395,311.540,-0.350,-0.062,0.158,-0.430,0.240,2564.270
47.140,224.723,379.002,307.640,0.900,-0.057,-0.038,0.730,0.220,2565.980
47.160,224.834,380.611,307.870,0.220,0.017,0.231,0.720,0.160,2567.690
47.180,224.945,382.217,307.260,0.910,-0.020,-0.017,-0.440,-0.100,2569.390
47.200,225.056,383.831,308.870,-0.310,-0.005,0.262,0.340,0.050,2571.110
47.220,225.168,385.451,309.850,1.330,0.081,0.284,-0.590,-0.180,2572.830
47.240,225.281,387.077,310.960,-0.170,-0.035,0.217,0.700,0.000,2574.560
47.260,225.392,388.682,307.160,-0.970,0.003,-0.019,0.120,-0.350,2576.270
47.280,225.503,390.299,309.260,2.180,0.071,0.313,0.470,-0.240,2577.980
47.300,225.616,391.923,310.540,-1.820,0.014,0.273,-0.860,-0.080,2579.710
47.320,225.728,393.549,310.980,-0.740,-0.080,0.274,0.340,-0.280,2581.440
47.340,225.840,395.172,310.350,-0.630,0.025,-0.045,-0.000,-0.150,2583.160
47.360,225.953,396.800,311.390,2.510,-0.058,0.234,0.430,-0.050,2584.890
47.380,226.064,398.418,309.600,1.810,0.070,-0.027,0.460,0.120,2586.610
47.400,226.178,400.058,313.380,1.490,-0.041,0.205,0.030,0.280,2588.350
47.420,226.291,401.694,312.770,-0.330,0.148,-0.063,-0.300,-0.140,2590.090
47.440,226.403,403.312,309.500,2.430,0.073,-0.103,0.390,0.400,2591.810
47.460,226.515,404.933,310.140,0.370,-0.040,0.229,-0.030,0.280,2593.530
47.480,226.627,406.556,310.420,0.980,0.001,0.269,-0.440,0.150,2595.260
47.500,226.740,408.195,313.240,0.180,0.038,0.265,-0.460,0.050,2597.000
47.520,226.853,409.819,310.530,-0.050,0.039,-0.048,-0.740,0.100,2598.720
47.540,226.965,411.452,312.200,-0.250,0.022,0.255,-0.260,0.360,2600.460
47.560,227.079,413.092,313.610,-0.210,0.063,0.193,0.550,0.370,2602.200
47.580,227.192,414.730,313.070,0.610,-0.006,-0.061,0.090,0.400,2603.940
47.600,227.306,416.372,313.790,0.370,-0.018,0.230,-0.260,0.010,2605.680
47.620,227.418,418.004,312.040,-0.030,-0.017,-0.070,0.400,0.170,2607.410
47.640,227.532,419.651,314.760,1.510,0.043,0.268,-0.420,0.400,2609.160
47.660,227.646,421.289,313.190,-2.970,0.018,-0.076,0.050,-0.190,2610.900
47.680,227.759,422.932,313.860,0.510,0.015,0.232,-0.090,-0.100,2612.650
47.700,227.873,424.580,314.940,0.720,0.040,0.187,0.390,0.000,2614.400
47.720,227.987,426.228,314.970,1.150,-0.103,0.241,-0.790,0.270,2616.150
47.740,228.101,427.877,315.090,-0.060,0.016,0.217,-0.430,0.270,2617.900
47.760,228.215,429.521,314.160,0.210,0.011,-0.048,-0.820,-0.070,2619.640
47.780,228.329,431.169,315.070,0.990,0.083,0.221,-0.130,-0.450,2621.390
47.800,228.443,432.822,315.760,1.490,-0.076,0.253,0.610,0.070,2623.150
47.820,228.557,434.465,313.930,-0.300,0.078,-0.054,-0.250,-0.280,2624.890
47.840,228.671,436.116,315.540,0.270,0.004,0.300,-0.260,-0.450,2626.640
47.860,228.786,437.776,317.050,1.680,0.024,0.265,0.440,-0.380,2628.400
47.880,228.899,439.423,314.780,-2.120,0.084,-0.105,0.530,0.100,2630.150
47.900,229.015,441.092,318.670,-0.690,0.028,0.212,-0.040,0.410,2631.920
47.920,229.130,442.763,319.080,1.470,0.020,0.252,0.340,0.010,2633.700
47.940,229.245,444.414,315.540,1.090,0.012,-0.078,-0.540,0.060,2635.450
47.960,229.360,446.089,319.680,0.520,-0.024,0.161,0.690,0.350,2637.230
47.980,229.476,447.752,317.660,-0.450,-0.001,-0.010,1.070,-0.460,2638.990
48.000,229.591,449.421,318.740,-0.880,-0.036,0.272,0.260,0.160,2640.760
48.020,229.706,451.084,317.610,-0.590,-0.002,-0.034,-1.040,-0.000,2642.530
48.040,229.822,452.760,319.970,1.550,-0.117,0.232,-0.280,0.170,2644.300
48.060,229.938,454.433,319.430,-0.630,0.021,-0.037,0.310,-0.150,2646.080
48.080,230.053,456.097,317.840,0.100,-0.006,-0.071,-0.210,-0.250,2647.840
48.100,230.168,457.760,317.550,-0.750,-0.017,-0.044,0.640,0.040,2649.610
48.120,230.283,459.421,317.340,0.840,0.011,-0.078,0.290,0.490,2651.370
48.140,230.399,461.097,320.000,-0.540,-0.072,0.295,-0.350,0.260,2653.150
48.160,230.515,462.773,320.000,-0.100,0.096,-0.097,0.020,-0.150,2654.930
48.180,230.573,464.460,45.330,-0.650,0.150,0.057,0.870,-0.440,2655.180
48.200,230.574,466.149,45.760,2.430,0.199,0.138,0.800,0.360,2655.440
48.220,230.516,467.837,47.180,-0.710,0.196,0.678,0.970,2.030,2655.700
48.240,230.401,469.522,48.270,0.330,0.216,1.046,1.530,3.110,2655.970
48.260,230.228,471.203,49.680,1.560,0.262,1.254,2.040,8.060,2656.240
48.280,229.998,472.878,51.540,1.830,0.306,1.610,2.810,4.700,2656.530
48.300,229.709,474.545,52.800,2.740,0.316,1.687,3.420,6.750,2656.820
48.320,229.364,476.202,54.810,1.660,0.342,2.037,4.160,8.700,2657.130
48.340,228.962,477.847,56.410,0.770,0.353,2.213,5.240,9.390,2657.440
48.360,228.504,479.478,57.860,1.270,0.373,2.155,5.930,8.200,2657.760
48.380,227.990,481.094,59.550,2.410,0.412,2.255,6.610,8.360,2658.090
48.400,227.420,482.692,61.130,3.300,0.433,2.251,7.610,9.420,2658.430
48.420,226.796,484.272,62.940,2.960,0.461,2.370,8.250,9.620,2658.780
48.440,226.118,485.830,64.480,3.750,0.465,2.231,9.000,8.350,2659.140
48.460,225.386,487.366,65.760,1.190,0.526,2.122,9.950,6.140,2659.500
48.480,224.601,488.878,67.430,6.110,0.568,2.143,10.900,7.930,2659.880
48.500,223.765,490.364,68.810,5.730,0.611,2.117,11.850,6.910,2660.260
48.520,222.878,491.822,70.510,7.950,0.662,2.253,12.500,8.210,2660.650
48.540,221.941,493.251,71.840,6.550,0.664,2.123,13.390,8.810,2661.050
48.560,220.955,494.649,73.310,3.670,0.683,2.181,14.110,9.540,2661.460
48.580,219.920,496.014,74.850,7.040,0.675,2.061,14.850,11.230,2661.880
48.600,218.839,497.346,76.240,8.030,0.777,2.109,15.870,8.130,2662.300
48.620,217.712,498.642,77.660,10.580,0.795,1.984,16.580,9.700,2662.730
48.640,216.540,499.900,79.090,5.650,0.841,2.055,17.450,9.330,2663.170
48.660,215.325,501.121,80.060,10.570,0.835,1.891,18.280,10.230,2663.610
48.680,214.068,502.302,81.260,12.190,0.882,1.788,18.950,8.890,2664.070
48.700,212.770,503.441,81.740,10.530,0.938,1.499,19.950,5.610,2664.520
48.720,211.433,504.538,83.040,12.740,0.949,1.520,20.830,4.630,2664.980
48.740,210.057,505.591,84.110,12.020,0.944,1.460,21.360,7.470,2665.450
48.760,208.645,506.600,84.970,12.530,0.964,1.491,22.290,6.350,2665.920
48.780,207.197,507.562,86.050,13.890,0.943,1.583,23.040,5.960,2666.400
48.800,205.716,508.477,87.180,14.080,0.978,1.458,24.070,5.160,2666.880
48.820,204.203,509.343,87.850,17.600,1.026,1.417,24.690,7.250,2667.370
48.840,202.660,510.161,88.360,15.490,1.048,1.163,25.530,8.430,2667.860
48.860,201.087,510.928,89.070,15.920,1.064,1.032,26.460,5.130,2668.360
48.880,199.488,511.644,89.370,22.000,1.094,0.837,27.310,6.000,2668.850
48.900,197.863,512.308,89.760,21.140,1.121,0.803,28.260,4.900,2669.350
48.920,196.214,512.919,90.440,16.210,1.100,0.825,28.850,3.150,2669.850
48.940,194.542,513.476,90.670,19.160,1.121,0.611,29.950,5.480,2670.360
48.960,192.851,513.980,90.440,21.820,1.182,0.287,30.530,1.730,2670.860
48.980,191.141,514.428,90.120,22.530,1.150,0.083,31.060,2.620,2671.360
49.000,189.414,514.821,90.090,19.350,1.151,0.093,31.380,2.120,2671.860
49.020,187.672,515.157,90.030,24.990,1.192,0.032,31.500,3.840,2672.360
49.040,185.917,515.438,89.320,24.490,1.201,-0.312,31.440,1.910,2672.860
49.060,184.150,515.661,89.010,23.920,1.174,-0.313,31.530,4.030,2673.350
49.080,182.374,515.828,88.790,25.810,1.167,-0.261,31.910,1.990,2673.850
49.100,180.590,515.936,88.550,24.150,1.155,-0.302,32.170,2.600,2674.340
49.120,178.801,515.987,87.890,24.170,1.128,-0.518,32.100,-1.390,2674.830
49.140,177.008,515.981,87.250,26.290,1.117,-0.573,31.790,7.380,2675.310
49.160,175.213,515.916,86.070,25.250,1.097,-1.001,31.960,6.520,2675.790
49.180,173.417,515.793,85.850,21.290,1.088,-0.767,32.100,3.710,2676.270
49.200,171.624,515.613,84.970,24.150,1.060,-0.911,32.230,3.620,2676.740
49.220,169.834,515.374,84.070,21.460,1.022,-1.088,32.450,5.110,2677.210
49.240,168.049,515.078,83.350,23.720,1.014,-1.041,32.670,6.750,2677.670
49.260,166.272,514.725,82.990,23.620,1.041,-0.989,32.870,2.710,2678.130
49.280,164.505,514.314,82.680,19.860,1.027,-0.622,32.950,4.020,2678.590
49.300,162.748,513.846,81.850,22.250,1.003,-0.923,32.740,7.890,2679.040
49.320,161.004,513.322,81.230,22.890,1.003,-0.775,32.830,3.020,2679.490
49.340,159.275,512.741,80.400,21.420,0.981,-0.961,33.270,5.450,2679.940
49.360,157.563,512.105,79.380,22.800,0.998,-1.073,33.330,9.060,2680.380
49.380,155.869,511.415,78.940,23.680,0.971,-0.990,33.410,6.360,2680.820
49.400,154.195,510.669,78.020,21.870,0.960,-1.053,33.490,5.790,2681.250
49.420,152.544,509.870,77.580,22.270,0.920,-0.893,33.580,5.730,2681.690
49.440,150.915,509.019,77.030,24.400,0.913,-0.847,33.290,4.190,2682.110
49.460,149.312,508.115,76.300,22.420,0.898,-0.884,33.420,6.840,2682.540
49.480,147.737,507.159,75.820,21.750,0.878,-0.877,33.570,4.230,2682.960
49.500,146.189,506.154,75.360,19.360,0.852,-0.821,33.870,1.640,2683.380
49.520,144.673,505.099,74.360,22.500,0.824,-1.075,33.940,4.820,2683.790
49.540,143.188,503.995,73.310,21.620,0.816,-1.102,33.790,4.040,2684.200
49.560,141.736,502.844,72.130,23.330,0.810,-1.229,33.990,5.500,2684.600
49.580,140.320,501.647,71.890,20.690,0.790,-0.910,34.000,4.380,2685.000
49.600,138.939,500.405,71.000,16.770,0.779,-1.065,33.980,7.080,2685.390
49.620,137.597,499.119,70.470,16.840,0.761,-1.030,34.040,6.170,2685.780
49.640,136.294,497.790,69.520,21.560,0.745,-1.194,34.300,6.070,2686.170
49.660,135.032,496.420,69.090,18.860,0.726,-0.886,34.600,4.550,2686.550
49.680,133.812,495.010,68.140,20.740,0.711,-1.175,34.730,3.950,2686.930
49.700,132.635,493.561,67.150,19.950,0.748,-1.187,34.870,2.380,2687.310
49.720,131.502,492.076,66.430,19.240,0.725,-1.136,34.960,5.600,2687.670
49.740,130.415,490.554,65.830,19.220,0.712,-1.047,34.980,6.280,2688.040
49.760,129.375,488.998,65.690,17.520,0.697,-0.784,34.720,3.980,2688.410
49.780,128.383,487.410,65.560,18.940,0.671,-0.599,33.770,2.640,2688.770
49.800,127.440,485.791,65.690,17.510,0.684,-0.514,33.120,3.860,2689.130
49.820,126.546,484.142,65.700,17.580,0.661,-0.253,32.180,2.080,2689.500
49.840,125.704,482.465,65.730,17.320,0.672,-0.299,31.500,4.920,2689.860
49.860,124.913,480.762,65.860,17.110,0.652,-0.015,30.510,3.210,2690.230
49.880,124.175,479.034,66.590,19.020,0.628,0.232,29.520,3.510,2690.600
49.900,123.490,477.284,66.860,16.460,0.639,0.172,28.310,3.020,2690.970
49.920,122.859,475.512,66.720,18.300,0.616,0.102,27.480,-0.350,2691.340
49.940,122.283,473.722,67.000,18.860,0.633,0.191,26.520,2.930,2691.710
49.960,121.762,471.913,67.430,17.030,0.614,0.412,25.520,3.230,2692.090
49.980,121.297,470.090,68.200,15.910,0.620,0.577,24.320,4.170,2692.470
50.000,120.888,468.252,68.710,14.990,0.605,0.632,23.170,4.160,2692.850
50.020,120.536,466.402,68.790,15.550,0.680,0.536,22.180,3.910,2693.230
50.040,120.241,464.542,69.620,13.490,0.650,0.672,21.050,7.700,2693.620
50.060,120.003,462.674,69.850,14.770,0.662,0.616,20.090,3.370,2694.010
50.080,119.823,460.799,70.370,13.460,0.697,0.662,18.750,5.120,2694.400
50.100,119.701,458.920,70.380,10.940,0.720,0.360,17.730,2.000,2694.790
50.120,119.636,457.038,70.230,12.910,0.734,0.332,17.000,3.810,2695.180
50.140,119.630,455.155,70.410,10.760,0.721,0.163,15.980,3.420,2695.570
50.160,119.681,453.273,70.280,9.790,0.745,0.171,14.910,2.630,2695.960
50.180,119.791,451.394,71.340,8.540,0.759,0.443,14.090,5.570,2696.360
50.200,119.958,449.520,71.860,9.220,0.758,0.629,12.600,2.390,2696.760
50.220,120.183,447.653,72.110,10.270,0.759,0.635,11.470,3.010,2697.160
50.240,120.465,445.794,72.670,9.450,0.752,0.592,10.410,3.900,2697.560
50.260,120.804,443.945,73.140,7.800,0.737,0.605,9.520,4.910,2697.970
50.280,121.200,442.109,73.670,7.740,0.772,0.696,8.580,4.250,2698.380
50.300,121.652,440.287,74.280,8.480,0.802,0.702,7.370,5.990,2698.790
50.320,122.160,438.481,74.530,5.050,0.783,0.722,6.450,3.100,2699.200
50.340,122.723,436.692,74.700,2.490,0.784,0.512,5.300,1.650,2699.620
50.360,123.341,434.923,75.260,6.730,0.787,0.570,4.400,4.030,2700.040
50.380,124.012,433.175,75.780,2.420,0.795,0.598,3.140,3.570,2700.460
50.400,124.737,431.451,76.120,1.450,0.805,0.530,2.070,4.280,2700.880
50.420,124.901,430.968,76.080,-0.420,-0.035,-0.062,0.250,0.130,2701.300
50.440,125.065,430.485,76.180,-0.070,-0.047,0.234,0.190,-0.070,2701.730
50.460,125.232,429.997,77.160,-0.510,0.027,0.272,-0.060,0.560,2702.150
50.480,125.400,429.506,77.890,-0.210,0.061,0.260,0.020,-0.470,2702.590
50.500,125.568,429.014,77.960,-0.970,0.024,0.271,-0.700,-0.670,2703.020
50.520,125.738,428.518,78.690,0.390,0.001,0.215,-0.290,-0.220,2703.460
50.540,125.909,428.021,78.960,1.080,0.016,0.293,0.030,0.210,2703.900
50.560,126.085,427.512,81.430,-0.820,0.007,0.237,-0.370,-0.320,2704.350
50.580,126.261,427.004,81.010,1.280,-0.056,-0.083,0.430,-0.290,2704.800
50.600,126.444,426.478,84.680,0.110,-0.062,0.237,-0.330,0.290,2705.270
50.620,126.622,425.965,82.110,0.240,-0.004,0.025,0.110,0.140,2705.730
50.640,126.799,425.455,81.620,-1.700,0.004,-0.062,0.060,0.110,2706.180
50.660,126.988,424.917,87.030,-1.810,0.001,0.240,0.370,0.230,2706.660
50.680,127.171,424.393,84.220,0.140,0.034,-0.056,0.450,-0.130,2707.130
50.700,127.357,423.863,85.650,0.790,-0.011,0.246,0.350,-0.110,2707.610
50.720,127.543,423.332,85.630,-0.670,0.028,-0.073,-1.050,0.240,2708.080
50.740,127.730,422.798,86.250,1.670,-0.007,0.254,0.600,-0.400,2708.560
50.760,127.918,422.262,86.700,0.730,0.091,0.282,0.760,-0.640,2709.040
50.780,128.102,421.735,84.820,-0.910,0.004,-0.041,-0.240,-0.130,2709.510
50.800,128.293,421.194,87.600,0.030,0.117,0.217,0.120,0.280,2710.000
50.820,128.479,420.663,85.630,2.480,0.018,-0.060,-0.450,0.080,2710.480
50.840,128.670,420.121,87.930,-1.240,-0.011,0.233,-0.970,0.260,2710.960
50.860,128.860,419.580,87.680,0.530,-0.045,-0.048,-0.370,-0.600,2711.450
50.880,129.056,419.027,89.880,-0.320,-0.072,0.290,-0.270,0.090,2711.950
50.900,129.253,418.472,90.420,0.710,-0.050,0.246,-0.180,0.200,2712.450
50.920,129.452,417.913,91.220,1.270,-0.044,0.247,-0.480,-0.410,2712.960
50.940,129.651,417.353,91.500,-0.390,0.020,0.303,-0.370,0.260,2713.470
50.960,129.848,416.796,90.740,1.120,-0.026,-0.024,-0.010,-0.030,2713.970
50.980,130.049,416.234,91.830,2.220,0.009,0.267,-0.390,0.920,2714.480
51.000,130.254,415.660,94.180,0.070,0.064,0.309,0.270,-0.650,2715.010
51.020,130.461,415.082,94.970,0.780,-0.004,0.265,0.340,0.410,2715.530
51.040,130.662,414.518,92.230,-0.590,0.104,-0.110,1.190,-0.120,2716.050
51.060,130.863,413.953,92.230,0.020,-0.059,-0.025,0.560,-0.490,2716.560
51.080,131.068,413.380,94.010,-0.180,-0.008,0.202,0.120,-0.160,2717.080
51.100,131.281,412.791,97.240,0.800,-0.027,0.264,-0.310,0.080,2717.620
51.120,131.495,412.197,98.070,1.200,0.047,0.199,0.150,0.310,2718.170
51.140,131.703,411.616,95.440,-0.110,-0.112,-0.064,0.160,0.520,2718.700
51.160,131.917,411.024,97.860,1.530,-0.072,0.239,-0.260,0.430,2719.240
51.180,132.138,410.416,100.730,1.530,-0.005,0.227,0.390,-0.290,2719.800
51.200,132.354,409.817,99.170,0.850,0.078,-0.060,-0.700,0.340,2720.350
51.220,132.576,409.207,101.260,-0.520,0.011,0.281,-0.120,0.120,2720.910
51.240,132.798,408.598,101.200,-0.610,-0.068,-0.071,0.280,-0.200,2721.470
51.260,133.014,408.000,98.910,-0.810,-0.060,-0.034,-0.140,-0.060,2722.020
51.280,133.234,407.393,100.570,0.950,0.084,0.221,-0.100,-0.210,2722.580
51.300,133.456,406.782,101.480,-1.210,-0.031,0.244,-0.070,0.010,2723.150
51.320,133.680,406.168,102.160,0.680,-0.047,0.260,-0.420,-0.220,2723.710
51.340,133.907,405.544,103.950,-1.080,0.074,0.220,0.590,-0.310,2724.290
51.360,134.135,404.921,103.760,0.820,0.051,-0.089,-0.510,0.140,2724.870
51.380,134.352,404.321,99.320,0.020,0.064,-0.035,0.160,0.190,2725.420
51.400,134.576,403.706,102.330,1.330,-0.048,0.284,0.210,-0.060,2725.990
51.420,134.798,403.094,101.600,1.140,-0.076,-0.052,-0.470,0.410,2726.550
51.440,135.030,402.462,105.720,1.440,0.007,0.236,0.040,-0.080,2727.140
51.460,135.263,401.826,106.390,1.460,0.017,0.255,-0.450,-0.090,2727.730
51.480,135.498,401.187,107.030,0.140,0.018,0.252,0.700,0.200,2728.330
51.500,135.730,400.554,105.740,-1.160,0.074,-0.043,-0.570,-0.040,2728.910
51.520,135.969,399.906,108.760,-1.050,-0.087,0.174,-0.330,0.030,2729.520
51.540,136.209,399.255,109.400,-2.090,0.043,0.218,-0.610,-0.760,2730.130
51.560,136.444,398.616,107.020,-1.080,-0.055,-0.075,-0.680,0.010,2730.720
51.580,136.679,397.976,107.280,0.070,0.043,0.255,0.800,-0.550,2731.320
51.600,136.921,397.321,110.050,-0.560,-0.024,0.256,0.270,-0.370,2731.930
51.620,137.170,396.650,113.320,-0.180,-0.041,0.269,0.070,-0.400,2732.560
51.640,137.420,395.977,113.750,0.490,-0.030,0.258,-0.330,-0.310,2733.190
51.660,137.668,395.310,112.620,-0.300,-0.072,-0.089,0.450,-0.160,2733.810
51.680,137.912,394.649,111.260,-1.120,0.002,-0.007,-0.410,-0.150,2734.430
51.700,138.164,393.973,114.260,-0.050,-0.039,0.288,0.400,0.200,2735.070
51.720,138.412,393.305,112.830,-0.900,0.039,-0.088,-0.440,0.070,2735.690
51.740,138.660,392.636,112.930,-0.270,0.032,0.260,-0.320,-0.570,2736.320
51.760,138.905,391.974,111.440,1.340,0.084,-0.068,0.380,0.020,2736.940
51.780,139.159,391.293,115.380,-0.270,0.018,0.254,0.430,0.100,2737.580
51.800,139.412,390.614,114.860,1.770,0.026,-0.018,0.300,-0.100,2738.220
51.820,139.668,389.927,116.530,1.430,0.070,0.314,-0.520,-0.020,2738.870
51.840,139.918,389.255,113.510,-0.580,-0.031,-0.027,-0.220,0.060,2739.500
51.860,140.177,388.561,117.790,-1.110,-0.074,0.259,0.080,0.230,2740.150
51.880,140.429,387.884,114.460,-0.050,0.010,-0.060,-0.420,-0.470,2740.790
51.900,140.694,387.178,120.310,1.150,-0.071,0.255,0.690,-0.070,2741.460
51.920,140.959,386.473,120.040,-0.490,0.123,-0.009,-1.200,0.450,2742.120
51.940,141.222,385.771,119.410,0.910,0.073,-0.051,-0.390,0.420,2742.790
51.960,141.489,385.060,121.250,1.210,0.108,0.223,-0.250,0.260,2743.460
51.980,141.752,384.358,119.520,-0.770,0.003,-0.099,-1.420,0.160,2744.120
52.000,142.021,383.644,121.670,-0.680,0.028,0.265,-0.700,0.500,2744.800
52.020,142.293,382.923,123.320,0.710,-0.023,0.257,0.310,0.580,2745.490
52.040,142.553,382.228,118.070,0.150,0.044,-0.069,0.020,-0.040,2746.140
52.060,142.823,381.510,122.610,-0.690,-0.061,0.281,0.790,-0.290,2746.820
52.080,143.096,380.785,123.820,-0.350,-0.127,0.237,0.770,-0.080,2747.510
52.100,143.370,380.060,124.140,-0.070,-0.040,0.246,0.220,0.930,2748.200
52.120,143.651,379.318,127.190,-1.560,-0.073,0.250,0.160,-0.470,2748.910
52.140,143.925,378.594,123.900,0.770,0.074,-0.061,0.030,-0.140,2749.600
52.160,144.201,377.863,125.230,-0.480,0.091,0.257,-1.330,-0.420,2750.290
52.180,144.474,377.138,123.860,-2.780,-0.070,-0.015,-0.700,0.040,2750.980
52.200,144.761,376.385,129.570,-0.020,0.065,0.216,0.050,-0.360,2751.700
52.220,145.042,375.642,127.520,-0.740,0.048,-0.035,0.310,-0.030,2752.410
52.240,145.324,374.898,127.800,1.690,-0.078,0.255,0.140,-0.590,2753.120
52.260,145.609,374.148,128.960,-0.590,-0.020,0.255,-0.450,0.190,2753.830
52.280,145.898,373.389,130.560,-1.100,-0.029,0.276,0.470,0.370,2754.560
52.300,146.187,372.630,130.710,0.510,0.037,0.251,0.740,-0.120,2755.290
52.320,146.485,371.851,134.730,-0.660,-0.061,0.264,0.470,-0.040,2756.030
52.340,146.777,371.085,132.020,-0.780,-0.005,-0.029,0.490,-0.050,2756.770
52.360,147.067,370.324,131.210,0.510,-0.034,-0.065,-0.280,0.050,2757.500
52.380,147.358,369.560,131.640,-1.040,0.024,0.259,0.540,-0.010,2758.230
52.400,147.651,368.792,132.470,-1.460,-0.011,0.242,0.070,0.230,2758.960
52.420,147.941,368.029,131.380,1.730,-0.027,-0.054,0.260,0.370,2759.690
52.440,148.239,367.252,134.270,0.580,-0.011,0.240,0.180,-0.240,2760.440
52.460,148.539,366.467,135.960,-0.260,0.102,0.264,-0.060,-0.090,2761.190
52.480,148.837,365.689,134.440,-0.000,-0.021,-0.048,-0.430,0.270,2761.940
52.500,149.135,364.909,134.730,0.510,-0.052,0.262,-0.040,-0.430,2762.690
52.520,149.442,364.109,138.790,0.970,0.029,0.249,0.490,-0.590,2763.460
52.540,149.741,363.329,134.950,-0.760,-0.007,-0.098,-0.220,0.070,2764.210
52.560,150.039,362.550,134.560,0.370,-0.071,-0.049,0.450,0.150,2764.960
52.580,150.341,361.762,136.510,-0.510,0.112,0.252,0.370,-0.220,2765.720
52.600,150.643,360.973,136.500,-0.190,-0.018,-0.043,-0.150,-0.170,2766.480
52.620,150.953,360.167,139.970,0.160,-0.019,0.232,0.690,-0.230,2767.250
52.640,151.262,359.364,139.420,-0.010,0.008,-0.086,-0.180,-0.260,2768.030
52.660,151.573,358.557,140.210,0.740,0.087,0.269,0.750,0.210,2768.810
52.680,151.889,357.737,142.840,0.490,-0.084,0.242,0.220,-0.350,2769.600
52.700,152.201,356.927,140.650,-1.510,0.014,-0.045,-0.010,-0.080,2770.380
52.720,152.519,356.104,143.430,-1.360,0.104,0.242,-0.440,-0.270,2771.180
52.740,152.841,355.272,145.110,-0.370,0.006,0.250,-0.040,-0.440,2771.980
52.760,153.157,354.452,142.730,1.830,-0.062,-0.063,-0.100,0.260,2772.780
52.780,153.479,353.620,145.100,-0.850,-0.031,0.221,-0.630,-0.160,2773.580
52.800,153.799,352.793,144.200,-0.210,0.010,-0.036,-0.110,0.060,2774.380
52.820,154.124,351.954,146.530,-0.540,0.067,0.232,-0.400,-0.450,2775.200
52.840,154.442,351.130,143.360,-0.550,-0.017,-0.045,0.290,-0.220,2775.990
52.860,154.761,350.305,143.820,0.180,0.041,0.262,0.650,0.230,2776.790
52.880,155.085,349.467,146.280,1.400,-0.072,0.232,-0.610,0.780,2777.610
52.900,155.409,348.630,146.110,0.460,-0.072,-0.086,0.860,-0.590,2778.420
52.920,155.736,347.787,147.240,-0.800,-0.024,0.323,-0.060,-0.060,2779.240
52.940,156.065,346.939,148.260,2.750,0.072,0.234,-0.490,0.120,2780.060
52.960,156.399,346.081,150.250,0.080,0.003,0.269,0.380,-0.180,2780.890
52.980,156.730,345.229,149.130,-0.580,0.014,0.008,-0.220,0.250,2781.720
53.000,157.061,344.377,149.080,1.410,0.014,-0.026,-0.040,-0.260,2782.550
53.020,157.394,343.518,150.370,-0.470,0.055,0.241,-0.200,0.050,2783.390
53.040,157.728,342.660,150.310,1.660,-0.031,-0.052,-0.410,-0.160,2784.220
53.060,158.063,341.800,150.640,-0.870,0.034,0.225,0.360,0.370,2785.060
53.080,158.396,340.942,150.200,1.430,-0.042,-0.024,-0.140,-0.200,2785.890
53.100,158.737,340.069,153.300,0.200,0.099,0.267,-0.720,-0.110,2786.740
53.120,159.076,339.197,152.920,1.290,-0.040,-0.065,0.280,0.280,2787.590
53.140,159.423,338.311,155.790,1.900,-0.044,0.219,-0.600,-0.310,2788.460
53.160,159.762,337.441,152.750,-1.130,0.027,-0.090,-0.580,0.020,2789.310
53.180,160.106,336.560,154.680,1.280,0.004,0.280,0.600,-0.550,2790.170
53.200,160.459,335.659,158.790,-1.410,0.016,0.254,-0.600,-0.330,2791.050
53.220,160.804,334.776,155.240,-1.050,0.011,-0.044,-1.160,0.110,2791.910
53.240,161.152,333.884,156.860,-0.800,-0.055,0.225,0.310,-0.300,2792.780
53.260,161.499,332.997,155.970,0.500,0.081,-0.094,-0.150,-0.160,2793.650
53.280,161.847,332.108,156.350,0.030,0.045,0.279,-0.110,0.150,2794.520
53.300,162.205,331.195,161.270,-0.170,0.068,0.251,-0.160,-0.170,2795.410
53.320,162.561,330.288,159.780,0.150,-0.026,-0.023,0.120,0.250,2796.300
53.340,162.917,329.380,160.300,0.590,0.021,0.238,-0.380,0.060,2797.190
53.360,163.269,328.482,158.130,0.670,0.010,-0.057,0.740,0.130,2798.070
53.380,163.629,327.565,161.780,1.090,0.056,0.271,-0.740,0.370,2798.970
53.400,163.993,326.640,163.560,1.820,0.058,0.272,0.220,0.100,2799.880
53.420,164.358,325.712,164.120,-0.020,0.010,0.274,0.320,0.460,2800.790
53.440,164.723,324.784,163.970,-0.520,-0.076,-0.059,-0.380,0.270,2801.700
53.460,165.083,323.867,161.850,0.610,0.089,-0.032,-0.510,-0.160,2802.600
53.480,165.449,322.937,164.590,-1.140,0.028,0.283,0.510,0.390,2803.520
53.500,165.818,322.001,165.700,-0.680,-0.030,0.247,-0.500,0.080,2804.440
53.520,166.180,321.080,162.580,1.000,0.020,-0.065,-0.300,-0.120,2805.340
53.540,166.545,320.152,164.170,-0.120,-0.076,0.290,0.440,0.080,2806.250
53.560,166.919,319.205,167.750,-1.210,0.053,0.230,0.020,0.330,2807.180
53.580,167.294,318.256,168.310,-1.490,-0.074,0.269,-0.900,0.140,2808.120
53.600,167.662,317.322,165.250,0.050,-0.011,-0.052,0.870,0.550,2809.040
53.620,168.039,316.367,169.340,1.140,0.012,0.195,-0.270,0.330,2809.980
53.640,168.415,315.415,168.870,1.130,0.052,-0.016,-0.200,0.160,2810.920
53.660,168.795,314.454,170.470,0.110,0.005,0.167,0.130,-0.310,2811.860
53.680,169.171,313.502,168.920,2.010,0.032,-0.110,0.310,-0.050,2812.800
53.700,169.553,312.537,171.420,-0.100,-0.001,0.266,0.980,0.020,2813.750
53.720,169.937,311.567,172.290,-0.140,-0.002,0.266,-0.830,0.210,2814.710
53.740,170.318,310.604,171.070,-2.570,0.004,-0.069,0.410,0.190,2815.660
53.760,170.702,309.634,172.200,-0.450,-0.009,0.254,0.370,0.050,2816.620
53.780,171.085,308.667,171.780,0.850,-0.084,-0.126,-0.070,0.040,2817.570
53.800,171.477,307.680,175.800,1.560,-0.038,0.271,0.390,0.220,2818.550
53.820,171.864,306.703,173.720,-0.830,0.012,-0.043,0.470,-0.260,2819.510
53.840,172.250,305.730,173.090,0.460,-0.012,-0.051,-0.690,0.510,2820.470
53.860,172.638,304.751,173.980,1.050,-0.008,0.251,0.870,-0.610,2821.440
53.880,173.030,303.764,175.820,0.010,-0.016,0.265,-0.780,0.440,2822.420
53.900,173.425,302.769,177.330,-2.280,-0.043,0.249,-0.570,-0.010,2823.400
53.920,173.815,301.787,174.770,0.250,-0.025,-0.106,-0.130,0.300,2824.370
53.940,174.217,300.777,180.120,0.760,-0.015,0.316,0.960,0.110,2825.370
53.960,174.615,299.777,178.390,-0.950,0.000,-0.014,-0.150,0.100,2826.370
53.980,175.014,298.772,179.200,-0.250,0.020,0.211,-0.020,0.170,2827.360
54.000,175.413,297.769,178.930,-1.160,-0.009,-0.060,0.720,0.240,2828.360
54.020,175.814,296.762,179.680,-2.570,-0.051,0.243,-0.150,-0.100,2829.350
54.040,176.216,295.753,180.010,1.030,-0.070,0.282,-0.590,0.310,2830.350
54.060,176.623,294.733,182.330,-0.000,0.130,0.185,-0.210,-0.330,2831.370
54.080,177.028,293.717,181.370,1.600,-0.056,-0.065,0.690,-0.000,2832.370
54.100,177.436,292.693,183.100,0.860,-0.026,0.197,0.040,0.250,2833.390
54.120,177.842,291.675,181.880,-0.350,0.026,-0.059,0.970,0.300,2834.400
54.140,178.251,290.649,183.400,-0.080,0.018,0.236,0.370,0.140,2835.420
54.160,178.659,289.628,182.470,0.570,0.026,-0.048,-0.320,-0.120,2836.430
54.180,179.074,288.588,186.080,0.970,-0.022,0.232,0.030,0.270,2837.470
54.200,179.484,287.562,183.580,0.320,0.012,-0.073,-0.430,-0.200,2838.490
54.220,179.897,286.528,184.920,1.110,0.003,0.269,-0.330,0.530,2839.520
54.240,180.311,285.492,185.510,-0.300,-0.016,0.264,2.240,-0.030,2840.550
54.260,180.726,284.452,186.020,-1.000,0.012,0.267,0.510,-0.460,2841.580
54.280,181.147,283.402,188.210,-0.060,0.053,0.245,0.430,-0.360,2842.630
54.300,181.565,282.357,187.230,0.210,-0.001,-0.067,-0.310,0.010,2843.670
54.320,181.990,281.296,190.370,-1.200,-0.001,0.246,0.780,0.040,2844.720
54.340,182.409,280.249,187.630,-1.340,0.053,-0.035,0.550,0.590,2845.770
54.360,182.833,279.191,189.680,0.450,0.048,0.185,0.940,-0.310,2846.820
54.380,183.254,278.137,188.840,-0.410,0.079,-0.038,0.920,0.010,2847.870
54.400,183.682,277.072,191.210,-0.170,-0.088,0.259,-0.740,-0.320,2848.930
54.420,184.109,276.007,191.130,-0.360,0.045,-0.048,-0.550,-0.150,2849.990
54.440,184.537,274.940,191.500,1.520,0.030,0.246,-0.500,0.510,2851.060
54.460,184.970,273.860,194.090,1.260,-0.044,0.173,-0.470,-0.340,2852.130
54.480,185.399,272.791,191.900,-1.240,0.013,-0.063,0.160,0.180,2853.200
54.500,185.833,271.710,194.340,-0.530,0.053,0.304,-0.280,0.120,2854.280
54.520,186.264,270.636,192.880,0.850,-0.041,-0.050,1.040,-0.010,2855.350
54.540,186.700,269.553,194.780,0.600,0.022,0.241,0.950,0.160,2856.430
54.560,187.132,268.476,193.390,-0.040,0.044,-0.049,-0.000,-0.350,2857.510
54.580,187.567,267.393,194.760,-1.140,-0.054,0.261,0.980,0.500,2858.590
54.600,188.006,266.302,196.210,-0.680,-0.007,0.270,0.740,0.580,2859.680
54.620,188.452,265.194,199.630,-0.520,0.015,0.243,-0.230,0.010,2860.790
54.640,188.894,264.096,197.630,0.280,-0.040,-0.037,-1.000,0.730,2861.890
54.660,189.343,262.984,200.540,1.700,-0.044,0.300,-0.110,-0.120,2863.000
54.680,189.788,261.879,198.960,-0.690,-0.007,-0.020,-0.320,0.120,2864.110
54.700,190.232,260.776,198.630,-1.030,0.040,0.020,0.100,0.430,2865.210
54.720,190.684,259.655,202.090,-0.110,0.032,0.230,0.040,-0.140,2866.330
54.740,191.134,258.540,201.010,1.030,-0.043,0.000,0.030,-0.410,2867.450
54.760,191.581,257.431,199.970,-1.450,0.033,-0.074,0.260,-0.480,2868.560
54.780,192.033,256.309,202.220,1.450,-0.042,0.261,-0.610,0.620,2869.680
54.800,192.484,255.191,201.650,-0.170,-0.081,-0.028,0.210,-0.160,2870.800
54.820,192.931,254.083,199.680,-0.730,-0.018,-0.065,-0.220,-0.060,2871.910
54.840,193.389,252.950,204.640,-1.600,0.056,0.253,0.100,-0.330,2873.050
54.860,193.848,251.812,205.450,0.710,0.033,0.277,0.480,0.280,2874.190
54.880,194.312,250.666,207.140,-0.170,-0.000,0.229,-0.610,-0.230,2875.340
54.900,194.772,249.528,205.590,0.170,-0.021,0.000,-0.140,-0.150,2876.490
54.920,195.231,248.392,205.160,-0.900,-0.019,-0.092,-0.060,0.090,2877.630
54.940,195.695,247.244,207.360,-0.320,0.005,0.308,-0.260,-0.320,2878.780
54.960,196.161,246.094,207.960,-0.490,-0.053,0.280,0.450,-0.050,2879.930
54.980,196.630,244.935,209.720,-0.100,-0.017,0.247,-0.360,0.420,2881.100
55.000,197.095,243.786,207.770,-0.670,-0.011,-0.062,-0.280,0.130,2882.250
55.020,197.561,242.635,208.160,-1.530,-0.068,0.235,-0.350,0.040,2883.410
55.040,198.027,241.485,207.910,2.730,-0.042,-0.054,0.550,0.060,2884.560
55.060,198.498,240.322,210.370,-1.360,0.021,0.249,-0.250,-0.120,2885.730
55.080,198.963,239.173,207.820,0.180,0.000,-0.012,0.230,0.600,2886.890
55.100,199.437,238.003,211.880,-1.770,-0.015,0.309,0.990,-0.240,2888.060
55.120,199.912,236.831,212.170,-2.000,-0.046,0.256,-0.040,0.060,2889.240
55.140,200.389,235.657,212.740,0.100,0.079,0.225,0.560,0.030,2890.420
55.160,200.865,234.483,212.650,0.170,-0.042,-0.066,0.840,0.300,2891.610
55.180,201.347,233.295,215.310,1.260,0.013,0.245,0.510,0.330,2892.800
55.200,201.829,232.110,214.900,0.400,-0.024,-0.081,-0.010,-0.010,2894.000
55.220,202.306,230.933,213.250,-0.150,0.002,-0.085,0.320,0.090,2895.180
55.240,202.785,229.753,213.860,-0.950,0.023,0.313,-0.640,0.100,2896.370
55.260,203.264,228.572,213.990,1.500,-0.069,0.259,-0.390,-0.680,2897.560
55.280,203.750,227.377,216.720,0.930,-0.000,0.225,-0.300,-0.480,2898.760
55.300,204.231,226.192,214.960,-1.250,0.060,-0.026,1.120,-0.180,2899.960
55.320,204.721,224.987,218.670,0.040,0.088,0.215,-0.410,-0.170,2901.170
55.340,205.213,223.778,219.600,0.140,-0.007,0.217,-0.410,-0.360,2902.390
55.360,205.699,222.583,216.870,-0.350,0.002,-0.074,-0.520,0.220,2903.600
55.380,206.189,221.379,218.490,0.770,0.111,0.300,0.280,0.000,2904.810
55.400,206.680,220.171,219.370,0.830,0.057,0.242,0.070,-0.060,2906.030
55.420,207.176,218.954,221.240,-0.190,-0.031,0.177,0.540,-0.380,2907.260
55.440,207.676,217.728,222.910,-0.280,-0.031,0.286,0.340,-0.010,2908.500
55.460,208.165,216.524,218.540,1.500,0.048,-0.059,-0.690,-0.790,2909.710
55.480,208.661,215.307,221.160,0.930,-0.051,0.195,-0.400,-0.050,2910.940
55.500,209.158,214.087,221.820,0.070,0.054,0.240,0.680,0.020,2912.170
55.520,209.653,212.872,220.690,-1.630,0.017,-0.034,-0.100,0.070,2913.400
55.540,210.152,211.647,222.640,0.340,0.026,0.262,0.590,-0.470,2914.630
55.560,210.655,210.413,224.580,0.700,-0.013,0.304,-0.070,0.070,2915.880
55.580,211.158,209.181,224.100,-2.750,-0.031,-0.076,-0.480,-0.310,2917.130
55.600,211.657,207.956,222.780,0.250,0.073,-0.049,-0.150,-0.240,2918.360
55.620,212.173,206.694,229.980,-0.420,-0.012,0.229,-0.480,0.220,2919.640
55.640,212.681,205.449,226.640,-0.220,-0.021,-0.096,-0.280,0.600,2920.900
55.660,213.190,204.203,226.990,-0.910,-0.004,0.277,0.100,0.020,2922.160
55.680,213.696,202.962,225.750,-0.150,0.010,-0.036,0.260,-0.250,2923.420
55.700,214.208,201.709,228.360,1.390,-0.052,0.259,-0.800,0.060,2924.680
55.720,214.720,200.456,228.300,-0.450,-0.028,-0.037,-0.010,0.280,2925.950
55.740,215.228,199.213,226.290,0.970,-0.031,-0.071,-0.290,0.190,2927.210
55.760,215.739,197.961,228.090,-0.810,0.042,0.220,-0.320,0.820,2928.480
55.780,216.258,196.691,231.460,0.760,-0.044,0.251,0.070,-0.210,2929.760
55.800,216.783,195.410,233.760,0.000,-0.088,0.285,-0.280,0.080,2931.060
55.820,217.303,194.139,231.970,0.350,-0.098,-0.002,0.690,0.460,2932.350
55.840,217.827,192.858,233.650,0.010,-0.074,0.274,0.590,0.450,2933.650
55.860,218.348,191.585,232.340,0.640,0.068,-0.049,0.590,-0.590,2934.940
55.880,218.871,190.308,233.020,-2.570,0.001,0.258,-0.250,-0.000,2936.230
55.900,219.399,189.019,235.360,-1.420,0.025,0.250,-0.480,0.450,2937.540
55.920,219.931,187.722,236.790,0.420,0.027,0.219,0.040,0.870,2938.860
55.940,220.462,186.426,236.820,-2.040,0.003,0.251,-0.080,0.210,2940.170
55.960,220.987,185.145,233.850,-0.530,-0.004,-0.090,-0.300,-0.110,2941.470
55.980,221.516,183.853,235.920,-0.050,0.052,0.246,-0.590,-0.300,2942.780
56.000,222.048,182.556,237.010,-0.830,0.007,0.299,-0.020,0.670,2944.100
56.020,222.579,181.259,236.780,-0.690,0.070,-0.025,-0.200,0.220,2945.410
56.040,223.114,179.955,238.330,0.270,0.031,0.222,0.340,-0.250,2946.740
56.060,223.652,178.645,239.550,1.010,-0.031,0.248,0.330,-0.060,2948.070
56.080,224.192,177.331,240.400,-0.960,-0.025,0.225,0.550,0.090,2949.400
56.100,224.735,176.008,242.000,-0.580,-0.036,0.248,-0.630,0.160,2950.750
56.120,225.273,174.698,239.550,-0.730,0.061,-0.019,0.200,-0.270,2952.080
56.140,225.808,173.393,238.580,-2.420,-0.020,-0.030,-0.360,-0.180,2953.410
56.160,226.351,172.071,241.740,0.140,-0.040,0.325,-0.610,-0.500,2954.750
56.180,226.900,170.736,244.600,0.930,0.016,0.286,-0.210,0.310,2956.110
56.200,227.442,169.415,241.630,1.020,-0.005,-0.044,0.530,-0.100,2957.450
56.220,227.990,168.082,243.950,-0.870,0.015,0.270,-0.190,0.140,2958.810
56.240,228.539,166.747,244.540,-1.250,0.094,0.244,0.780,0.430,2960.160
56.260,229.088,165.412,244.360,0.020,0.046,-0.084,0.270,0.070,2961.520
56.280,229.637,164.076,244.660,0.830,0.001,0.289,-0.200,-0.030,2962.880
56.300,230.185,162.745,243.840,0.150,-0.070,-0.020,0.580,0.060,2964.240
56.320,230.729,161.420,242.380,0.290,-0.025,-0.057,0.220,0.020,2965.580
56.340,231.278,160.084,244.710,1.140,0.036,0.258,-0.470,0.370,2966.940
56.360,231.832,158.739,246.360,-0.740,-0.059,0.287,0.930,0.090,2968.310
56.380,232.391,157.380,249.170,-0.220,0.107,0.275,0.130,-0.160,2969.690
56.400,232.948,156.027,247.950,1.630,0.001,-0.094,0.010,0.310,2971.070
56.420,233.505,154.675,247.900,-0.200,0.002,-0.043,-0.430,0.370,2972.450
56.440,234.062,153.322,247.910,-1.270,-0.033,0.245,0.590,-0.400,2973.830
56.460,234.625,151.955,250.810,-0.670,0.025,0.283,0.260,0.460,2975.220
56.480,235.192,150.580,252.440,-0.940,-0.058,0.281,0.310,0.110,2976.620
56.500,235.760,149.204,252.570,0.360,0.108,0.290,-0.250,0.080,2978.030
56.520,236.327,147.828,252.460,-0.900,0.066,-0.084,0.420,0.300,2979.430
56.540,236.888,146.465,249.910,0.270,0.049,-0.074,0.460,-0.170,2980.820
56.560,237.455,145.091,252.170,-0.740,-0.070,0.283,-0.330,0.290,2982.220
56.580,238.030,143.697,256.200,-2.120,0.010,0.232,-0.710,-0.110,2983.640
56.600,238.605,142.306,255.540,0.310,0.060,-0.096,0.290,-0.440,2985.060
56.620,239.171,140.932,252.120,0.150,0.030,-0.034,-0.790,-0.300,2986.460
56.640,239.744,139.544,254.920,0.520,-0.050,0.234,0.080,0.170,2987.880
56.660,240.319,138.150,256.120,-0.670,-0.033,0.304,-0.220,-0.280,2989.300
56.680,240.892,136.761,255.010,-0.780,-0.023,-0.041,0.610,0.480,2990.720
56.700,241.461,135.382,253.260,0.400,-0.030,-0.045,-0.200,0.360,2992.120
56.720,242.040,133.981,257.450,1.520,0.076,0.239,0.550,0.400,2993.550
56.740,242.617,132.584,256.700,0.010,-0.096,-0.002,-0.260,0.040,2994.980
56.760,243.195,131.184,257.280,0.420,0.033,0.261,0.500,0.080,2996.410
56.780,243.776,129.778,258.500,-0.320,-0.065,0.238,1.030,-0.360,2997.850
56.800,244.359,128.367,259.400,-1.540,-0.048,0.226,-0.530,0.300,2999.290
56.820,244.944,126.952,260.170,0.970,-0.100,0.248,0.150,0.110,3000.730
56.840,245.527,125.542,259.430,0.910,-0.027,-0.079,1.370,0.170,3002.170
56.860,246.114,124.123,261.000,0.710,0.076,0.281,0.030,0.510,3003.620
56.880,246.697,122.713,259.270,-0.180,0.013,-0.104,0.030,-0.180,3005.060
56.900,247.288,121.284,262.950,0.600,-0.060,0.246,0.390,-0.040,3006.520
56.920,247.869,119.877,258.770,0.890,0.051,-0.032,0.020,0.100,3007.960
56.940,248.461,118.447,263.200,1.620,0.062,0.260,-0.850,-0.280,3009.420
56.960,249.058,117.005,265.580,0.990,0.005,0.228,0.570,-0.060,3010.900
56.980,249.650,115.575,263.190,0.060,0.102,-0.030,-1.000,0.150,3012.360
57.000,250.249,114.128,266.430,-1.310,0.041,0.223,-0.210,-0.100,3013.840
57.020,250.851,112.676,267.670,0.160,0.034,0.249,0.600,0.390,3015.330
57.040,251.439,111.254,261.540,0.260,-0.040,-0.030,-0.180,-0.450,3016.780
57.060,252.039,109.806,266.850,0.710,0.031,0.264,-0.350,0.340,3018.260
57.080,252.631,108.375,263.340,1.350,0.011,-0.070,0.440,0.200,3019.730
57.100,253.234,106.921,268.060,-0.100,0.026,0.286,-0.430,-0.170,3021.220
57.120,253.838,105.462,268.800,2.100,-0.034,0.253,-0.610,-0.280,3022.710
57.140,254.436,104.020,265.660,-1.760,0.006,-0.028,0.140,-0.620,3024.190
57.160,255.050,102.541,272.850,0.420,-0.041,0.296,-0.090,-0.240,3025.700
57.180,255.659,101.072,270.960,-0.800,-0.107,-0.016,-0.620,0.310,3027.210
57.200,256.266,99.609,269.830,-1.910,0.050,-0.016,0.320,-0.020,3028.710
57.220,256.882,98.124,273.880,-0.200,-0.075,0.256,0.230,0.350,3030.230
57.240,257.488,96.662,269.570,-1.460,0.005,-0.026,-0.180,-0.190,3031.730
57.260,258.098,95.193,270.990,-0.160,0.017,0.256,-0.150,0.210,3033.230
57.280,258.705,93.729,269.960,0.030,0.016,-0.086,0.240,-0.220,3034.730
57.300,259.328,92.231,276.690,1.120,-0.014,0.259,0.600,-0.290,3036.270
57.320,259.946,90.741,275.060,-1.510,0.014,-0.042,-0.140,-0.030,3037.800
57.340,260.568,89.245,276.120,0.910,0.024,0.268,0.330,-0.200,3039.330
57.360,261.189,87.750,276.160,0.100,0.037,0.246,0.280,-0.460,3040.860
57.380,261.813,86.249,277.150,1.030,0.087,0.227,0.440,-0.050,3042.400
57.400,262.436,84.749,276.980,-0.430,0.012,-0.030,0.020,0.030,3043.940
57.420,263.061,83.245,277.840,-1.330,0.003,0.211,-0.460,0.380,3045.490
57.440,263.687,81.739,278.170,-1.220,-0.045,0.294,-0.230,0.280,3047.030
57.460,264.312,80.236,277.670,-1.290,0.022,-0.057,0.170,0.370,3048.570
57.480,264.940,78.726,279.090,0.480,0.033,0.257,0.910,0.220,3050.120
57.500,265.570,77.210,280.150,1.480,-0.010,0.267,-0.240,0.100,3051.680
57.520,266.202,75.693,280.480,-0.560,0.027,0.268,0.400,-0.370,3053.240
57.540,266.829,74.184,278.670,0.630,-0.015,-0.092,-0.160,0.040,3054.790
57.560,267.458,72.672,279.440,-1.520,0.034,0.275,0.060,0.180,3056.340
57.580,268.096,71.139,283.660,0.180,0.046,0.259,0.760,0.440,3057.920
57.600,268.731,69.613,282.150,0.670,0.045,-0.069,0.380,0.210,3059.480
57.620,269.370,68.077,284.060,-1.450,0.006,0.228,-0.620,0.370,3061.060
57.640,270.005,66.551,282.120,-0.200,-0.052,-0.060,-0.290,-0.310,3062.630
57.660,270.640,65.026,282.130,0.720,-0.031,0.211,0.630,-0.100,3064.200
57.680,271.279,63.492,283.650,-2.930,0.030,0.302,0.070,0.130,3065.770
57.700,271.921,61.951,285.150,1.340,0.122,0.295,-0.570,0.350,3067.360
57.720,272.563,60.410,285.070,0.350,-0.017,-0.036,-0.410,-0.040,3068.940
57.740,273.212,58.852,288.580,0.720,0.023,0.243,0.350,-0.020,3070.540
57.760,273.859,57.299,287.480,-0.410,-0.028,-0.056,0.500,0.210,3072.140
57.780,274.514,55.731,290.560,-1.720,-0.049,0.273,0.010,-0.340,3073.750
57.800,275.164,54.170,288.970,0.530,-0.034,0.003,1.240,0.480,3075.360
57.820,275.807,52.628,285.320,-0.080,-0.104,-0.067,0.410,-0.260,3076.940
57.840,276.462,51.057,291.100,0.030,0.068,0.216,-0.120,-0.580,3078.560
57.860,277.110,49.502,287.830,1.090,-0.112,-0.004,-0.410,0.000,3080.160
57.880,277.765,47.932,291.010,0.760,-0.013,0.196,-0.490,0.510,3081.780
57.900,278.419,46.365,290.080,1.920,-0.059,-0.080,0.170,0.180,3083.390
57.920,279.083,44.774,295.030,0.150,-0.044,0.243,-0.240,0.230,3085.030
57.940,279.746,43.186,294.550,-0.690,0.069,-0.097,0.840,0.010,3086.660
57.960,280.404,41.611,291.850,-0.190,0.010,-0.017,0.730,-0.050,3088.290
57.980,281.064,40.028,293.350,0.420,-0.048,0.276,0.320,-0.460,3089.920
58.000,281.728,38.440,294.480,1.020,-0.029,0.233,-0.590,-0.680,3091.550
58.020,282.394,36.844,295.990,-1.470,-0.038,0.288,-0.340,0.060,3093.200
58.040,283.059,35.251,295.310,0.010,-0.002,-0.007,0.630,0.390,3094.840
58.060,283.722,33.664,294.300,1.610,0.009,-0.053,-0.280,0.100,3096.470
58.080,284.387,32.071,295.340,-0.240,0.095,0.236,0.560,0.190,3098.110
58.100,285.056,30.470,296.990,0.930,-0.096,0.318,0.240,0.480,3099.760
58.120,285.731,28.857,299.420,0.490,-0.002,0.272,0.030,0.100,3101.430
58.140,286.404,27.247,298.780,0.960,-0.016,-0.042,-0.350,-0.040,3103.090
58.160,287.074,25.643,297.560,-0.810,0.047,-0.009,-0.050,-0.250,3104.740
58.180,287.751,24.025,300.270,-0.810,0.018,0.259,0.090,0.610,3106.410
58.200,288.425,22.412,299.290,0.020,0.030,-0.065,0.520,0.160,3108.070
58.220,289.105,20.787,301.780,-1.530,0.017,0.252,-0.440,-0.280,3109.750
58.240,289.792,19.146,304.810,-0.270,-0.047,0.281,-0.130,-0.350,3111.440
58.260,290.470,17.525,301.060,0.250,0.061,-0.110,0.020,0.380,3113.110
58.280,291.153,15.891,303.370,1.780,0.040,0.241,0.330,-0.310,3114.800
58.300,291.833,14.267,301.630,0.400,0.046,-0.009,-0.450,0.560,3116.470
58.320,292.516,12.635,303.150,0.630,0.063,0.235,-0.660,-0.830,3118.160
58.340,293.201,10.999,303.940,1.160,0.021,0.296,0.340,0.430,3119.850
58.360,293.886,9.361,304.180,-0.960,0.074,0.292,-0.760,0.150,3121.540
58.380,294.582,7.701,308.740,-0.170,0.019,0.248,0.640,0.040,3123.250
58.400,295.270,6.058,305.160,2.430,-0.011,-0.067,-0.080,-0.050,3124.950
58.420,295.962,4.406,307.080,-0.080,-0.000,0.241,-0.770,0.570,3126.650
58.440,296.646,2.770,303.880,1.120,-0.001,0.030,-0.240,0.210,3128.340
58.460,297.340,1.113,307.990,0.960,-0.026,0.306,0.190,-0.270,3130.050
58.480,298.038,-0.552,309.630,-1.480,0.082,0.254,-0.270,-0.520,3131.770
58.500,298.732,-2.207,307.700,0.310,0.015,-0.068,0.010,0.050,3133.480
58.520,299.420,-3.850,305.310,0.150,0.005,-0.046,0.370,-0.000,3135.180
58.540,300.117,-5.515,309.590,0.330,0.019,0.257,-0.100,-0.460,3136.900
58.560,300.817,-7.183,310.250,-0.750,0.149,0.213,-0.470,-0.020,3138.620
58.580,301.520,-8.860,311.880,-1.120,-0.057,0.252,-0.150,-0.170,3140.350
58.600,302.228,-10.549,314.390,-0.480,-0.042,0.290,0.710,0.000,3142.100
58.620,302.930,-12.223,311.380,-0.100,-0.069,-0.104,0.840,0.220,3143.830
58.640,303.632,-13.896,311.240,1.180,-0.012,-0.025,-1.010,0.450,3145.560
58.660,304.334,-15.570,311.350,1.820,0.012,0.291,0.550,0.270,3147.290
58.680,305.041,-17.257,313.970,1.400,-0.023,0.233,0.130,-0.220,3149.030
58.700,305.751,-18.949,314.970,0.860,-0.027,0.301,0.460,0.110,3150.780
58.720,306.459,-20.636,314.000,-1.000,0.007,-0.071,-0.280,0.020,3152.530
58.740,307.173,-22.336,316.570,-0.410,-0.025,0.263,-0.880,-0.400,3154.290
58.760,307.887,-24.037,316.670,0.210,0.016,0.241,0.290,0.120,3156.050
58.780,308.601,-25.737,316.610,-0.630,0.056,-0.059,-0.470,0.560,3157.800
58.800,309.312,-27.433,315.770,0.580,0.034,-0.069,-0.690,0.010,3159.560
58.820,310.027,-29.136,316.980,0.720,0.044,0.271,-0.660,-0.480,3161.320
58.840,310.736,-30.826,314.630,0.540,0.054,-0.025,0.300,0.010,3163.070
58.860,311.456,-32.539,319.200,1.030,0.014,0.248,0.070,-0.360,3164.840
58.880,312.176,-34.254,319.460,-0.900,-0.008,0.209,0.390,0.260,3166.620
58.900,312.898,-35.972,320.000,0.930,-0.039,0.262,0.330,0.160,3168.390
58.920,313.552,-37.736,39.600,4.430,-0.288,0.028,3.610,1.400,3168.610
58.940,314.131,-39.529,40.320,4.220,-0.278,0.407,0.850,0.630,3168.830
58.960,314.634,-41.347,41.630,-0.470,-0.307,0.704,-0.390,1.930,3169.070
58.980,315.058,-43.185,43.370,-0.050,-0.332,1.308,-0.820,3.180,3169.310
59.000,315.405,-45.042,45.220,-0.830,-0.363,1.715,-2.130,5.970,3169.560
59.020,315.671,-46.912,47.170,-1.830,-0.388,1.953,-4.150,9.580,3169.820
59.040,315.858,-48.794,49.790,-4.770,-0.385,2.600,-6.010,8.600,3170.100
59.060,315.965,-50.682,52.100,-1.820,-0.411,2.725,-7.980,9.260,3170.390
59.080,315.991,-52.573,54.560,-5.200,-0.477,2.942,-10.180,11.540,3170.690
59.100,315.937,-54.465,57.020,-3.690,-0.530,3.250,-12.590,11.880,3171.010
59.120,315.803,-56.353,59.450,-0.290,-0.564,3.251,-13.500,15.850,3171.340
59.140,315.588,-58.233,61.530,-6.550,-0.627,3.192,-15.450,12.180,3171.680
59.160,315.293,-60.102,63.520,-6.210,-0.683,3.121,-17.340,12.790,3172.030
59.180,314.919,-61.957,65.730,-5.970,-0.698,3.029,-19.380,13.410,3172.400
59.200,314.467,-63.794,68.070,-8.370,-0.764,3.215,-20.610,14.170,3172.770
59.220,313.937,-65.609,70.050,-9.590,-0.795,3.009,-22.610,12.470,3173.160
59.240,313.331,-67.399,72.030,-12.070,-0.826,2.939,-23.590,11.700,3173.560
59.260,312.649,-69.160,74.420,-12.840,-0.907,3.076,-24.020,15.610,3173.980
59.280,311.893,-70.890,75.770,-15.230,-0.980,2.704,-24.740,11.270,3174.400
59.300,311.065,-72.585,77.340,-13.110,-1.035,2.635,-28.560,10.630,3174.830
59.320,310.166,-74.241,79.350,-19.830,-1.108,2.679,-30.390,10.620,3175.270
59.340,309.198,-75.856,80.730,-15.930,-1.149,2.420,-32.110,8.180,3175.720
59.360,308.163,-77.426,81.850,-22.040,-1.195,2.232,-33.100,11.430,3176.170
59.380,307.062,-78.949,83.240,-18.840,-1.230,2.109,-35.300,6.320,3176.630
59.400,305.899,-80.421,84.180,-23.180,-1.243,1.868,-38.010,9.020,3177.100
59.420,304.676,-81.841,84.870,-26.370,-1.270,1.614,-38.790,7.880,3177.570
59.440,303.394,-83.204,85.440,-24.190,-1.302,1.399,-40.610,10.860,3178.050
59.460,302.057,-84.510,85.700,-24.570,-1.377,1.094,-40.820,3.840,3178.520
59.480,300.667,-85.754,85.650,-28.220,-1.384,0.705,-41.550,3.890,3179.000
59.500,299.226,-86.936,85.610,-26.700,-1.364,0.545,-42.370,4.430,3179.480
59.520,297.739,-88.052,85.230,-33.260,-1.441,0.170,-42.480,3.180,3179.950
59.540,296.207,-89.101,84.970,-31.760,-1.422,-0.020,-42.800,2.090,3180.420
59.560,294.635,-90.080,84.670,-26.860,-1.422,-0.203,-43.120,3.430,3180.890
59.580,293.024,-90.989,84.370,-30.550,-1.434,-0.150,-45.300,1.500,3181.360
59.600,291.378,-91.825,84.020,-34.010,-1.406,-0.293,-44.160,4.370,3181.830
59.620,289.701,-92.587,83.280,-32.130,-1.362,-0.509,-46.090,1.020,3182.290
59.640,287.996,-93.273,82.730,-32.960,-1.342,-0.537,-46.720,4.530,3182.750
59.660,286.266,-93.883,82.130,-31.560,-1.346,-0.700,-46.320,4.240,3183.210
59.680,284.515,-94.415,81.480,-31.890,-1.355,-0.830,-45.880,7.140,3183.660
59.700,282.746,-94.869,80.650,-30.960,-1.333,-0.871,-47.490,8.350,3184.110
59.720,280.963,-95.243,79.750,-31.260,-1.295,-0.979,-46.460,5.520,3184.550
59.740,279.169,-95.538,79.200,-28.080,-1.287,-0.948,-45.820,7.980,3184.990
59.760,277.368,-95.752,78.170,-29.490,-1.272,-1.002,-45.220,5.580,3185.420
59.780,275.564,-95.886,77.500,-29.050,-1.193,-1.193,-45.330,5.110,3185.850
59.800,273.760,-95.939,76.380,-27.410,-1.160,-1.143,-46.220,8.940,3186.280
59.820,271.960,-95.912,75.600,-30.300,-1.128,-1.131,-46.340,7.000,3186.700
59.840,270.167,-95.805,74.930,-31.820,-1.151,-1.082,-46.380,6.100,3187.110
59.860,268.385,-95.617,74.640,-26.800,-1.152,-1.097,-46.940,7.170,3187.530
59.880,266.617,-95.351,74.170,-28.860,-1.133,-0.750,-47.150,5.300,3187.940
59.900,264.868,-95.006,73.400,-28.660,-1.135,-0.971,-46.840,5.560,3188.350
59.920,263.140,-94.584,72.890,-30.060,-1.080,-0.880,-47.140,3.250,3188.750
59.940,261.437,-94.085,72.370,-29.780,-1.040,-0.827,-46.660,4.570,3189.160
59.960,259.763,-93.511,71.600,-26.560,-1.042,-0.877,-46.550,6.090,3189.550
59.980,258.120,-92.862,70.590,-25.920,-0.991,-1.019,-46.230,5.360,3189.950
60.000,256.513,-92.141,70.080,-25.570,-0.985,-0.906,-43.740,14.500,3190.330
60.020,254.943,-91.350,69.840,-24.910,-0.927,-0.721,-43.250,12.950,3190.720
60.040,253.416,-90.489,69.580,-24.560,-0.930,-0.637,-41.420,10.770,3191.110
60.060,251.933,-89.561,69.840,-24.470,-0.926,-0.323,-38.880,9.000,3191.500
60.080,250.497,-88.569,70.140,-23.990,-0.908,-0.177,-36.330,10.200,3191.890
60.100,249.111,-87.513,70.540,-20.220,-0.901,0.047,-34.780,9.180,3192.280
60.120,247.779,-86.397,70.950,-22.200,-0.913,0.288,-31.840,11.340,3192.670
60.140,246.502,-85.222,71.470,-19.420,-0.939,0.438,-29.010,10.330,3193.070
60.160,245.284,-83.992,71.820,-20.500,-0.947,0.463,-26.810,10.590,3193.470
60.180,244.127,-82.709,72.290,-19.070,-0.984,0.463,-25.270,13.170,3193.870
60.200,243.032,-81.377,72.660,-16.970,-0.994,0.557,-22.580,12.160,3194.270
60.220,242.003,-79.997,73.040,-17.210,-1.030,0.441,-22.380,10.550,3194.680
60.240,241.041,-78.572,73.840,-12.940,-1.076,0.762,-19.730,12.850,3195.090
60.260,240.148,-77.107,73.890,-15.970,-1.075,0.498,-16.880,13.960,3195.500
60.280,239.326,-75.603,74.660,-11.990,-1.055,0.784,-15.630,13.300,3195.920
60.300,238.577,-74.065,75.060,-10.870,-1.050,0.560,-14.020,12.950,3196.330
60.320,237.902,-72.495,75.480,-13.670,-1.069,0.738,-12.010,11.590,3196.750
60.340,237.303,-70.897,76.130,-9.700,-1.052,0.696,-9.480,14.080,3197.180
60.360,236.780,-69.274,76.400,-7.170,-1.087,0.595,-7.930,15.730,3197.600
60.380,236.335,-67.630,76.870,-5.430,-1.144,0.645,-4.790,11.360,3198.030
60.400,235.968,-65.968,77.350,-5.450,-1.196,0.607,-3.360,10.740,3198.460
60.420,235.680,-64.292,77.980,-2.560,-1.220,0.714,-1.970,13.200,3198.890
60.440,235.473,-62.605,78.460,-2.790,-1.201,0.665,0.860,14.040,3199.330
60.460,235.345,-60.911,79.440,-1.000,-1.224,0.871,3.940,13.360,3199.770
60.480,235.307,-60.577,77.860,-0.220,0.009,-0.035,0.860,0.010,3200.200
60.500,235.268,-60.233,79.610,0.930,-0.057,0.222,0.290,-0.300,3200.640
60.520,235.229,-59.881,81.000,-0.000,-0.055,0.219,-0.430,-0.060,3201.090
60.540,235.190,-59.536,79.830,1.020,0.036,-0.083,-0.070,0.330,3201.540
60.560,235.151,-59.180,81.680,0.340,0.044,0.251,-0.040,0.000,3201.990
60.580,235.111,-58.818,82.850,-0.400,0.001,0.215,0.260,0.010,3202.450
60.600,235.071,-58.462,81.800,0.090,-0.061,-0.063,0.190,0.060,3202.910
60.620,235.032,-58.106,81.730,0.470,0.002,-0.023,1.030,-0.370,3203.360
60.640,234.992,-57.741,83.340,0.140,0.063,0.219,-0.230,0.190,3203.820
60.660,234.952,-57.388,81.150,0.150,0.087,-0.065,0.190,-0.380,3204.270
60.680,234.913,-57.035,81.330,-0.770,-0.016,0.252,1.180,-0.280,3204.730
60.700,234.873,-56.673,82.700,-0.430,-0.083,0.257,-0.290,-0.310,3205.190
60.720,234.833,-56.312,82.690,2.260,0.042,-0.065,0.070,-0.050,3205.650
60.740,234.793,-55.952,82.560,1.230,-0.014,-0.026,-0.470,-0.110,3206.100
60.760,234.752,-55.567,86.840,-1.470,0.047,0.268,0.040,-0.000,3206.590
60.780,234.710,-55.178,87.680,-2.370,0.014,0.284,-0.390,-0.270,3207.070
60.800,234.670,-54.809,84.230,0.080,-0.044,-0.052,0.520,0.300,3207.540
60.820,234.629,-54.433,85.230,0.890,0.003,0.235,0.070,0.250,3208.020
60.840,234.588,-54.059,85.140,-0.520,0.065,-0.070,-0.470,-0.050,3208.490
60.860,234.546,-53.671,87.420,1.020,-0.007,0.259,0.420,-0.140,3208.970
60.880,234.504,-53.280,88.050,0.060,-0.052,0.239,0.090,-0.170,3209.460
60.900,234.464,-52.913,83.750,-0.160,-0.079,-0.067,0.480,-0.090,3209.930
60.920,234.422,-52.525,87.470,0.760,-0.039,0.237,-0.570,-0.420,3210.410
60.940,234.382,-52.151,85.120,-0.530,-0.021,-0.071,0.180,-0.290,3210.890
60.960,234.339,-51.749,90.050,-0.290,0.041,0.256,0.390,0.260,3211.390
60.980,234.297,-51.356,88.410,0.670,-0.056,-0.092,-0.210,0.090,3211.880
61.000,234.256,-50.972,86.850,-0.030,0.078,-0.041,-0.630,0.490,3212.360
61.020,234.214,-50.581,88.050,1.910,-0.067,0.270,-0.020,-0.090,3212.850
61.040,234.172,-50.188,88.310,0.690,0.117,0.233,0.610,-0.110,3213.340
61.060,234.129,-49.787,89.860,0.630,0.086,0.308,0.560,-0.120,3213.840
61.080,234.086,-49.380,90.970,-0.050,0.007,0.251,-0.210,-0.100,3214.350
61.100,234.045,-48.989,88.020,0.870,-0.082,-0.097,-0.640,-0.200,3214.830
61.120,234.001,-48.572,92.830,-0.320,-0.003,0.242,-0.220,0.080,3215.350
61.140,233.957,-48.155,92.810,0.280,-0.019,-0.048,-0.230,0.010,3215.870
61.160,233.915,-47.756,89.430,-0.920,-0.064,-0.037,0.220,-0.150,3216.360
61.180,233.872,-47.348,91.180,1.040,0.015,0.242,-0.050,0.380,3216.870
61.200,233.828,-46.924,93.970,0.290,-0.041,0.220,-0.380,0.570,3217.390
61.220,233.784,-46.502,93.580,1.980,-0.036,-0.083,0.550,0.350,3217.910
61.240,233.741,-46.092,91.560,2.390,-0.010,-0.070,0.070,0.170,3218.420
61.260,233.697,-45.670,93.620,0.760,-0.029,0.233,0.220,0.230,3218.940
61.280,233.652,-45.228,97.230,0.070,0.104,0.216,-0.860,0.560,3219.480
61.300,233.608,-44.809,93.220,-0.950,-0.027,-0.072,-1.210,0.230,3220.000
61.320,233.565,-44.393,92.450,0.900,0.022,-0.030,-0.720,-0.180,3220.510
61.340,233.521,-43.969,93.990,0.210,0.007,0.299,-0.240,0.120,3221.030
61.360,233.477,-43.543,94.430,0.540,0.018,0.273,0.290,0.190,3221.560
61.380,233.433,-43.121,93.610,1.730,0.021,-0.011,-1.170,-0.300,3222.080
61.400,233.388,-42.690,95.390,-0.820,0.044,0.279,0.800,-0.090,3222.610
61.420,233.344,-42.270,93.180,-0.920,0.013,-0.025,0.090,0.330,3223.130
61.440,233.300,-41.844,94.390,-0.240,0.011,0.240,0.680,-0.550,3223.650
61.460,233.255,-41.405,96.860,0.820,0.003,0.254,-0.440,-0.380,3224.190
61.480,233.211,-40.984,93.420,0.550,-0.007,-0.063,0.250,-0.050,3224.710
61.500,233.166,-40.539,97.740,-0.900,-0.046,0.243,0.040,0.110,3225.250
61.520,233.122,-40.117,93.700,0.760,-0.003,-0.048,0.410,-0.410,3225.770
61.540,233.078,-39.690,94.450,-1.200,0.012,0.271,-0.120,-0.040,3226.300
61.560,233.033,-39.252,96.640,-0.840,0.020,0.263,0.240,0.350,3226.830
61.580,232.987,-38.805,98.150,-0.120,0.009,0.245,0.550,0.020,3227.380
61.600,232.941,-38.348,100.040,-0.550,-0.012,0.252,-0.330,0.280,3227.930
61.620,232.895,-37.899,98.470,0.890,-0.003,-0.037,0.120,-0.180,3228.480
61.640,232.850,-37.451,98.340,0.290,-0.028,-0.030,-0.940,-0.240,3229.030
61.660,232.804,-36.994,99.910,1.770,0.016,0.204,0.350,0.250,3229.580
61.680,232.758,-36.548,98.070,-0.250,-0.011,-0.082,0.980,0.110,3230.130
61.700,232.712,-36.091,99.920,-0.120,0.009,0.283,-0.620,-0.360,3230.680
61.720,232.666,-35.644,98.240,1.210,0.050,-0.052,-0.050,-0.240,3231.230
61.740,232.620,-35.184,100.500,-0.090,-0.035,0.237,0.440,0.470,3231.790
61.760,232.574,-34.724,100.510,1.490,0.030,0.242,0.020,-0.280,3232.340
61.780,232.528,-34.267,99.830,0.540,0.002,-0.058,0.080,0.280,3232.900
61.800,232.481,-33.801,101.620,-2.350,0.101,0.267,-0.200,-0.140,3233.460
61.820,232.434,-33.333,101.940,1.180,-0.011,0.217,-0.210,-0.000,3234.030
61.840,232.386,-32.855,103.800,0.910,0.035,0.251,-0.040,0.090,3234.610
61.860,232.340,-32.398,99.960,0.950,0.001,-0.043,0.020,-0.630,3235.160
61.880,232.293,-31.927,102.590,-1.910,-0.069,0.262,-0.590,-0.440,3235.730
61.900,232.246,-31.459,101.890,-0.660,-0.026,-0.043,-0.030,0.030,3236.300
61.920,232.198,-30.976,104.670,-0.590,0.044,0.265,0.780,-0.220,3236.880
61.940,232.150,-30.492,104.830,-0.840,-0.022,0.233,-0.210,0.300,3237.460
61.960,232.102,-30.008,104.790,1.740,-0.111,-0.078,-0.620,-0.480,3238.040
61.980,232.055,-29.533,103.310,-0.010,-0.002,0.024,-0.080,0.170,3238.620
62.000,232.006,-29.042,106.020,-0.040,-0.055,0.241,-0.360,-0.410,3239.210
62.020,231.959,-28.570,102.730,0.550,0.007,-0.056,-0.670,-0.110,3239.780
62.040,231.912,-28.097,102.760,0.570,0.078,0.270,0.070,-0.320,3240.350
62.060,231.864,-27.619,103.780,-3.330,0.038,0.298,-0.360,0.570,3240.930
62.080,231.816,-27.129,105.970,-0.650,0.077,0.234,-0.310,-0.400,3241.510
62.100,231.767,-26.631,107.370,-1.410,-0.028,0.220,0.080,-0.040,3242.110
62.120,231.720,-26.161,102.220,0.400,-0.007,-0.087,-0.770,-0.520,3242.680
62.140,231.671,-25.654,109.000,-0.290,-0.052,0.298,-0.870,0.480,3243.280
62.160,231.622,-25.155,107.550,0.020,-0.034,-0.081,0.340,0.120,3243.880
62.180,231.574,-24.669,105.330,-2.080,-0.046,-0.051,-0.970,0.040,3244.470
62.200,231.524,-24.166,108.170,-0.310,-0.065,0.221,-0.490,0.440,3245.070
62.220,231.474,-23.654,109.990,1.120,0.068,0.207,-0.900,0.040,3245.680
62.240,231.425,-23.143,109.580,1.410,-0.105,-0.059,-0.240,0.070,3246.290
62.260,231.375,-22.627,110.660,0.720,0.069,0.222,0.210,0.040,3246.900
62.280,231.326,-22.129,107.300,-1.340,0.062,-0.071,0.060,0.170,3247.500
62.300,231.276,-21.622,109.060,1.260,0.025,0.310,1.200,-0.150,3248.100
62.320,231.227,-21.117,108.620,0.720,-0.056,-0.037,0.540,-0.060,3248.710
62.340,231.176,-20.588,112.920,-0.120,-0.079,0.278,-0.470,0.240,3249.330
62.360,231.126,-20.066,111.630,-2.030,-0.027,-0.025,-0.600,0.080,3249.950
62.380,231.074,-19.525,115.280,0.950,0.031,0.247,1.350,-0.030,3250.600
62.400,231.024,-19.008,110.640,-0.590,0.000,-0.063,0.530,-0.420,3251.210
62.420,230.974,-18.493,110.580,0.350,-0.052,-0.043,0.290,0.450,3251.820
62.440,230.923,-17.970,111.790,0.070,0.057,0.255,0.040,-0.200,3252.450
62.460,230.872,-17.433,114.400,1.540,0.084,0.233,0.140,0.300,3253.080
62.480,230.821,-16.909,112.120,-0.130,-0.011,-0.046,-0.740,0.050,3253.700
62.500,230.770,-16.378,113.190,-0.020,0.005,0.229,0.080,-0.390,3254.330
62.520,230.719,-15.846,113.480,1.580,-0.075,0.245,0.040,0.380,3254.960
62.540,230.668,-15.313,113.720,-0.660,-0.021,0.240,-0.450,0.080,3255.590
62.560,230.617,-14.784,113.020,0.810,0.026,-0.088,-0.270,0.400,3256.220
62.580,230.566,-14.248,114.120,-0.200,0.018,0.179,0.760,-0.050,3256.860
62.600,230.514,-13.711,114.390,-1.000,-0.025,0.222,-0.060,0.210,3257.490
62.620,230.462,-13.171,114.980,0.000,-0.014,0.304,1.040,-0.530,3258.130
62.640,230.410,-12.621,116.740,0.690,-0.022,0.241,-0.870,-0.150,3258.780
62.660,230.357,-12.063,118.300,1.350,-0.014,0.273,-0.260,-0.380,3259.440
62.680,230.306,-11.524,114.730,1.470,0.021,-0.114,-0.770,-0.110,3260.070
62.700,230.254,-10.979,115.730,-0.290,-0.098,0.220,-0.600,0.140,3260.720
62.720,230.202,-10.437,115.420,-0.990,-0.004,-0.091,-0.410,-0.180,3261.360
62.740,230.149,-9.884,117.270,-0.320,0.017,0.244,0.160,0.260,3262.010
62.760,230.097,-9.335,116.510,-1.180,-0.029,0.023,0.130,-0.260,3262.660
62.780,230.044,-8.778,118.010,-0.220,-0.024,0.264,-0.340,0.270,3263.310
62.800,229.991,-8.212,119.640,-0.340,-0.023,0.301,-1.110,0.390,3263.980
62.820,229.940,-7.674,114.530,0.730,-0.024,-0.058,0.740,0.300,3264.610
62.840,229.886,-7.110,119.390,-2.210,0.000,0.291,-0.140,-0.100,3265.280
62.860,229.833,-6.551,118.290,-0.730,0.006,0.012,-0.560,-0.640,3265.930
62.880,229.780,-5.983,120.000,-0.730,-0.105,0.247,0.140,0.170,3266.600
62.900,229.727,-5.424,118.300,1.190,0.033,-0.066,0.100,-0.040,3267.260
62.920,229.673,-4.846,121.770,-1.110,-0.014,0.210,-0.160,-0.290,3267.930
62.940,229.619,-4.269,121.680,0.230,0.097,-0.059,0.070,-0.170,3268.610
62.960,229.565,-3.693,121.490,-0.130,-0.060,-0.048,-0.580,0.430,3269.290
62.980,229.511,-3.113,122.160,1.040,-0.043,0.311,0.380,-0.340,3269.960
63.000,229.457,-2.544,120.190,0.600,-0.010,-0.089,-0.500,0.140,3270.630
63.020,229.403,-1.972,120.710,0.120,0.021,0.252,-0.300,0.070,3271.300
63.040,229.349,-1.386,123.100,-0.550,-0.098,0.196,0.320,-0.110,3271.990
63.060,229.295,-0.812,121.150,-1.850,-0.041,-0.063,0.600,0.190,3272.660
63.080,229.240,-0.217,124.800,0.250,0.030,0.259,0.790,0.490,3273.350
63.100,229.185,0.365,122.480,0.530,-0.047,-0.035,0.530,-0.090,3274.030
63.120,229.130,0.955,124.050,-1.570,0.069,0.268,-0.160,-0.070,3274.720
63.140,229.074,1.561,126.780,-1.230,-0.023,0.262,-0.770,0.190,3275.430
63.160,229.020,2.145,122.910,0.250,-0.045,-0.033,0.700,0.280,3276.110
63.180,228.965,2.737,124.400,0.340,0.031,0.251,0.690,-0.040,3276.800
63.200,228.909,3.340,126.210,-0.990,0.080,0.219,-0.340,-0.090,3277.500
63.220,228.853,3.943,126.390,-0.570,0.021,0.194,0.460,-0.670,3278.200
63.240,228.798,4.538,124.800,-1.840,0.063,-0.066,-0.170,-0.230,3278.900
63.260,228.743,5.133,124.850,1.380,0.084,0.246,0.750,-0.340,3279.590
63.280,228.687,5.732,125.610,-1.300,-0.046,0.288,-0.260,0.210,3280.290
63.300,228.630,6.347,128.460,0.540,0.047,0.247,0.990,-0.070,3281.000
63.320,228.575,6.950,126.200,-0.030,-0.076,-0.056,0.390,-0.080,3281.700
63.340,228.519,7.557,127.070,1.290,0.021,0.262,0.900,-0.000,3282.410
63.360,228.463,8.162,126.650,-0.790,-0.004,-0.058,-0.230,-0.260,3283.110
63.380,228.406,8.778,128.680,0.060,0.062,0.274,0.200,0.470,3283.830
63.400,228.350,9.391,128.190,-1.700,0.059,0.009,-0.480,0.390,3284.540
63.420,228.294,9.997,126.780,-1.940,0.028,0.016,0.420,0.490,3285.240
63.440,228.238,10.605,127.160,0.600,0.015,0.253,0.450,0.210,3285.950
63.460,228.182,11.206,125.950,-1.790,0.025,-0.040,1.200,-0.010,3286.650
63.480,228.126,11.818,128.030,-0.230,0.003,0.297,0.240,0.480,3287.360
63.500,228.068,12.446,130.800,1.010,-0.003,0.246,0.360,-0.200,3288.090
63.520,228.010,13.080,131.930,0.750,0.072,0.270,-0.240,-0.260,3288.820
63.540,227.953,13.711,131.310,-0.660,0.078,-0.084,0.270,-0.180,3289.550
63.560,227.895,14.343,131.440,-1.590,-0.007,0.241,-0.190,0.160,3290.280
63.580,227.838,14.970,130.750,0.510,0.012,-0.015,0.060,-0.230,3291.010
63.600,227.780,15.607,132.440,1.340,0.004,0.228,0.090,-0.050,3291.740
63.620,227.722,16.242,132.040,-0.660,-0.081,-0.054,-0.180,-0.480,3292.480
63.640,227.663,16.891,134.650,-0.800,-0.017,0.203,0.030,0.140,3293.230
63.660,227.605,17.527,132.120,-0.520,0.080,0.010,-0.190,-0.460,3293.960
63.680,227.546,18.176,134.620,0.570,-0.037,0.288,-0.190,-0.280,3294.710
63.700,227.488,18.823,134.250,1.230,0.106,-0.044,0.540,0.370,3295.450
63.720,227.429,19.470,134.370,-1.240,0.059,0.265,0.090,0.350,3296.200
63.740,227.371,20.097,130.580,-1.500,0.020,-0.038,0.170,0.110,3296.920
63.760,227.312,20.750,135.330,2.340,0.028,0.292,-0.730,0.080,3297.680
63.780,227.254,21.396,134.070,-0.180,-0.046,-0.066,0.210,-0.160,3298.420
63.800,227.195,22.042,133.930,0.250,-0.013,-0.028,0.270,-0.230,3299.170
63.820,227.137,22.680,132.710,-0.690,0.072,-0.018,-0.200,-0.110,3299.900
63.840,227.078,23.333,135.250,0.490,-0.031,0.286,1.040,-0.450,3300.650
63.860,227.019,23.987,135.640,0.960,0.053,0.182,-1.140,0.080,3301.410
63.880,226.960,24.633,133.970,0.300,-0.069,-0.068,0.390,0.010,3302.150
63.900,226.902,25.279,134.050,1.740,-0.060,0.219,0.360,-0.280,3302.900
63.920,226.842,25.943,137.320,-0.330,0.095,0.254,0.270,0.470,3303.660
63.940,226.782,26.612,138.230,-0.260,-0.001,0.190,0.090,0.180,3304.430
63.960,226.722,27.277,137.540,0.230,-0.027,-0.111,0.280,0.210,3305.190
63.980,226.661,27.953,139.310,0.460,0.068,0.315,0.430,-0.150,3305.970
64.000,226.601,28.619,137.790,0.230,0.062,-0.031,-0.360,-0.000,3306.730
64.020,226.541,29.288,138.170,-1.280,0.046,0.254,0.150,0.190,3307.500
64.040,226.482,29.951,137.210,0.310,-0.028,-0.039,-0.090,0.050,3308.260
64.060,226.422,30.611,136.580,-0.370,-0.014,-0.046,-0.550,0.480,3309.020
64.080,226.361,31.302,142.030,-0.580,0.016,0.280,0.360,-0.060,3309.810
64.100,226.299,31.988,141.280,0.030,0.035,-0.069,-0.280,-0.150,3310.590
64.120,226.239,32.654,137.820,-0.960,-0.025,-0.044,-0.750,0.190,3311.360
64.140,226.178,33.336,140.480,-1.140,0.009,0.257,-0.270,-0.380,3312.140
64.160,226.118,34.017,140.430,-2.620,0.013,-0.081,-0.400,0.280,3312.920
64.180,226.057,34.699,140.500,1.750,0.064,0.288,0.510,-0.390,3313.700
64.200,225.996,35.381,140.630,0.560,0.038,0.237,0.080,0.190,3314.480
64.220,225.934,36.072,142.150,-0.120,-0.075,0.281,0.690,-0.190,3315.270
64.240,225.872,36.769,143.130,-0.670,-0.011,0.253,-0.330,0.140,3316.070
64.260,225.810,37.463,142.840,-2.880,-0.046,-0.001,0.440,0.270,3316.860
64.280,225.749,38.155,142.390,-0.730,0.028,-0.081,1.420,0.050,3317.650
64.300,225.687,38.849,142.670,0.720,0.046,0.217,0.180,-0.360,3318.440
64.320,225.624,39.554,144.640,0.940,0.005,0.223,0.430,-0.270,3319.250
64.340,225.562,40.256,144.260,0.640,-0.013,-0.046,0.350,-0.220,3320.050
64.360,225.500,40.958,144.010,0.160,0.003,-0.004,-0.710,-0.570,3320.850
64.380,225.438,41.660,144.180,1.300,0.010,0.298,0.290,0.340,3321.650
64.400,225.375,42.367,145.080,-0.330,-0.032,0.181,0.150,0.030,3322.460
64.420,225.313,43.069,144.190,1.090,-0.061,-0.043,-0.130,-0.340,3323.260
64.440,225.250,43.784,146.460,-0.380,-0.103,0.154,-0.440,0.440,3324.070
64.460,225.187,44.484,143.950,-0.880,0.063,-0.026,0.350,-0.210,3324.870
64.480,225.125,45.193,145.280,-1.010,0.025,0.284,-0.490,0.080,3325.680
64.500,225.061,45.911,147.140,-1.060,0.018,0.249,1.070,-0.250,3326.500
64.520,224.999,46.617,144.860,0.660,0.063,-0.047,0.060,-0.610,3327.300
64.540,224.936,47.321,144.530,-0.740,-0.063,-0.048,-0.610,-0.410,3328.100
64.560,224.873,48.041,147.320,-1.030,-0.087,0.226,-0.260,-0.130,3328.920
64.580,224.810,48.747,145.010,0.710,0.019,-0.037,-0.140,0.270,3329.730
64.600,224.747,49.459,145.940,0.330,0.015,0.243,1.210,0.100,3330.540
64.620,224.683,50.190,149.350,0.960,-0.087,0.278,-0.440,0.040,3331.370
64.640,224.620,50.915,148.250,0.510,0.018,-0.053,-0.060,-0.600,3332.190
64.660,224.555,51.653,150.810,-0.750,-0.020,0.224,-0.270,0.380,3333.030
64.680,224.491,52.373,147.410,0.080,-0.040,-0.096,0.250,0.070,3333.850
64.700,224.427,53.104,149.410,0.130,-0.017,0.194,-0.260,-0.040,3334.680
64.720,224.363,53.842,150.480,-0.920,-0.122,0.289,-0.570,0.340,3335.510
64.740,224.299,54.567,148.460,-1.100,-0.030,-0.064,-0.100,0.370,3336.340
64.760,224.234,55.313,152.090,-0.680,-0.035,0.260,-0.150,0.350,3337.180
64.780,224.169,56.057,151.640,2.040,0.028,0.003,-0.300,-0.070,3338.030
64.800,224.105,56.784,148.800,-0.410,-0.008,-0.067,-0.270,-0.300,3338.850
64.820,224.040,57.527,151.490,1.230,0.032,0.231,0.590,0.300,3339.690
64.840,223.974,58.275,152.450,-0.470,-0.127,0.246,-0.160,-0.410,3340.540
64.860,223.909,59.017,151.320,0.890,-0.042,-0.049,-0.570,0.580,3341.380
64.880,223.845,59.753,150.320,0.900,0.028,0.007,-0.230,0.010,3342.220
64.900,223.779,60.505,153.290,0.950,-0.015,0.297,0.030,-0.320,3343.070
64.920,223.713,61.276,156.520,0.390,0.042,0.269,-0.670,-0.370,3343.940
64.940,223.647,62.027,152.960,1.380,-0.090,-0.007,0.810,-0.380,3344.790
64.960,223.580,62.796,156.220,0.380,0.037,0.245,0.430,0.040,3345.660
64.980,223.515,63.547,153.070,1.710,-0.032,-0.041,0.720,-0.000,3346.510
65.000,223.449,64.308,154.860,-1.620,-0.037,0.241,0.200,-0.370,3347.370
65.020,223.382,65.076,156.020,0.350,0.050,0.211,-1.050,-0.110,3348.230
65.040,223.316,65.839,155.190,0.280,0.058,-0.014,0.770,-0.410,3349.100
65.060,223.250,66.602,155.080,-0.940,0.052,-0.034,-0.430,0.180,3349.960
65.080,223.183,67.375,156.950,0.580,0.102,0.251,-0.390,-0.020,3350.830
65.100,223.115,68.159,159.030,-1.490,0.063,0.250,0.080,-0.110,3351.710
65.120,223.048,68.932,156.980,-0.650,-0.040,-0.095,0.690,-0.390,3352.580
65.140,222.981,69.700,156.080,-2.000,0.007,-0.079,0.530,-0.090,3353.450
65.160,222.914,70.473,156.910,1.560,-0.018,0.260,0.450,-0.120,3354.320
65.180,222.846,71.270,161.300,-0.230,0.101,0.234,-0.160,0.100,3355.220
65.200,222.779,72.049,158.060,2.170,0.055,-0.057,-0.160,0.050,3356.100
65.220,222.711,72.824,157.300,0.800,-0.009,-0.053,0.170,0.240,3356.970
65.240,222.645,73.596,156.800,0.450,0.044,-0.070,-0.070,-0.150,3357.840
65.260,222.578,74.364,156.110,-0.590,-0.062,-0.079,0.440,-0.560,3358.710
65.280,222.510,75.152,159.730,-1.050,0.013,0.202,0.420,0.300,3359.600
65.300,222.442,75.945,160.500,0.520,-0.047,0.246,0.300,-0.280,3360.490
65.320,222.374,76.731,159.250,-0.070,-0.084,-0.031,-1.260,-0.330,3361.370
65.340,222.306,77.521,160.160,-1.340,0.039,0.201,0.060,-0.010,3362.260
65.360,222.238,78.304,158.760,-1.520,0.045,-0.051,-0.050,0.090,3363.150
65.380,222.170,79.100,161.050,-0.960,0.023,0.258,0.080,-0.160,3364.040
65.400,222.101,79.900,161.900,1.820,-0.009,0.220,-0.380,-0.160,3364.940
65.420,222.033,80.694,160.710,2.210,-0.063,-0.007,-0.660,-0.120,3365.830
65.440,221.963,81.508,164.380,0.200,-0.058,0.238,0.230,0.420,3366.750
65.460,221.895,82.303,160.920,0.150,-0.048,-0.053,-0.180,-0.000,3367.640
65.480,221.826,83.109,162.930,-0.340,-0.012,0.245,0.290,-0.290,3368.550
65.500,221.756,83.921,164.110,-0.930,0.054,0.197,-0.340,-0.290,3369.460
65.520,221.687,84.728,163.060,1.380,0.053,-0.020,0.710,-0.080,3370.360
65.540,221.618,85.536,163.220,1.870,-0.082,0.221,0.500,0.070,3371.270
65.560,221.549,86.335,161.690,-0.890,-0.035,-0.057,0.150,0.150,3372.170
65.580,221.479,87.159,166.200,-0.080,-0.036,0.268,-0.110,0.040,3373.090
65.600,221.409,87.972,164.250,-0.450,-0.127,-0.006,0.430,-0.250,3374.000
65.620,221.339,88.794,165.640,-0.420,0.028,0.218,0.200,-0.130,3374.920
65.640,221.269,89.618,166.170,1.190,-0.012,0.237,0.120,0.220,3375.850
65.660,221.199,90.433,164.560,-1.310,-0.006,-0.009,0.520,-0.340,3376.760
65.680,221.129,91.253,165.530,0.470,0.067,0.264,0.710,-0.140,3377.680
65.700,221.058,92.088,168.160,0.730,0.004,0.270,-0.630,0.180,3378.620
65.720,220.988,92.905,164.820,-0.140,-0.022,-0.082,-0.530,0.260,3379.530
65.740,220.917,93.750,170.020,0.890,0.029,0.239,-0.390,-0.060,3380.480
65.760,220.846,94.573,166.040,0.150,0.053,-0.055,-0.750,-0.120,3381.400
65.780,220.776,95.395,165.720,1.220,0.015,-0.076,-0.030,-0.400,3382.320
65.800,220.705,96.229,168.020,-1.520,0.034,0.200,0.300,0.160,3383.250
65.820,220.633,97.082,171.470,-0.350,-0.007,0.235,-0.010,0.400,3384.200
65.840,220.563,97.903,165.620,-0.070,-0.004,-0.009,-0.270,0.770,3385.120
65.860,220.492,98.741,168.610,-2.670,0.006,0.252,0.560,0.120,3386.060
65.880,220.420,99.585,169.870,-1.090,-0.038,0.291,0.070,-0.020,3387.010
65.900,220.349,100.428,169.540,-0.810,-0.028,-0.045,0.170,-0.280,3387.950
65.920,220.277,101.276,170.390,0.950,0.069,0.227,0.580,-0.560,3388.890
65.940,220.205,102.116,169.070,-0.710,0.100,-0.012,-0.060,0.050,3389.830
65.960,220.134,102.959,169.580,-0.820,0.080,0.256,1.030,0.710,3390.770
65.980,220.062,103.807,170.590,0.820,-0.066,0.279,-0.220,0.380,3391.720
66.000,219.990,104.649,169.450,-1.620,-0.071,-0.082,1.000,0.330,3392.660
66.020,219.918,105.502,171.410,-2.070,-0.060,0.281,-0.490,0.070,3393.620
66.040,219.846,106.354,171.230,-0.360,0.007,-0.018,0.260,0.110,3394.570
66.060,219.774,107.208,171.440,-1.450,-0.140,0.259,-0.320,-0.730,3395.520
66.080,219.701,108.069,172.960,-1.410,-0.029,0.226,0.560,0.230,3396.480
66.100,219.629,108.915,170.080,0.570,0.070,-0.051,-0.240,-0.170,3397.430
66.120,219.557,109.776,172.800,0.880,0.049,0.268,0.150,-0.210,3398.390
66.140,219.483,110.659,176.950,0.790,-0.025,0.257,-0.330,-0.100,3399.370
66.160,219.410,111.517,172.180,1.110,-0.022,-0.032,0.470,-0.110,3400.330
66.180,219.336,112.395,176.060,1.240,0.028,0.280,-0.330,-0.220,3401.300
66.200,219.263,113.266,174.550,-2.130,0.047,-0.069,0.840,0.000,3402.270
66.220,219.190,114.133,173.900,0.450,-0.027,-0.085,-0.500,-0.170,3403.240
66.240,219.117,114.995,173.150,-0.530,-0.012,-0.051,-0.670,0.030,3404.200
66.260,219.043,115.872,175.680,-0.750,-0.028,0.240,0.480,-0.450,3405.180
66.280,218.969,116.762,177.980,0.560,-0.067,0.274,-0.300,-0.060,3406.170
66.300,218.895,117.638,175.550,-1.730,-0.011,-0.082,-0.000,-0.330,3407.140
66.320,218.821,118.518,176.340,-1.750,-0.015,0.281,-0.160,-0.190,3408.120
66.340,218.746,119.409,178.310,0.630,-0.063,0.291,-0.660,0.040,3409.110
66.360,218.672,120.297,177.640,0.490,0.032,-0.050,-0.040,-0.480,3410.100
66.380,218.598,121.170,175.100,0.140,0.024,-0.048,0.630,-0.250,3411.070
66.400,218.524,122.060,177.940,-0.880,0.035,0.227,0.500,0.170,3412.060
66.420,218.448,122.962,180.390,0.740,-0.038,0.234,0.120,-0.420,3413.060
66.440,218.373,123.854,178.400,0.680,-0.099,-0.062,0.560,0.530,3414.050
66.460,218.300,124.725,174.680,0.090,0.023,-0.007,-0.530,0.360,3415.020
66.480,218.225,125.624,179.700,-1.180,-0.033,0.248,-0.160,-0.150,3416.020
66.500,218.150,126.520,179.160,-0.430,-0.045,-0.090,0.200,-0.240,3417.020
66.520,218.075,127.405,177.040,0.840,-0.063,-0.042,-0.070,0.060,3418.000
66.540,218.001,128.292,177.600,1.330,-0.014,0.275,-0.120,-0.430,3418.990
66.560,217.925,129.203,181.910,-0.330,0.079,0.249,-0.600,-0.600,3420.000
66.580,217.850,130.102,179.680,-0.250,-0.025,-0.006,-1.040,-0.140,3421.000
66.600,217.774,131.002,179.750,-0.160,-0.054,0.273,0.410,-0.040,3421.990
66.620,217.699,131.910,181.390,0.270,0.033,0.219,0.120,0.030,3423.000
66.640,217.623,132.815,180.810,-0.580,0.009,-0.067,0.450,-0.180,3424.010
66.660,217.547,133.728,182.260,-2.890,-0.106,0.257,-0.220,0.380,3425.020
66.680,217.471,134.641,182.140,1.190,0.033,-0.100,-0.360,-0.450,3426.030
66.700,217.395,135.547,180.980,1.790,0.106,-0.040,0.000,-0.340,3427.040
66.720,217.319,136.461,182.340,-0.610,-0.130,0.197,0.430,0.150,3428.050
66.740,217.242,137.384,184.100,-1.070,-0.062,0.281,-0.120,-0.350,3429.070
66.760,217.165,138.306,183.840,-0.140,-0.142,-0.023,0.400,-0.360,3430.090
66.780,217.089,139.229,183.980,-0.190,-0.004,0.265,-0.500,0.040,3431.120
66.800,217.011,140.170,187.340,1.000,0.050,0.230,-0.080,-0.320,3432.160
66.820,216.933,141.103,185.870,0.050,0.005,-0.045,-0.040,-0.040,3433.190
66.840,216.855,142.039,186.380,-0.790,0.070,0.235,0.610,-0.210,3434.230
66.860,216.778,142.969,185.180,-1.320,0.042,-0.081,0.100,-0.260,3435.250
66.880,216.701,143.903,186.100,0.870,0.085,0.240,0.870,-0.630,3436.290
66.900,216.623,144.834,185.450,0.600,0.058,-0.029,-0.670,0.040,3437.320
66.920,216.545,145.777,187.600,1.060,-0.020,0.251,0.060,-0.370,3438.360
66.940,216.468,146.714,186.600,-0.970,0.003,-0.006,0.090,-0.050,3439.400
66.960,216.390,147.656,187.430,1.840,-0.043,0.273,0.310,-0.150,3440.440
66.980,216.311,148.599,187.670,-1.740,-0.012,0.270,-0.410,-0.060,3441.480
67.000,216.233,149.543,187.730,0.710,0.003,0.202,0.840,-0.040,3442.520
67.020,216.153,150.513,192.500,-1.910,-0.004,0.241,0.010,0.060,3443.590
67.040,216.075,151.454,187.420,-0.790,0.067,-0.082,-0.540,-0.220,3444.630
67.060,215.997,152.398,187.740,1.560,-0.017,0.245,-0.010,0.370,3445.680
67.080,215.918,153.355,190.130,0.830,-0.047,0.229,-0.160,-0.550,3446.730
67.100,215.840,154.303,188.530,-0.550,-0.043,-0.061,1.390,-0.070,3447.780
67.120,215.761,155.255,189.320,-0.520,0.033,0.282,0.520,0.250,3448.830
67.140,215.683,156.203,188.460,0.100,-0.070,-0.036,0.020,0.140,3449.880
67.160,215.603,157.165,191.150,0.510,-0.010,0.280,-0.060,-0.290,3450.940
67.180,215.524,158.130,191.510,1.250,0.066,0.202,0.480,-0.240,3452.010
67.200,215.445,159.089,190.610,-0.460,0.015,-0.048,0.500,-0.300,3453.060
67.220,215.365,160.059,192.490,-1.610,-0.004,0.279,-1.460,0.180,3454.130
67.240,215.286,161.009,188.960,0.160,-0.002,-0.005,0.320,-0.220,3455.180
67.260,215.207,161.971,191.020,-0.460,-0.051,0.204,0.010,0.080,3456.240
67.280,215.127,162.939,192.160,-1.300,-0.043,0.239,-0.660,0.080,3457.310
67.300,215.048,163.901,190.980,0.300,-0.010,-0.019,0.440,0.710,3458.370
67.320,214.969,164.859,190.450,-0.210,0.014,-0.056,1.120,0.090,3459.430
67.340,214.889,165.832,192.950,0.310,0.047,0.223,0.280,-0.240,3460.500
67.360,214.808,166.814,194.780,-0.890,0.005,0.204,0.550,-0.440,3461.590
67.380,214.727,167.804,196.000,0.490,0.068,0.222,0.900,-0.080,3462.670
67.400,214.646,168.780,193.580,-1.320,0.080,-0.101,-0.420,-0.040,3463.750
67.420,214.565,169.768,195.840,-0.830,0.040,0.252,-0.930,-0.660,3464.840
67.440,214.484,170.758,196.020,-0.240,0.061,0.277,0.330,-0.210,3465.930
67.460,214.403,171.754,197.230,1.740,-0.050,0.212,-0.120,0.090,3467.020
67.480,214.322,172.739,195.210,0.780,-0.057,-0.042,-0.690,-0.160,3468.110
67.500,214.242,173.714,193.370,1.080,0.026,-0.025,-0.040,0.290,3469.180
67.520,214.160,174.706,196.500,1.420,-0.067,0.250,0.360,-0.470,3470.270
67.540,214.079,175.691,195.210,3.600,-0.015,-0.098,-0.070,0.200,3471.360
67.560,213.998,176.680,195.980,0.040,0.039,0.262,-0.390,0.270,3472.450
67.580,213.917,177.675,196.940,1.420,0.071,0.248,-0.110,0.290,3473.540
67.600,213.835,178.671,197.220,1.010,-0.013,0.245,-0.010,-0.470,3474.640
67.620,213.753,179.673,198.270,1.000,-0.032,0.234,-0.960,0.090,3475.740
67.640,213.671,180.681,199.450,1.770,0.016,0.253,-0.070,-0.200,3476.850
67.660,213.589,181.683,198.170,-0.420,-0.054,-0.035,-0.670,-0.420,3477.950
67.680,213.506,182.692,199.650,-0.500,-0.009,0.322,0.330,-0.120,3479.060
67.700,213.424,183.700,199.410,0.320,-0.000,-0.047,-0.780,-0.270,3480.160
67.720,213.341,184.718,201.120,-0.180,-0.001,0.295,0.510,0.280,3481.280
67.740,213.258,185.729,199.770,0.320,0.004,-0.039,-0.200,0.150,3482.390
67.760,213.176,186.742,200.270,1.560,-0.042,0.247,-0.270,-0.350,3483.500
67.780,213.093,187.754,200.160,-0.480,-0.036,-0.046,0.150,-0.220,3484.620
67.800,213.010,188.770,200.810,-0.300,-0.037,0.213,-0.430,-0.110,3485.730
67.820,212.927,189.783,200.210,0.170,-0.081,-0.041,0.140,-0.020,3486.840
67.840,212.845,190.796,200.390,-0.230,0.017,0.190,-0.370,0.300,3487.960
67.860,212.761,191.826,203.210,-1.910,0.045,0.224,-0.280,0.210,3489.090
67.880,212.678,192.841,200.750,-0.580,0.040,-0.047,0.200,0.020,3490.200
67.900,212.595,193.865,202.230,0.690,-0.013,0.286,-0.570,-0.080,3491.320
67.920,212.510,194.902,204.570,1.440,-0.041,0.293,-0.630,-0.530,3492.460
67.940,212.427,195.930,202.850,-1.150,0.037,-0.057,0.120,0.390,3493.590
67.960,212.342,196.969,204.950,-1.160,0.032,0.255,-0.010,-0.130,3494.730
67.980,212.258,197.998,203.150,0.030,0.011,-0.020,0.080,0.470,3495.850
68.000,212.175,199.025,202.800,-2.080,0.087,-0.090,0.160,0.060,3496.980
68.020,212.091,200.049,202.310,-0.440,-0.001,-0.038,0.030,0.610,3498.110
68.040,212.006,201.099,207.010,-1.740,-0.013,0.225,0.300,0.180,3499.260
68.060,211.922,202.131,203.660,1.370,-0.020,-0.055,0.050,-0.430,3500.390
68.080,211.837,203.181,206.820,-0.770,-0.078,0.236,-1.000,-0.180,3501.540
68.100,211.753,204.217,204.530,1.650,0.033,-0.037,-0.870,-0.050,3502.670
68.120,211.667,205.275,208.340,1.110,-0.005,0.267,0.960,-0.260,3503.830
68.140,211.581,206.342,210.010,-0.650,0.025,0.277,0.000,-0.110,3505.000
68.160,211.497,207.379,204.500,-1.070,0.092,-0.040,0.480,-0.410,3506.130
68.180,211.412,208.422,205.740,-0.190,-0.020,0.255,-0.170,0.000,3507.280
68.200,211.326,209.483,208.850,-0.100,-0.117,0.306,-0.030,0.070,3508.440
68.220,211.240,210.543,208.800,0.350,0.024,-0.096,-0.230,-0.300,3509.600
68.240,211.154,211.607,209.530,-0.780,0.008,0.301,1.230,0.580,3510.760
68.260,211.069,212.662,207.830,0.750,-0.037,-0.059,0.130,0.020,3511.910
68.280,210.982,213.740,212.010,0.270,0.020,0.267,-0.270,-0.250,3513.090
68.300,210.896,214.805,209.530,-0.340,0.039,-0.060,-0.830,-0.490,3514.260
68.320,210.810,215.860,207.860,-0.710,-0.047,-0.071,0.990,0.020,3515.410
68.340,210.724,216.925,209.640,-0.180,-0.015,0.265,-0.080,-0.080,3516.580
68.360,210.639,217.984,208.550,-0.820,0.074,-0.019,0.370,0.230,3517.730
68.380,210.551,219.068,213.070,0.060,-0.036,0.264,0.430,-0.040,3518.920
68.400,210.465,220.135,210.030,0.090,0.003,-0.066,-0.230,-0.360,3520.090
68.420,210.378,221.213,212.090,0.260,-0.131,0.358,0.340,0.500,3521.260
68.440,210.291,222.286,210.980,1.770,-0.074,-0.014,-0.300,0.130,3522.440
68.460,210.205,223.359,211.090,-0.130,0.008,0.278,-0.500,-0.080,3523.610
68.480,210.119,224.423,209.480,1.000,0.061,-0.061,0.580,0.050,3524.770
68.500,210.031,225.510,213.580,0.230,-0.068,0.231,-0.080,0.140,3525.960
68.520,209.943,226.604,214.960,-0.240,0.004,0.242,0.260,-0.430,3527.150
68.540,209.856,227.682,211.970,-0.120,-0.019,-0.018,0.210,0.050,3528.330
68.560,209.769,228.757,211.360,-0.060,0.048,-0.080,0.320,-0.140,3529.500
68.580,209.681,229.852,215.210,0.280,-0.061,0.218,-0.780,0.150,3530.700
68.600,209.594,230.930,211.870,-0.960,0.022,-0.034,-0.290,-0.220,3531.880
68.620,209.506,232.033,216.500,-1.470,-0.033,0.260,-0.160,-0.180,3533.080
68.640,209.418,233.120,213.650,0.650,0.011,-0.073,-0.420,0.500,3534.270
68.660,209.331,234.207,213.680,0.900,0.003,0.217,0.210,0.370,3535.450
68.680,209.242,235.308,216.040,0.750,-0.013,0.293,0.590,-0.990,3536.650
68.700,209.154,236.400,214.440,0.150,0.024,-0.039,0.670,0.350,3537.850
68.720,209.066,237.496,215.270,0.770,0.002,0.209,-0.170,-0.020,3539.040
68.740,208.977,238.603,217.200,0.710,-0.007,0.211,0.150,-0.210,3540.250
68.760,208.890,239.688,213.350,0.790,-0.018,-0.061,0.220,-0.300,3541.430
68.780,208.800,240.809,219.790,-0.860,0.004,0.272,0.310,-0.280,3542.650
68.800,208.711,241.919,217.730,-1.100,0.011,-0.032,-0.440,-0.200,3543.860
68.820,208.622,243.020,216.060,-0.390,-0.049,-0.016,0.910,-0.340,3545.060
68.840,208.534,244.125,216.800,-0.020,-0.017,0.205,0.460,-0.410,3546.270
68.860,208.444,245.248,220.150,-0.240,-0.053,0.257,0.480,-0.310,3547.490
68.880,208.354,246.370,219.890,-1.880,-0.002,-0.007,0.600,0.100,3548.710
68.900,208.263,247.500,221.400,1.720,-0.030,0.290,0.270,0.020,3549.940
68.920,208.174,248.615,218.630,-0.270,0.039,-0.039,-0.510,0.170,3551.160
68.940,208.084,249.739,220.430,0.170,0.034,0.320,-0.070,-0.020,3552.380
68.960,207.994,250.867,220.960,1.240,-0.046,0.268,-0.830,-0.390,3553.610
68.980,207.903,251.999,221.700,-2.340,-0.000,0.281,0.210,0.150,3554.840
69.000,207.812,253.136,222.680,-0.510,0.032,0.251,-0.080,-0.300,3556.080
69.020,207.722,254.260,220.240,-0.390,-0.009,-0.073,-0.020,0.190,3557.300
69.040,207.632,255.391,221.480,-0.340,-0.036,0.224,0.600,-0.350,3558.530
69.060,207.542,256.519,221.070,-0.170,-0.055,-0.045,-0.230,-0.210,3559.760
69.080,207.451,257.654,222.240,1.450,0.043,0.244,-0.130,-0.110,3561.000
69.100,207.360,258.797,223.690,0.670,0.045,0.197,0.010,0.200,3562.240
69.120,207.270,259.922,220.500,0.960,-0.010,-0.081,-0.920,0.050,3563.460
69.140,207.178,261.072,224.980,0.050,0.038,0.240,-0.130,0.010,3564.710
69.160,207.087,262.205,221.930,-1.400,-0.148,-0.028,-1.240,0.570,3565.950
69.180,206.996,263.347,223.510,-2.080,0.066,0.250,-0.290,-0.550,3567.190
69.200,206.904,264.504,226.170,-1.530,-0.008,0.248,0.430,-0.310,3568.440
69.220,206.812,265.654,225.130,0.360,0.007,-0.080,0.220,-0.320,3569.700
69.240,206.721,266.807,225.480,0.030,-0.016,0.251,-0.300,-0.530,3570.950
69.260,206.629,267.949,223.530,-0.210,0.070,-0.010,0.020,-0.220,3572.190
69.280,206.538,269.094,224.070,-0.370,-0.053,0.255,-0.540,0.210,3573.440
69.300,206.445,270.258,227.380,2.010,0.074,0.205,-0.000,-0.180,3574.700
69.320,206.354,271.410,225.420,-0.820,0.020,-0.088,1.470,-0.100,3575.950
69.340,206.262,272.565,225.890,0.930,0.031,0.268,0.920,-0.520,3577.210
69.360,206.169,273.734,228.410,0.000,-0.016,0.243,0.030,-0.240,3578.470
69.380,206.077,274.888,225.720,-0.060,-0.065,-0.052,0.080,-0.140,3579.730
69.400,205.984,276.055,228.030,1.180,0.047,0.232,-0.490,0.190,3581.000
69.420,205.891,277.222,228.030,1.460,0.016,-0.035,-0.400,-0.500,3582.260
69.440,205.798,278.391,228.290,-0.240,0.068,0.241,0.180,-0.140,3583.530
69.460,205.705,279.556,227.850,0.800,-0.010,-0.056,-0.260,0.330,3584.800
69.480,205.612,280.724,228.090,0.360,-0.021,0.224,0.450,-0.130,3586.060
69.500,205.520,281.889,227.670,0.010,0.069,-0.022,0.780,-0.630,3587.330
69.520,205.426,283.068,230.350,0.200,0.096,0.243,0.170,0.380,3588.610
69.540,205.333,284.241,228.950,-0.690,0.000,-0.032,0.050,0.220,3589.880
69.560,205.239,285.428,231.740,-0.310,-0.038,0.214,-0.840,0.260,3591.170
69.580,205.145,286.607,230.280,-0.580,0.041,0.002,0.370,-0.520,3592.450
69.600,205.052,287.782,229.370,0.900,-0.013,-0.012,-0.570,0.450,3593.720
69.620,204.958,288.965,230.930,-0.100,0.030,0.193,-0.210,-0.230,3595.000
69.640,204.864,290.148,231.000,-1.300,-0.013,0.226,0.480,-0.150,3596.290
69.660,204.769,291.345,233.460,-0.720,0.078,0.264,0.510,-0.210,3597.580
69.680,204.675,292.533,231.730,-3.200,-0.035,-0.090,-0.230,0.280,3598.870
69.700,204.581,293.723,232.200,-0.490,0.024,0.246,-0.200,-0.050,3600.160
69.720,204.486,294.929,235.060,0.040,-0.024,0.263,-0.350,0.140,3601.470
69.740,204.391,296.129,234.040,-0.140,-0.014,-0.056,-0.600,0.020,3602.770
69.760,204.295,297.341,236.110,1.980,-0.021,0.266,-0.320,-0.030,3604.080
69.780,204.199,298.551,235.830,0.570,0.037,-0.071,-0.810,-0.280,3605.390
69.800,204.105,299.745,232.950,0.530,0.046,-0.117,0.340,0.540,3606.680
69.820,204.009,300.957,236.090,-1.640,0.028,0.279,0.200,-0.440,3608.000
69.840,203.913,302.175,237.230,-0.360,-0.005,0.279,0.280,0.120,3609.310
69.860,203.816,303.394,237.570,-0.490,0.007,0.325,-0.480,0.110,3610.630
69.880,203.720,304.612,237.090,-0.790,0.045,-0.116,-0.600,0.350,3611.950
69.900,203.624,305.830,237.390,-0.800,0.046,0.273,0.030,0.420,3613.270
69.920,203.528,307.040,235.820,-1.810,-0.135,-0.109,0.030,-0.040,3614.580
69.940,203.433,308.248,235.350,-1.280,-0.014,0.003,-0.070,0.160,3615.890
69.960,203.337,309.461,236.410,0.870,-0.011,0.265,-0.140,0.530,3617.200
69.980,203.242,310.666,234.770,-0.140,0.033,-0.079,0.860,-0.020,3618.500
70.000,203.145,311.897,239.610,-0.510,-0.003,0.273,0.210,-0.320,3619.840
70.020,203.048,313.116,237.510,-0.010,0.036,-0.067,0.990,-0.120,3621.160
70.040,202.951,314.351,240.200,1.170,-0.054,0.259,0.630,-0.390,3622.490
70.060,202.855,315.566,236.750,0.000,0.013,-0.044,0.850,0.110,3623.800
70.080,202.758,316.802,240.550,0.540,0.045,0.302,-0.540,0.320,3625.140
70.100,202.661,318.027,238.520,-0.850,-0.074,0.004,0.300,-0.040,3626.470
70.120,202.565,319.248,237.670,-0.620,0.126,-0.068,-0.220,-0.490,3627.790
70.140,202.467,320.494,242.370,0.350,0.060,0.282,-0.830,0.310,3629.130
70.160,202.369,321.738,241.920,1.890,0.000,-0.039,0.750,-0.530,3630.480
70.180,202.272,322.976,240.910,1.430,-0.041,-0.092,-0.150,-0.460,3631.820
70.200,202.174,324.215,240.970,0.580,-0.009,0.229,-0.530,-0.050,3633.150
70.220,202.076,325.459,241.910,0.150,0.004,0.320,-0.210,0.080,3634.500
70.240,201.978,326.703,241.880,1.400,0.022,-0.039,-0.400,0.130,3635.840
70.260,201.881,327.940,240.730,0.790,0.075,-0.020,-0.350,-0.020,3637.180
70.280,201.783,329.182,241.630,-2.290,-0.024,0.244,-0.110,0.530,3638.520
70.300,201.684,330.446,245.520,-1.050,0.028,0.234,0.870,0.020,3639.890
70.320,201.584,331.718,246.920,0.340,-0.065,0.251,-0.330,0.310,3641.260
70.340,201.485,332.982,245.590,-1.790,-0.021,-0.058,0.830,0.240,3642.620
70.360,201.386,334.239,244.300,-0.900,0.019,-0.095,0.420,-0.390,3643.980
70.380,201.288,335.491,243.410,-0.700,0.035,-0.080,0.200,-0.050,3645.330
70.400,201.190,336.741,243.050,-0.260,-0.038,-0.029,0.370,0.640,3646.680
70.420,201.091,337.994,243.480,-0.290,-0.022,0.239,0.010,-0.150,3648.030
70.440,200.993,339.250,244.080,-0.290,0.073,0.251,0.640,-0.200,3649.390
70.460,200.892,340.530,248.470,0.830,0.058,0.257,0.280,0.050,3650.770
70.480,200.792,341.809,248.280,-0.270,0.010,-0.041,-0.830,-0.140,3652.150
70.500,200.692,343.082,247.020,-0.380,-0.112,-0.016,0.150,-0.240,3653.520
70.520,200.593,344.342,244.800,-1.350,0.126,-0.083,0.390,-0.140,3654.880
70.540,200.493,345.619,247.910,1.020,-0.001,0.267,-0.140,0.430,3656.260
70.560,200.394,346.888,246.540,-0.670,-0.016,-0.027,0.060,-0.040,3657.630
70.580,200.295,348.144,244.000,-1.090,-0.026,-0.020,-0.310,-0.400,3658.990
70.600,200.195,349.421,248.000,0.210,0.019,0.208,-0.690,-0.450,3660.360
70.620,200.096,350.691,246.640,-0.770,0.019,-0.042,-0.780,0.660,3661.730
70.640,199.996,351.964,247.020,-0.530,0.048,0.301,-0.770,-0.070,3663.110
70.660,199.896,353.242,248.190,0.260,-0.046,0.247,0.330,0.130,3664.480
70.680,199.796,354.521,248.150,-0.330,-0.016,-0.035,-1.250,-0.230,3665.860
70.700,199.695,355.805,249.180,2.310,0.102,0.273,-0.330,0.100,3667.250
70.720,199.595,357.090,249.440,-0.070,0.011,0.219,-0.380,0.440,3668.630
70.740,199.495,358.363,247.080,0.620,-0.009,0.005,-0.140,-0.200,3670.010
70.760,199.393,359.666,252.510,-1.940,-0.047,0.265,-0.930,0.140,3671.410
70.780,199.293,360.949,249.080,-0.860,0.025,-0.034,0.200,-0.420,3672.790
70.800,199.192,362.235,249.460,-1.090,0.052,0.200,-0.640,0.610,3674.180
70.820,199.091,363.528,250.730,-0.950,0.044,0.274,0.570,0.080,3675.570
70.840,198.990,364.824,251.390,0.420,-0.013,0.265,-0.310,-0.120,3676.970
70.860,198.887,366.136,254.070,1.040,0.018,0.299,-0.050,-0.090,3678.380
70.880,198.786,367.439,252.620,0.340,0.084,-0.059,0.000,-0.150,3679.780
70.900,198.683,368.746,253.400,-0.230,0.054,0.220,0.120,-0.140,3681.190
70.920,198.581,370.053,253.290,-0.630,-0.039,-0.070,0.020,-0.730,3682.600
70.940,198.479,371.362,253.560,1.110,-0.127,0.235,-0.210,-0.030,3684.010
70.960,198.377,372.673,254.010,2.070,0.015,0.216,0.170,-0.040,3685.420
70.980,198.276,373.967,250.980,0.140,0.040,-0.011,0.230,0.150,3686.810
71.000,198.174,375.277,253.840,0.940,-0.054,0.290,-0.380,-0.160,3688.220
71.020,198.071,376.601,256.290,0.340,-0.000,0.244,0.210,-0.230,3689.650
71.040,197.966,377.949,260.790,0.760,-0.013,0.238,0.600,-0.000,3691.090
71.060,197.864,379.257,253.400,-1.160,0.005,-0.104,0.350,-0.480,3692.500
71.080,197.761,380.580,256.180,-0.490,-0.027,0.271,0.470,0.040,3693.930
71.100,197.658,381.896,255.020,0.400,0.065,-0.000,0.090,-0.560,3695.340
71.120,197.554,383.236,259.280,1.210,0.007,0.231,-0.470,0.340,3696.780
71.140,197.452,384.550,254.510,-0.820,-0.044,-0.054,-0.400,0.210,3698.200
71.160,197.348,385.882,257.810,-2.030,0.046,0.263,0.160,-0.280,3699.630
71.180,197.245,387.199,255.090,-0.500,-0.063,0.002,0.470,0.200,3701.050
71.200,197.142,388.527,257.060,1.010,0.064,0.256,1.390,0.030,3702.470
71.220,197.038,389.859,257.820,-1.580,0.050,0.256,0.490,-0.300,3703.910
71.240,196.934,391.202,259.800,-1.180,0.069,0.255,-0.590,-0.610,3705.350
71.260,196.830,392.529,256.920,0.160,-0.008,-0.093,-0.380,0.090,3706.780
71.280,196.726,393.872,259.860,-0.120,-0.025,0.207,1.140,-0.240,3708.220
71.300,196.622,395.212,259.220,0.590,0.004,-0.074,-0.110,0.330,3709.660
71.320,196.518,396.556,259.940,-1.230,-0.004,0.280,0.020,0.000,3711.110
71.340,196.413,397.907,261.300,-0.320,-0.033,0.240,-0.480,-0.210,3712.560
71.360,196.309,399.242,258.270,1.200,-0.028,-0.066,0.780,0.540,3713.990
71.380,196.204,400.596,261.740,-1.190,-0.018,0.234,0.250,0.170,3715.450
71.400,196.099,401.940,260.000,1.480,-0.059,-0.054,-0.390,-1.100,3716.890
71.420,195.994,403.300,262.830,-1.070,0.034,0.301,-0.500,-0.150,3718.350
71.440,195.889,404.655,262.020,0.850,-0.003,-0.055,0.150,-0.420,3719.810
71.460,195.784,406.008,261.540,-0.370,-0.015,-0.074,0.020,-0.240,3721.260
71.480,195.679,407.359,261.300,-1.140,-0.056,-0.049,0.420,-0.040,3722.710
71.500,195.573,408.724,263.750,-0.500,-0.058,0.303,0.270,0.110,3724.180
71.520,195.467,410.095,264.740,0.540,0.097,0.235,-0.130,0.080,3725.650
71.540,195.361,411.452,262.380,-0.010,-0.031,-0.085,-0.270,0.320,3727.100
71.560,195.256,412.806,261.820,1.120,0.031,-0.065,-0.080,0.190,3728.560
71.580,195.150,414.178,264.890,1.440,0.008,0.254,-0.280,0.170,3730.030
71.600,195.045,415.533,262.010,-1.180,-0.139,-0.029,-0.070,0.060,3731.490
71.620,194.939,416.891,262.550,-1.260,0.090,0.280,0.010,0.390,3732.940
71.640,194.834,418.253,263.250,-1.300,0.034,0.219,-0.450,-0.090,3734.410
71.660,194.728,419.623,264.550,-0.900,-0.038,0.221,0.320,-0.090,3735.880
71.680,194.622,420.986,263.500,1.100,-0.001,-0.060,-0.190,-0.570,3737.340
71.700,194.516,422.347,262.930,0.560,-0.057,-0.029,-0.420,0.320,3738.800
71.720,194.410,423.716,264.470,-0.550,0.091,0.212,-0.180,-0.020,3740.270
71.740,194.303,425.101,267.470,-0.010,-0.045,0.232,0.120,0.880,3741.760
71.760,194.197,426.473,264.930,1.400,-0.026,-0.068,0.040,-0.120,3743.230
71.780,194.090,427.854,266.660,1.910,-0.036,0.278,0.210,0.030,3744.710
71.800,193.982,429.256,270.420,0.260,0.004,0.266,0.450,0.160,3746.210
71.820,193.875,430.643,267.760,-2.660,0.069,-0.023,0.650,-0.330,3747.700
71.840,193.767,432.035,268.680,0.300,0.089,0.290,0.140,0.110,3749.190
71.860,193.660,433.419,267.080,0.930,-0.020,-0.059,-0.530,0.010,3750.680
71.880,193.551,434.830,272.080,0.220,0.019,0.214,-0.130,-0.090,3752.190
71.900,193.444,436.220,268.350,0.730,0.004,-0.085,-0.500,0.350,3753.680
71.920,193.336,437.615,269.150,0.360,-0.049,0.195,0.850,-0.270,3755.170
71.940,193.227,439.025,271.800,-1.230,0.121,0.236,0.990,0.080,3756.680
71.960,193.119,440.424,269.890,-0.890,0.068,-0.062,0.330,0.440,3758.180
71.980,193.011,441.826,270.560,-0.320,0.009,0.274,0.430,-0.210,3759.690
72.000,192.903,443.228,270.400,1.070,0.079,-0.049,0.130,-0.090,3761.190
72.020,192.794,444.632,270.750,-0.770,0.061,0.235,0.180,0.700,3762.690
72.040,192.685,446.043,272.050,0.460,0.004,0.247,-0.800,0.140,3764.200
72.060,192.576,447.457,272.650,0.300,0.016,0.219,-0.040,-0.150,3765.720
72.080,192.468,448.863,271.190,1.590,0.076,-0.019,-0.440,0.240,3767.230
72.100,192.359,450.270,271.340,-0.040,-0.047,0.226,0.140,-0.170,3768.730
72.120,192.250,451.681,271.900,-1.750,0.084,0.216,-0.030,-0.470,3770.240
72.140,192.142,453.086,271.050,0.650,-0.011,-0.025,0.970,0.410,3771.750
72.160,192.033,454.492,271.100,2.140,0.076,0.267,0.460,-0.330,3773.260
72.180,191.924,455.915,274.260,0.710,-0.000,0.198,0.140,0.740,3774.780
72.200,191.814,457.345,275.560,-0.790,0.017,0.276,-0.130,-0.150,3776.310
72.220,191.704,458.777,275.790,-1.080,-0.002,0.228,0.840,0.640,3777.840
72.240,191.595,460.183,271.240,-0.950,-0.027,-0.061,-0.010,-0.410,3779.350
72.260,191.485,461.609,274.780,2.000,-0.014,0.256,0.170,0.310,3780.880
72.280,191.376,463.030,273.820,-0.330,0.069,-0.032,0.020,0.150,3782.400
72.300,191.265,464.463,276.020,-0.660,-0.116,0.263,-0.200,0.250,3783.930
72.320,191.155,465.893,275.510,-0.160,-0.062,-0.051,0.020,0.290,3785.460
72.340,191.045,467.334,277.360,-0.320,-0.036,0.237,-0.980,-0.150,3787.000
72.360,190.934,468.771,276.780,1.570,-0.054,-0.038,-0.770,-0.390,3788.540
72.380,190.824,470.194,274.290,-1.010,0.075,-0.054,0.170,-0.020,3790.060
72.400,190.714,471.627,276.020,1.180,0.063,0.304,0.780,0.070,3791.600
72.420,190.603,473.070,277.810,0.120,0.030,0.268,0.170,-0.140,3793.140
72.440,190.492,474.516,278.270,1.210,-0.032,0.222,-0.360,0.080,3794.690
72.460,190.382,475.951,276.360,1.580,0.067,-0.064,-0.720,0.100,3796.220
72.480,190.271,477.386,276.490,0.080,-0.079,0.251,0.390,-0.270,3797.760
72.500,190.160,478.837,279.220,-0.320,0.107,0.289,-0.280,0.120,3799.310
72.520,190.049,480.277,277.360,0.070,-0.034,-0.008,0.320,-0.080,3800.850
72.540,189.938,481.717,277.290,-0.090,-0.013,-0.062,0.190,-0.210,3802.390
72.560,189.827,483.169,279.460,-1.660,-0.021,0.222,0.240,0.240,3803.940
72.580,189.715,484.623,279.730,1.550,-0.054,0.218,0.020,-0.230,3805.500
72.600,189.604,486.075,279.480,0.250,0.096,-0.042,0.190,-0.140,3807.050
72.620,189.492,487.530,280.070,-1.160,0.039,0.319,-0.060,0.020,3808.610
72.640,189.380,488.994,281.480,-2.070,0.061,0.266,-0.320,0.410,3810.170
72.660,189.268,490.453,280.710,-2.330,-0.061,-0.098,-0.480,0.060,3811.730
72.680,189.155,491.920,282.230,0.770,0.009,0.228,-1.190,0.160,3813.300
72.700,189.043,493.385,281.880,-0.620,0.026,-0.069,-0.090,-0.090,3814.860
72.720,188.930,494.857,283.040,-0.450,0.014,0.225,0.760,-0.020,3816.440
72.740,188.816,496.337,284.440,0.490,-0.058,0.238,0.370,-0.010,3818.020
72.760,188.703,497.818,284.710,-0.520,0.054,0.261,0.110,0.090,3819.600
72.780,188.589,499.305,285.720,0.550,0.006,0.270,-0.370,-0.090,3821.180
72.800,188.475,500.790,285.370,0.100,-0.048,-0.017,0.500,0.400,3822.770
72.820,188.362,502.271,284.810,-0.080,-0.093,-0.034,-0.060,-0.110,3824.350
72.840,188.249,503.749,284.130,-1.570,0.030,-0.109,0.790,-0.510,3825.930
72.860,188.135,505.229,284.530,-0.820,0.123,0.218,-0.490,0.820,3827.510
72.880,188.022,506.707,284.130,0.600,-0.051,-0.055,-0.370,-0.100,3829.090
72.900,187.908,508.194,285.780,-0.680,0.009,0.254,-0.420,0.390,3830.680
72.920,187.794,509.689,287.160,1.210,0.056,0.276,-0.740,0.420,3832.270
72.940,187.680,511.174,285.350,2.350,-0.063,-0.049,-0.470,0.280,3833.860
72.960,187.566,512.666,286.720,0.660,-0.024,0.252,0.050,-0.060,3835.450
72.980,187.452,514.155,286.090,1.490,-0.043,-0.043,-0.360,0.090,3837.040
73.000,187.338,515.653,287.750,0.720,0.049,0.242,-1.930,-0.380,3838.640
73.020,187.223,517.146,286.950,-0.530,0.066,-0.047,0.540,0.600,3840.230
73.040,187.109,518.640,286.990,0.200,0.008,0.284,-0.840,-0.260,3841.830
73.060,186.995,520.136,287.420,2.010,-0.042,0.247,0.290,-0.080,3843.420
73.080,186.880,521.644,289.520,-0.520,-0.022,0.249,0.020,0.030,3845.030
73.100,186.765,523.149,288.950,-1.040,-0.032,-0.051,1.060,-0.030,3846.640
73.120,186.650,524.653,288.790,-1.130,-0.049,-0.011,0.500,-0.200,3848.240
73.140,186.534,526.164,290.160,-0.220,-0.005,0.217,-0.250,0.420,3849.850
73.160,186.419,527.671,289.470,-1.000,0.029,0.003,-0.350,0.290,3851.460
73.180,186.303,529.194,292.120,1.670,0.025,0.215,0.750,0.100,3853.090
73.200,186.188,530.700,289.300,0.220,-0.000,-0.070,-0.740,-0.120,3854.690
73.220,186.072,532.215,290.810,0.970,0.003,0.272,0.100,0.320,3856.310
73.240,185.957,533.722,289.320,-0.300,-0.004,-0.019,-0.070,-0.140,3857.920
73.260,185.841,535.239,291.240,-1.140,-0.065,0.208,-0.170,0.470,3859.530
73.280,185.726,536.747,289.570,-1.310,0.008,-0.083,0.180,0.030,3861.140
73.300,185.609,538.277,293.540,-0.910,-0.029,0.258,0.090,0.370,3862.770
73.320,185.493,539.810,293.900,0.350,-0.067,0.320,0.230,-0.030,3864.410
73.340,185.376,541.344,294.260,0.520,0.019,0.287,0.070,0.020,3866.040
73.360,185.259,542.873,293.460,0.600,-0.031,-0.057,0.210,0.370,3867.670
73.380,185.143,544.397,292.430,-1.490,0.011,-0.123,0.050,0.660,3869.300
73.400,185.026,545.924,292.880,-0.000,0.042,0.252,-0.330,0.470,3870.920
73.420,184.908,547.471,296.710,-1.030,-0.048,0.261,0.000,0.260,3872.570
73.440,184.791,549.020,296.900,0.400,0.005,0.239,-0.360,0.180,3874.220
73.460,184.673,550.560,295.260,0.480,-0.091,-0.076,-0.390,-0.150,3875.860
73.480,184.556,552.096,294.640,-1.170,0.077,-0.045,-0.170,0.090,3877.500
73.500,184.438,553.650,297.800,0.970,-0.068,0.222,-0.060,-0.270,3879.150
73.520,184.321,555.188,295.040,2.340,-0.026,0.006,0.020,0.110,3880.790
73.540,184.203,556.736,296.750,0.830,0.067,0.296,0.460,0.130,3882.440
73.560,184.084,558.295,298.770,-0.160,-0.012,0.270,-0.250,-0.590,3884.100
73.580,183.967,559.838,295.820,-0.320,-0.060,-0.047,0.100,0.010,3885.740
73.600,183.848,561.396,298.650,-0.210,0.036,0.230,0.060,0.120,3887.400
73.620,183.730,562.954,298.520,-0.760,0.035,-0.051,-0.300,-0.030,3889.060
73.640,183.612,564.509,298.010,0.250,-0.032,-0.001,0.040,0.110,3890.720
73.660,183.494,566.058,296.910,-1.140,-0.026,-0.024,0.500,-0.400,3892.370
73.680,183.376,567.610,297.650,-1.890,-0.022,0.256,0.090,-0.230,3894.020
73.700,183.257,569.174,299.500,0.220,-0.010,0.278,0.110,0.310,3895.680
73.720,183.139,570.724,297.260,0.020,-0.095,-0.034,-0.350,0.000,3897.340
73.740,183.020,572.290,299.930,-0.570,-0.009,0.262,0.980,0.100,3899.000
73.760,182.901,573.861,300.880,-1.280,0.089,0.279,-0.320,-0.160,3900.670
73.780,182.781,575.437,301.870,0.290,-0.045,0.266,-0.830,0.010,3902.350
73.800,182.662,576.995,298.630,-0.990,-0.029,-0.024,0.430,-0.690,3904.010
73.820,182.542,578.578,303.040,-0.140,-0.059,0.255,-0.060,0.250,3905.690
73.840,182.422,580.166,303.940,1.760,0.031,0.242,-0.150,0.540,3907.380
73.860,182.302,581.745,302.340,0.650,0.060,-0.066,-0.270,-0.320,3909.060
73.880,182.183,583.313,300.500,-1.370,0.059,-0.070,0.940,-0.280,3910.730
73.900,182.063,584.890,301.900,-1.270,-0.062,0.202,0.180,0.130,3912.410
73.920,181.943,586.470,302.650,0.150,0.025,0.223,0.270,0.440,3914.090
73.940,181.823,588.055,303.460,-1.380,0.072,0.222,0.080,-0.000,3915.770
73.960,181.703,589.640,303.420,-2.000,0.025,-0.065,0.140,-0.370,3917.460
73.980,181.582,591.229,304.140,0.530,0.024,0.297,0.700,-0.060,3919.150
74.000,181.462,592.817,303.920,0.320,-0.024,-0.055,-0.130,-0.310,3920.840
74.020,181.341,594.409,304.780,0.450,0.011,0.257,-0.730,-0.200,3922.530
74.040,181.220,595.997,304.030,0.260,0.062,-0.042,0.430,-0.090,3924.220
74.060,181.100,597.588,304.540,-0.070,0.016,0.298,0.250,-0.280,3925.910
74.080,180.979,599.179,304.520,-0.660,-0.062,-0.067,0.050,-0.230,3927.600
74.100,180.857,600.793,308.590,0.520,-0.023,0.243,0.240,0.020,3929.320
74.120,180.735,602.404,308.240,1.530,0.060,-0.053,-0.190,0.060,3931.030
74.140,180.613,604.010,307.210,-0.500,0.016,-0.016,0.010,-0.430,3932.740
74.160,180.491,605.624,308.700,-1.020,0.006,0.290,-0.070,0.120,3934.450
74.180,180.369,607.236,308.240,-1.140,-0.028,-0.036,-0.300,-0.110,3936.170
74.200,180.247,608.844,307.650,-0.870,0.059,-0.013,0.590,0.220,3937.870
74.220,180.126,610.440,305.450,0.200,0.083,-0.045,-0.710,0.230,3939.570
74.240,180.005,612.049,307.650,-2.140,0.063,0.245,1.180,-0.160,3941.280
74.260,179.883,613.658,307.870,0.440,0.072,0.285,0.440,0.180,3942.990
74.280,179.761,615.263,307.000,0.640,-0.018,-0.035,-0.890,-0.250,3944.700
74.300,179.640,616.867,306.810,-1.800,-0.025,-0.072,-0.110,0.400,3946.400
74.320,179.517,618.489,310.110,-0.980,-0.008,0.280,-0.080,-0.240,3948.120
74.340,179.394,620.111,310.190,0.080,0.002,0.244,0.200,0.110,3949.850
74.360,179.272,621.723,308.280,-0.140,0.072,-0.060,-0.490,-0.060,3951.560
74.380,179.150,623.340,309.250,0.520,0.058,0.277,0.020,-0.310,3953.280
74.400,179.026,624.975,312.440,-0.140,0.027,0.247,-0.060,0.270,3955.010
74.420,178.904,626.594,309.710,1.260,-0.072,-0.038,-0.370,-0.180,3956.730
74.440,178.781,628.225,311.620,-0.320,-0.084,0.270,-0.440,-0.510,3958.470
74.460,178.657,629.854,311.410,-0.980,0.012,-0.073,0.460,-0.860,3960.200
74.480,178.534,631.491,312.790,-1.060,0.044,0.262,-0.850,-0.260,3961.930
74.500,178.411,633.118,311.070,0.740,-0.004,-0.010,0.240,0.410,3963.660
74.520,178.287,634.755,312.830,0.030,0.096,0.221,0.400,0.380,3965.400
74.540,178.163,636.394,313.280,0.630,-0.054,0.263,-0.110,-0.220,3967.140
74.560,178.039,638.036,313.700,0.610,-0.060,0.225,0.030,-0.110,3968.880
74.580,177.915,639.679,313.810,-2.020,-0.033,0.281,0.580,-0.140,3970.630
74.600,177.791,641.325,314.540,-1.140,-0.035,0.280,-0.350,-0.400,3972.370
74.620,177.665,642.989,317.640,-1.020,0.026,0.239,-0.300,-0.280,3974.140
74.640,177.540,644.658,318.530,-0.820,-0.021,0.316,-0.250,0.290,3975.910
74.660,177.416,646.301,314.060,-0.420,-0.077,-0.017,0.580,0.150,3977.650
74.680,177.292,647.933,311.870,1.000,0.045,-0.029,0.650,0.080,3979.380
74.700,177.167,649.591,316.570,1.200,-0.088,0.270,-0.700,-0.400,3981.140
74.720,177.042,651.247,316.290,-0.290,-0.054,-0.020,0.500,0.030,3982.900
74.740,176.917,652.912,317.940,-0.250,-0.081,0.220,0.410,-0.690,3984.670
74.760,176.791,654.573,317.100,-0.710,0.010,-0.044,0.780,0.250,3986.430
74.780,176.666,656.234,317.100,0.090,0.009,-0.039,0.190,0.080,3988.190
74.800,176.540,657.905,319.040,0.200,0.096,0.238,-0.020,-0.400,3989.960
74.820,176.414,659.580,319.580,0.810,0.046,0.264,0.570,0.480,3991.740
74.840,176.289,661.234,315.930,0.800,0.072,-0.013,0.350,-0.540,3993.490
74.860,176.164,662.895,317.110,-2.300,0.014,0.237,1.120,0.160,3995.260
74.880,176.038,664.563,318.510,-0.150,-0.049,0.248,0.480,0.170,3997.020
74.900,175.912,666.235,319.150,1.380,0.006,0.225,0.080,-0.370,3998.800
74.920,175.786,667.907,319.000,-0.440,0.030,-0.104,-0.590,-0.010,4000.570
74.940,175.660,669.583,320.000,1.140,0.035,0.273,-0.290,-0.490,4002.350
74.960,175.534,671.260,320.000,-0.310,-0.024,-0.051,-0.720,-0.850,4004.130
74.980,175.367,672.945,89.040,-0.410,0.863,0.048,0.070,2.340,4004.620
75.000,175.160,674.625,89.460,-2.270,0.823,0.209,0.190,4.000,4005.120
75.020,174.914,676.301,90.350,-1.210,0.838,0.429,0.500,5.910,4005.620
75.040,174.628,677.971,91.220,-0.530,0.846,0.760,0.830,5.710,4006.130
75.060,174.303,679.634,92.190,0.730,0.833,0.925,1.260,5.560,4006.640
75.080,173.938,681.290,93.000,-0.370,0.816,1.063,1.720,6.370,4007.160
75.100,173.534,682.938,94.010,-0.710,0.831,1.167,2.150,5.500,4007.680
75.120,173.092,684.576,94.980,2.860,0.824,1.228,2.630,3.750,4008.210
75.140,172.610,686.204,95.930,2.440,0.865,1.141,3.210,5.790,4008.740
75.160,172.090,687.821,97.060,1.010,0.858,1.342,3.710,6.960,4009.280
75.180,171.532,689.427,98.310,3.500,0.892,1.442,4.210,5.020,4009.830
75.200,170.937,691.019,99.390,2.010,0.910,1.506,4.770,9.080,4010.380
75.220,170.303,692.599,100.510,3.470,0.920,1.495,5.250,8.580,4010.940
75.240,169.632,694.163,101.810,5.750,0.943,1.599,5.750,5.430,4011.500
75.260,168.924,695.713,102.790,3.050,0.988,1.577,6.290,9.550,4012.070
75.280,168.180,697.246,103.600,2.380,0.981,1.404,6.780,6.420,4012.650
75.300,167.399,698.763,104.830,4.900,0.998,1.529,7.270,6.180,4013.230
75.320,166.582,700.262,105.920,2.940,1.009,1.435,7.720,8.660,4013.820
75.340,165.730,701.743,106.960,5.600,1.038,1.464,8.240,7.120,4014.420
75.360,164.843,703.204,108.020,6.090,1.051,1.548,8.750,10.370,4015.020
75.380,163.921,704.646,108.990,2.240,1.045,1.392,9.300,5.680,4015.620
75.400,162.965,706.067,109.820,8.750,1.059,1.456,9.810,4.620,4016.230
75.420,161.975,707.466,111.110,7.880,1.131,1.573,10.400,7.350,4016.850
75.440,160.952,708.843,111.520,11.150,1.159,1.219,10.880,7.770,4017.470
75.460,159.897,710.196,112.140,9.760,1.183,1.309,11.430,5.550,4018.090
75.480,158.809,711.526,113.080,11.350,1.196,1.265,11.940,4.820,4018.720
75.500,157.690,712.832,113.780,12.820,1.214,1.072,12.470,6.520,4019.350
75.520,156.539,714.113,114.570,10.730,1.225,1.171,12.990,4.350,4019.990
75.540,155.358,715.367,115.180,11.530,1.255,1.053,13.430,6.660,4020.630
75.560,154.147,716.595,116.010,8.940,1.274,1.039,13.960,5.670,4021.270
75.580,152.907,717.796,116.270,15.120,1.265,0.807,14.470,6.090,4021.920
75.600,151.638,718.969,117.040,12.900,1.291,0.997,14.960,4.000,4022.570
75.620,150.341,720.114,117.680,11.750,1.259,0.892,15.510,7.590,4023.220
75.640,149.016,721.230,117.770,15.810,1.294,0.681,16.080,4.700,4023.880
75.660,147.665,722.315,118.280,10.510,1.286,0.640,16.510,5.960,4024.530
75.680,146.288,723.371,118.580,14.560,1.308,0.570,17.020,6.050,4025.190
75.700,144.885,724.396,118.740,17.770,1.304,0.490,17.520,2.590,4025.850
75.720,143.457,725.389,118.630,15.610,1.324,0.326,18.060,5.110,4026.510
75.740,142.006,726.350,118.740,15.580,1.351,0.103,18.580,0.920,4027.170
75.760,140.531,727.279,119.160,16.720,1.393,0.360,19.090,1.990,4027.830
75.780,139.033,728.175,119.470,14.090,1.365,0.338,19.640,6.860,4028.500
75.800,137.514,729.037,119.440,20.090,1.394,0.341,20.200,5.650,4029.160
75.820,135.974,729.865,119.540,18.980,1.399,0.396,20.780,7.300,4029.820
75.840,134.413,730.659,119.630,19.160,1.392,0.173,21.060,2.830,4030.490
75.860,132.833,731.418,119.440,19.550,1.410,-0.050,21.230,3.150,4031.150
75.880,131.234,732.142,119.010,20.420,1.401,-0.138,21.430,4.080,4031.810
75.900,129.617,732.830,118.810,21.950,1.412,-0.197,21.610,3.500,4032.470
75.920,127.983,733.482,118.560,20.740,1.385,-0.116,21.730,2.060,4033.130
75.940,126.332,734.097,118.310,18.280,1.370,-0.173,21.840,2.000,4033.790
75.960,124.666,734.675,118.050,22.260,1.389,-0.250,21.890,3.970,4034.450
75.980,122.986,735.217,117.300,22.160,1.410,-0.565,21.930,3.200,4035.100
76.000,121.291,735.720,116.800,21.600,1.392,-0.542,21.990,3.040,4035.750
76.020,119.584,736.186,116.040,23.330,1.319,-0.715,22.040,5.730,4036.390
76.040,117.864,736.614,115.890,21.240,1.316,-0.561,22.120,4.450,4037.030
76.060,116.133,737.003,115.480,23.410,1.315,-0.671,22.200,6.380,4037.680
76.080,114.392,737.354,115.190,24.010,1.308,-0.463,22.280,3.600,4038.320
76.100,112.641,737.666,114.480,22.350,1.310,-0.662,22.330,4.060,4038.950
76.120,110.881,737.939,114.420,19.690,1.295,-0.500,22.380,4.980,4039.590
76.140,109.114,738.173,113.750,20.900,1.306,-0.668,22.450,3.730,4040.220
76.160,107.339,738.368,113.530,23.610,1.273,-0.583,22.430,3.600,4040.850
76.180,105.559,738.523,113.130,18.110,1.294,-0.527,22.510,3.510,4041.480
76.200,103.773,738.638,112.660,20.300,1.314,-0.688,22.570,4.720,4042.100
76.220,101.983,738.713,112.180,20.370,1.276,-0.564,22.630,7.180,4042.730
76.240,100.189,738.749,111.640,19.290,1.246,-0.721,22.690,2.950,4043.350
76.260,98.393,738.745,111.510,22.760,1.248,-0.637,22.760,6.670,4043.970
76.280,96.596,738.700,111.050,21.740,1.216,-0.445,22.790,5.100,4044.580
76.300,94.797,738.616,110.340,19.530,1.201,-0.741,22.880,7.350,4045.200
76.320,92.999,738.492,109.880,22.140,1.220,-0.722,22.950,9.670,4045.810
76.340,91.202,738.328,109.530,20.580,1.225,-0.557,23.000,6.550,4046.420
76.360,89.407,738.124,109.310,19.090,1.252,-0.419,23.030,5.360,4047.020
76.380,87.614,737.880,108.740,19.420,1.233,-0.706,23.110,2.970,4047.630
76.400,85.826,737.596,108.210,21.680,1.200,-0.710,23.160,3.110,4048.230
76.420,84.042,737.273,107.830,22.650,1.187,-0.675,23.190,5.280,4048.830
76.440,82.263,736.909,107.600,19.770,1.172,-0.477,23.250,1.470,4049.430
76.460,80.491,736.507,106.870,21.800,1.157,-0.584,23.330,5.280,4050.020
76.480,78.726,736.065,106.590,23.850,1.147,-0.661,23.400,1.410,4050.610
76.500,76.969,735.584,106.080,18.140,1.118,-0.550,23.460,5.890,4051.200
76.520,75.221,735.064,105.610,21.330,1.118,-0.684,23.510,4.150,4051.790
76.540,73.484,734.505,105.620,22.280,1.085,-0.425,23.590,3.850,4052.370
76.560,71.757,733.908,105.080,20.410,1.071,-0.617,23.670,3.180,4052.960
76.580,70.041,733.272,104.760,23.060,1.071,-0.523,23.720,1.120,4053.540
76.600,68.338,732.599,104.400,24.960,1.026,-0.520,23.740,5.720,4054.120
76.620,66.648,731.887,103.650,21.190,1.049,-0.699,23.760,6.550,4054.700
76.640,64.973,731.139,102.840,19.960,1.006,-0.796,23.810,4.270,4055.270
76.660,63.312,730.353,102.660,22.350,1.027,-0.711,23.930,5.530,4055.840
76.680,61.668,729.530,102.030,22.030,1.000,-0.773,23.980,4.120,4056.400
76.700,60.039,728.672,101.450,15.260,0.995,-0.726,24.060,4.960,4056.970
76.720,58.429,727.777,101.610,20.210,1.011,-0.380,23.830,4.490,4057.530
76.740,56.836,726.846,101.370,19.260,1.055,-0.423,23.430,4.420,4058.100
76.760,55.263,725.881,101.300,20.590,1.046,-0.295,22.950,5.130,4058.660
76.780,53.709,724.880,101.860,19.130,1.000,0.053,22.400,2.960,4059.220
76.800,52.176,723.846,101.600,18.990,1.023,-0.053,21.800,2.270,4059.790
76.820,50.664,722.777,101.550,17.020,1.016,-0.152,21.160,1.420,4060.350
76.840,49.175,721.675,101.720,19.780,1.018,-0.038,20.550,1.450,4060.920
76.860,47.708,720.541,101.960,21.170,1.030,0.063,19.940,3.500,4061.480
76.880,46.265,719.374,102.060,15.700,0.984,0.232,19.350,0.530,4062.050
76.900,44.846,718.175,102.140,14.110,0.995,0.145,18.650,4.160,4062.620
76.920,43.452,716.945,102.790,16.460,0.998,0.384,17.970,2.920,4063.190
76.940,42.083,715.685,103.080,15.850,1.034,0.397,17.280,2.230,4063.760
76.960,40.741,714.394,103.420,17.750,1.053,0.329,16.640,1.610,4064.340
76.980,39.426,713.074,103.590,12.440,1.021,0.474,15.990,4.710,4064.910
77.000,38.139,711.725,103.860,13.290,1.056,0.393,15.290,3.470,4065.490
77.020,36.880,710.348,104.250,9.530,1.068,0.463,14.600,6.140,4066.070
77.040,35.650,708.943,104.210,16.040,1.037,0.171,13.960,0.780,4066.650
77.060,34.449,707.511,104.490,13.250,1.048,0.360,13.300,2.490,4067.230
77.080,33.279,706.053,104.840,11.290,1.077,0.348,12.650,3.230,4067.810
77.100,32.139,704.569,105.330,9.030,1.056,0.388,11.940,2.340,4068.400
77.120,31.031,703.060,105.840,8.660,1.095,0.485,11.230,3.900,4068.980
77.140,29.954,701.527,105.900,11.380,1.067,0.329,10.550,3.760,4069.570
77.160,28.910,699.971,106.220,7.790,1.062,0.341,9.920,4.040,4070.160
77.180,27.899,698.392,105.750,9.650,1.052,0.097,9.320,4.700,4070.750
77.200,26.921,696.791,106.300,12.970,1.095,0.276,8.630,1.200,4071.340
77.220,25.977,695.168,106.310,7.640,1.089,0.235,8.010,3.510,4071.930
77.240,25.067,693.526,106.480,5.850,1.072,0.321,7.340,2.300,4072.520
77.260,24.192,691.863,106.790,7.960,1.094,0.281,6.610,3.820,4073.120
77.280,23.352,690.181,106.970,4.160,1.115,0.142,5.950,3.370,4073.710
77.300,22.548,688.482,107.230,9.480,1.132,0.289,5.300,1.790,4074.310
77.320,21.780,686.765,107.750,8.250,1.129,0.508,4.550,2.690,4074.900
77.340,21.048,685.031,107.810,4.530,1.138,0.326,3.920,4.180,4075.500
77.360,20.353,683.281,107.770,2.480,1.126,0.306,3.290,3.360,4076.100
77.380,19.695,681.517,108.380,2.850,1.167,0.435,2.620,3.530,4076.700
77.400,19.075,679.739,108.630,2.520,1.188,0.284,1.940,4.360,4077.310
77.420,18.492,677.947,109.160,3.290,1.206,0.506,1.260,5.280,4077.910
77.440,18.290,677.280,108.370,-0.030,0.061,-0.048,0.380,-0.240,4078.510
77.460,18.086,676.610,108.740,-1.340,0.015,0.224,-0.230,-0.370,4079.120
77.480,17.883,675.940,108.980,-1.650,-0.015,0.295,-0.090,-0.100,4079.720
77.500,17.674,675.254,111.780,1.220,-0.006,0.299,-0.120,-0.340,4080.340
77.520,17.468,674.576,110.460,-0.370,0.043,-0.029,0.580,-0.050,4080.960
77.540,17.256,673.881,113.600,-1.210,-0.002,0.297,-0.130,0.070,4081.590
77.560,17.039,673.172,116.130,-2.260,-0.028,0.255,-0.620,-0.250,4082.230
77.580,16.826,672.472,114.630,-0.400,0.061,-0.027,-0.790,0.130,4082.870
77.600,16.611,671.768,115.210,0.400,0.009,0.287,0.180,-0.410,4083.510
77.620,16.388,671.040,119.870,-0.700,-0.029,0.250,-0.380,-0.330,4084.180
77.640,16.164,670.311,120.000,-1.050,0.024,0.252,0.330,-0.030,4084.840
77.660,15.946,669.596,117.440,-0.550,0.049,-0.022,-0.670,0.210,4085.490
77.680,15.723,668.869,119.660,1.240,-0.050,0.269,-0.270,0.260,4086.160
77.700,15.498,668.136,120.800,-1.390,-0.010,0.227,-0.670,0.480,4086.830
77.720,15.272,667.400,121.470,-0.640,-0.012,0.184,0.220,-0.110,4087.510
77.740,15.040,666.646,124.740,1.210,0.023,0.245,0.320,-0.040,4088.200
77.760,14.812,665.902,123.010,0.490,0.032,-0.113,0.170,-0.310,4088.880
77.780,14.581,665.151,124.090,0.180,-0.028,0.220,-0.540,-0.380,4089.570
77.800,14.348,664.393,125.620,-0.650,-0.075,0.224,-0.370,0.070,4090.270
77.820,14.112,663.626,127.230,0.030,0.052,0.233,0.120,-0.230,4090.980
77.840,13.875,662.857,127.710,-0.540,-0.056,0.275,-0.840,0.370,4091.690
77.860,13.637,662.086,127.970,-0.860,0.014,0.281,-0.120,-0.440,4092.400
77.880,13.404,661.328,125.680,-1.080,-0.007,-0.035,0.760,0.150,4093.090
77.900,13.166,660.556,128.140,0.780,0.008,0.269,-0.090,-0.300,4093.810
77.920,12.923,659.770,130.960,-0.060,0.083,0.270,-0.740,-0.250,4094.530
77.940,12.680,658.983,130.960,0.310,0.152,0.175,-0.300,0.160,4095.260
77.960,12.434,658.188,132.680,0.150,-0.082,0.250,-0.320,-0.200,4096.000
77.980,12.184,657.379,135.130,0.440,0.049,0.196,1.070,-0.150,4096.750
78.000,11.940,656.591,131.390,-0.250,-0.008,-0.035,0.830,-0.240,4097.480
78.020,11.689,655.779,135.720,-0.480,0.052,0.187,0.370,0.540,4098.230
78.040,11.440,654.975,134.380,-0.820,0.048,-0.055,-0.170,-0.190,4098.980
78.060,11.186,654.156,137.130,-1.410,0.070,0.266,0.600,0.020,4099.740
78.080,10.934,653.340,136.530,-1.120,0.014,-0.084,-0.570,-0.060,4100.500
78.100,10.674,652.503,140.640,-0.370,-0.044,0.279,0.540,0.070,4101.280
78.120,10.417,651.677,138.500,-1.600,0.046,-0.035,0.460,-0.180,4102.050
78.140,10.162,650.852,138.200,-1.380,0.006,-0.039,-0.080,-0.060,4102.820
78.160,9.902,650.015,140.650,1.040,-0.012,0.271,0.570,0.120,4103.600
78.180,9.640,649.174,141.360,0.220,-0.024,0.239,-0.220,-0.260,4104.390
78.200,9.375,648.322,143.440,-0.450,0.050,0.255,-0.630,0.330,4105.180
78.220,9.110,647.471,143.260,2.270,0.080,-0.050,0.490,0.360,4105.980
78.240,8.839,646.599,147.160,-1.650,-0.060,0.250,-0.040,0.180,4106.800
78.260,8.573,645.743,144.130,0.980,0.031,-0.070,0.300,0.020,4107.600
78.280,8.305,644.883,145.010,-0.110,-0.019,0.213,0.910,-0.900,4108.400
78.300,8.037,644.022,145.110,0.790,-0.073,0.240,-0.360,0.130,4109.210
78.320,7.765,643.151,147.000,0.110,0.007,0.238,-0.070,-0.120,4110.020
78.340,7.492,642.275,148.080,-1.870,-0.042,0.228,0.780,-0.070,4110.850
78.360,7.217,641.393,149.010,0.100,-0.079,0.276,0.330,-0.570,4111.680
78.380,6.941,640.509,149.540,0.340,-0.039,0.215,-0.350,0.150,4112.510
78.400,6.666,639.626,149.390,-2.190,-0.051,-0.055,-0.480,-0.430,4113.340
78.420,6.389,638.740,149.840,1.940,-0.032,0.285,-0.260,0.040,4114.170
78.440,6.110,637.846,151.450,0.310,-0.066,0.277,-0.370,0.270,4115.010
78.460,5.825,636.935,154.580,0.670,-0.020,0.286,0.120,-0.140,4115.870
78.480,5.538,636.018,155.760,-1.170,-0.036,0.232,0.040,0.360,4116.730
78.500,5.253,635.108,154.470,0.690,0.019,-0.026,0.140,-0.220,4117.590
78.520,4.970,634.200,154.030,1.090,0.030,-0.082,-0.420,0.180,4118.450
78.540,4.682,633.281,156.180,0.250,0.013,0.242,-0.040,-0.390,4119.320
78.560,4.387,632.340,160.290,-0.010,-0.012,0.245,-1.030,0.310,4120.210
78.580,4.093,631.403,159.510,-0.890,-0.013,-0.067,0.070,0.260,4121.090
78.600,3.799,630.466,159.700,-0.220,-0.042,0.239,0.590,0.140,4121.980
78.620,3.503,629.520,161.170,-0.510,-0.041,0.235,-0.710,-0.120,4122.870
78.640,3.203,628.566,162.900,0.570,0.035,0.221,0.240,-0.420,4123.780
78.660,2.909,627.628,159.710,-0.850,-0.088,-0.024,-0.310,-0.120,4124.670
78.680,2.611,626.680,161.710,0.560,-0.004,0.245,0.400,0.330,4125.570
78.700,2.313,625.728,162.360,-0.840,-0.016,0.256,0.080,0.040,4126.470
78.720,2.010,624.763,164.890,-0.260,0.030,0.255,0.200,-0.470,4127.380
78.740,1.706,623.797,165.110,0.620,-0.071,0.252,0.030,-0.340,4128.300
78.760,1.399,622.822,166.860,-0.700,0.001,0.253,0.660,0.380,4129.230
78.780,1.094,621.852,165.820,0.650,0.017,-0.059,0.170,0.150,4130.150
78.800,0.783,620.862,169.500,0.550,-0.095,0.293,-0.350,-0.370,4131.090
78.820,0.474,619.880,168.200,-0.270,-0.054,-0.027,0.050,-0.530,4132.030
78.840,0.161,618.887,170.200,1.160,-0.005,0.251,-0.180,-0.190,4132.970
78.860,-0.154,617.886,171.810,0.080,0.026,0.237,0.080,-0.560,4133.930
78.880,-0.471,616.881,172.540,1.100,0.009,0.246,-0.210,-0.050,4134.880
78.900,-0.787,615.877,172.270,1.790,0.028,-0.037,-0.340,0.740,4135.840
78.920,-1.107,614.865,173.810,-0.240,-0.054,0.295,0.100,-0.480,4136.810
78.940,-1.430,613.841,176.050,0.640,-0.079,0.209,0.030,-0.060,4137.780
78.960,-1.751,612.822,175.070,-0.640,0.004,-0.030,0.530,0.390,4138.760
78.980,-2.070,611.809,174.060,-1.030,-0.061,-0.016,-0.210,0.220,4139.720
79.000,-2.395,610.781,176.890,-0.200,-0.043,0.205,-0.990,-0.040,4140.710
79.020,-2.719,609.753,176.810,-1.360,0.047,-0.055,-0.180,-0.040,4141.690
79.040,-3.039,608.739,174.210,-0.940,0.009,-0.082,-0.810,-0.350,4142.660
79.060,-3.368,607.699,179.280,0.590,-0.028,0.263,0.210,-0.080,4143.650
79.080,-3.697,606.656,179.620,-0.510,-0.035,0.239,-0.840,0.070,4144.650
79.100,-4.031,605.601,182.030,0.710,0.031,0.246,-0.490,0.330,4145.660
79.120,-4.361,604.556,180.030,0.300,0.011,-0.062,-0.180,-0.190,4146.660
79.140,-4.691,603.513,179.750,1.850,-0.061,-0.028,0.770,-0.060,4147.660
79.160,-5.026,602.452,183.120,0.520,-0.097,0.257,-0.540,-0.280,4148.680
79.180,-5.364,601.385,184.300,1.110,0.094,0.257,0.010,0.070,4149.700
79.200,-5.703,600.316,184.720,0.400,-0.061,0.255,0.290,0.240,4150.730
79.220,-6.043,599.242,185.470,0.310,0.026,0.267,0.740,0.190,4151.760
79.240,-6.381,598.173,184.690,1.160,0.076,-0.058,0.390,-0.350,4152.780
79.260,-6.723,597.092,186.950,0.670,0.007,0.301,0.550,0.040,4153.820
79.280,-7.067,596.008,187.490,0.210,-0.030,0.213,0.430,-0.200,4154.870
79.300,-7.416,594.909,190.480,0.210,-0.071,0.198,-0.600,0.300,4155.920
79.320,-7.764,593.810,190.290,0.540,-0.072,-0.104,0.180,-0.050,4156.980
79.340,-8.112,592.712,190.170,-0.670,0.019,-0.112,0.420,-0.460,4158.040
79.360,-8.467,591.594,194.030,-0.710,0.073,0.270,-0.480,-0.070,4159.110
79.380,-8.818,590.486,191.890,1.430,-0.020,-0.033,-0.290,0.140,4160.180
79.400,-9.173,589.368,193.990,1.860,-0.028,0.286,-0.400,0.070,4161.260
79.420,-9.528,588.251,193.760,-0.930,0.035,-0.082,0.390,-0.150,4162.340
79.440,-9.889,587.116,197.320,-0.670,-0.034,0.272,-0.030,-0.180,4163.430
79.460,-10.247,585.988,195.860,1.140,0.014,-0.048,-0.160,-0.300,4164.520
79.480,-10.607,584.855,196.760,0.530,0.002,0.255,-0.640,-0.120,4165.610
79.500,-10.968,583.720,197.230,0.680,-0.020,0.269,-0.030,-0.260,4166.710
79.520,-11.331,582.578,198.590,0.900,-0.001,0.227,-0.280,0.290,4167.810
79.540,-11.698,581.423,200.950,-0.240,0.088,0.328,0.120,-0.270,4168.930
79.560,-12.066,580.266,201.280,0.330,0.030,0.290,-0.570,0.040,4170.050
79.580,-12.434,579.112,200.910,0.250,0.055,-0.066,0.090,0.020,4171.160
79.600,-12.807,577.940,204.280,-0.860,-0.046,0.217,-0.220,0.280,4172.300
79.620,-13.180,576.769,203.890,0.320,0.055,-0.053,-0.620,0.330,4173.430
79.640,-13.550,575.605,202.780,1.240,0.032,-0.045,-0.660,0.210,4174.560
79.660,-13.920,574.443,202.230,-0.330,-0.075,-0.018,-0.590,0.110,4175.680
79.680,-14.294,573.270,204.530,0.150,0.027,0.215,-0.100,-0.310,4176.820
79.700,-14.671,572.085,206.630,0.210,-0.026,0.259,0.060,-0.320,4177.960
79.720,-15.050,570.895,207.760,-0.280,-0.077,0.204,0.130,-0.250,4179.120
79.740,-15.434,569.693,209.760,0.680,0.006,0.263,0.150,0.230,4180.280
79.760,-15.812,568.507,206.940,-0.680,0.027,-0.053,-0.380,0.020,4181.430
79.780,-16.193,567.311,208.780,1.330,0.008,0.308,0.530,0.260,4182.590
79.800,-16.574,566.116,208.530,0.630,-0.005,-0.096,-0.220,0.300,4183.750
79.820,-16.956,564.919,209.140,-0.940,-0.017,0.291,0.230,-0.220,4184.910
79.840,-17.341,563.711,211.070,1.700,0.123,0.199,-0.080,0.010,4186.090
79.860,-17.731,562.490,213.420,0.170,-0.059,0.210,0.190,-0.000,4187.270
79.880,-18.123,561.262,214.880,-0.720,0.044,0.200,-0.110,-0.100,4188.470
79.900,-18.512,560.043,213.160,1.100,0.001,-0.042,0.200,-0.160,4189.650
79.920,-18.903,558.818,214.220,0.490,-0.043,0.215,-0.000,0.360,4190.840
79.940,-19.293,557.597,213.630,-1.770,-0.002,-0.090,0.410,0.020,4192.030
79.960,-19.689,556.355,217.470,-0.530,-0.070,0.256,-0.410,0.000,4193.240
79.980,-20.085,555.117,216.910,0.280,-0.030,-0.036,-0.880,-0.240,4194.440
80.000,-20.489,553.854,221.360,-2.160,-0.002,0.251,-0.490,0.200,4195.670
80.020,-20.891,552.598,220.340,0.090,-0.078,-0.055,0.530,-0.300,4196.890
80.040,-21.293,551.341,220.320,0.160,0.025,0.005,-0.080,0.140,4198.120
80.060,-21.695,550.083,220.480,-1.180,-0.048,0.254,0.050,0.140,4199.340
80.080,-22.096,548.828,220.050,0.270,-0.073,-0.026,-0.530,-0.120,4200.570
80.100,-22.499,547.567,221.100,0.010,-0.054,0.254,0.030,0.100,4201.790
80.120,-22.906,546.296,223.080,-1.190,0.109,0.217,-0.510,0.060,4203.030
80.140,-23.314,545.021,223.820,0.920,-0.099,0.266,-0.440,-0.010,4204.280
80.160,-23.723,543.744,224.220,0.840,0.022,0.230,-0.200,0.000,4205.520
80.180,-24.137,542.451,227.150,-0.290,-0.038,0.247,0.220,0.020,4206.780
80.200,-24.553,541.153,228.210,-0.200,-0.018,0.259,0.280,0.040,4208.050
80.220,-24.967,539.858,227.610,0.730,0.030,-0.108,0.290,0.020,4209.320
80.240,-25.390,538.539,232.050,-0.200,0.028,0.202,-0.790,-0.330,4210.610
80.260,-25.805,537.245,227.390,-1.930,-0.034,-0.023,-0.000,-0.050,4211.870
80.280,-26.225,535.933,230.950,0.490,-0.068,0.230,-0.100,0.080,4213.150
80.300,-26.647,534.618,231.390,-0.810,0.031,0.232,-0.770,0.030,4214.440
80.320,-27.069,533.301,231.750,-0.390,0.028,0.255,0.010,0.290,4215.720
80.340,-27.492,531.981,232.390,1.460,-0.014,0.238,-0.130,0.190,4217.020
80.360,-27.919,530.650,234.280,-0.130,0.022,0.263,0.260,-0.260,4218.320
80.380,-28.347,529.317,234.810,0.000,-0.022,0.248,0.040,-0.050,4219.620
80.400,-28.775,527.981,235.420,0.510,-0.041,0.256,-0.270,-0.090,4220.930
80.420,-29.203,526.648,234.920,0.510,0.000,-0.071,0.460,-0.000,4222.240
80.440,-29.632,525.312,235.290,-0.920,0.026,0.256,-1.110,-0.000,4223.540
80.460,-30.065,523.962,238.150,-0.060,0.015,0.283,-0.030,0.180,4224.870
80.480,-30.500,522.608,238.830,0.040,0.025,0.233,-0.880,0.050,4226.190
80.500,-30.937,521.247,240.000,0.270,-0.038,0.277,-0.460,0.370,4227.530
80.520,-31.375,519.882,240.990,0.290,0.079,0.248,0.260,0.070,4228.860
80.540,-31.814,518.515,241.220,2.590,-0.017,0.272,-0.640,-0.250,4230.200
80.560,-32.256,517.142,242.550,-1.180,-0.006,0.254,-0.710,-0.140,4231.550
80.580,-32.697,515.768,242.440,0.980,-0.066,-0.051,1.190,0.180,4232.900
80.600,-33.146,514.372,246.860,1.180,-0.010,0.260,-0.680,-0.480,4234.270
80.620,-33.590,512.989,244.240,0.490,0.027,-0.014,0.830,-0.400,4235.630
80.640,-34.037,511.599,245.740,-0.650,0.038,0.257,-0.090,0.000,4236.990
80.660,-34.485,510.207,246.060,1.660,0.078,0.264,-0.260,0.290,4238.360
80.680,-34.934,508.810,246.900,-2.190,0.026,0.239,0.280,0.390,4239.730
80.700,-35.387,507.403,248.900,-0.680,0.014,0.297,0.670,-0.070,4241.110
80.720,-35.841,505.992,249.570,1.170,-0.022,0.269,-0.570,0.320,4242.500
80.740,-36.295,504.580,249.890,-0.370,-0.033,0.252,-0.260,0.020,4243.890
80.760,-36.752,503.162,251.010,1.600,0.049,0.246,0.420,-0.460,4245.280
80.780,-37.208,501.743,251.210,-1.510,0.048,0.279,0.140,-0.000,4246.680
80.800,-37.670,500.310,253.750,-1.110,-0.054,0.232,0.550,-0.190,4248.090
80.820,-38.137,498.860,257.090,-0.530,0.036,0.197,0.260,0.280,4249.520
80.840,-38.598,497.428,253.550,0.420,0.033,-0.048,0.900,-0.010,4250.930
80.860,-39.064,495.982,256.310,-0.220,-0.056,0.286,0.090,-0.380,4252.350
80.880,-39.530,494.534,256.640,-0.490,0.027,0.298,0.110,-0.450,4253.780
80.900,-40.000,493.077,258.440,1.420,-0.052,0.247,0.160,-0.010,4255.210
80.920,-40.471,491.615,259.340,1.510,-0.121,0.251,-0.070,-0.730,4256.650
80.940,-40.943,490.152,259.460,-0.410,-0.008,0.266,0.420,-0.160,4258.090
80.960,-41.415,488.687,259.950,-1.710,0.013,0.242,0.120,0.070,4259.540
80.980,-41.888,487.220,260.210,-2.160,-0.006,0.265,0.390,-0.320,4260.980
81.000,-42.361,485.752,260.570,0.240,0.143,0.247,0.470,0.300,4262.430
81.020,-42.838,484.273,262.430,0.660,0.019,0.280,0.210,0.360,4263.890
81.040,-43.313,482.800,261.510,0.060,0.007,-0.028,0.250,-0.310,4265.340
81.060,-43.792,481.316,263.400,-0.070,0.021,0.274,-0.510,-0.090,4266.800
81.080,-44.276,479.815,266.810,-0.800,-0.022,0.244,-0.280,0.300,4268.290
81.100,-44.760,478.317,266.150,0.650,0.046,0.008,0.420,-0.000,4269.770
81.120,-45.247,476.808,268.200,1.680,0.018,0.265,0.710,-0.420,4271.260
81.140,-45.737,475.291,269.920,-2.220,0.016,0.257,-0.970,-0.040,4272.750
81.160,-46.224,473.781,268.310,-0.080,-0.031,-0.073,-0.280,-0.260,4274.250
81.180,-46.714,472.265,269.740,-0.970,-0.078,0.247,0.010,0.330,4275.740
81.200,-47.204,470.747,269.840,-1.490,-0.025,0.253,-0.440,0.180,4277.240
81.220,-47.694,469.230,269.930,-1.130,0.014,0.226,-0.410,-0.090,4278.740
81.240,-48.185,467.708,270.570,0.380,-0.022,0.241,0.240,0.040,4280.250
81.260,-48.683,466.168,274.130,0.400,0.015,0.245,0.790,-0.390,4281.770
81.280,-49.180,464.629,274.030,1.460,-0.012,-0.048,-1.020,-0.230,4283.290
81.300,-49.683,463.072,277.350,0.010,0.022,0.197,-0.090,0.470,4284.830
81.320,-50.186,461.518,276.890,-1.760,-0.049,-0.054,0.230,0.020,4286.370
81.340,-50.685,459.972,275.190,-0.240,0.010,-0.061,0.390,0.280,4287.900
81.360,-51.190,458.410,278.410,-1.390,-0.032,0.249,0.160,0.070,4289.450
81.380,-51.694,456.852,277.550,-1.210,-0.077,-0.019,0.880,0.390,4290.990
81.400,-52.203,455.278,280.690,0.580,-0.008,0.312,0.010,-0.600,4292.550
81.420,-52.709,453.712,278.990,0.190,0.077,-0.030,0.660,-0.060,4294.100
81.440,-53.216,452.147,279.000,0.590,-0.073,0.213,-0.320,0.490,4295.650
81.460,-53.724,450.575,280.240,-0.360,0.006,0.240,0.030,0.290,4297.200
81.480,-54.234,448.998,281.170,0.790,0.040,0.268,-0.610,0.400,4298.770
81.500,-54.746,447.417,281.890,-0.410,0.115,0.264,0.450,-0.000,4300.330
81.520,-55.259,445.830,283.140,1.120,-0.025,0.280,-0.060,-0.160,4301.910
81.540,-55.778,444.226,286.150,0.340,-0.032,0.247,0.180,-0.310,4303.490
81.560,-56.301,442.611,288.410,-0.210,-0.058,0.239,-0.160,-0.330,4305.100
81.580,-56.817,441.017,284.580,0.210,0.057,0.003,0.290,0.240,4306.680
81.600,-57.342,439.397,289.330,-0.020,-0.043,0.252,0.200,0.150,4308.290
81.620,-57.863,437.786,287.570,1.600,-0.019,-0.081,-0.500,-0.020,4309.880
81.640,-58.389,436.164,289.670,0.250,-0.092,0.294,-0.470,0.150,4311.490
81.660,-58.910,434.554,287.520,-0.000,0.044,-0.095,-0.010,0.040,4313.090
81.680,-59.439,432.922,291.650,-0.240,0.058,0.145,0.330,0.290,4314.710
81.700,-59.962,431.305,288.710,0.840,0.042,-0.027,0.930,0.290,4316.310
81.720,-60.494,429.666,293.040,0.710,-0.080,0.277,0.150,-0.320,4317.940
81.740,-61.026,428.022,293.820,-0.270,0.030,0.262,0.500,0.080,4319.570
81.760,-61.560,426.375,294.570,-1.160,-0.084,0.211,-0.810,-0.500,4321.210
81.780,-62.093,424.730,294.040,-0.900,0.003,-0.052,1.010,0.040,4322.840
81.800,-62.631,423.071,296.830,-0.180,0.010,0.242,0.300,0.180,4324.490
81.820,-63.170,421.408,297.450,1.350,0.016,0.234,-0.020,-0.390,4326.150
81.840,-63.709,419.746,297.400,-0.250,0.027,-0.008,-0.080,-0.120,4327.800
81.860,-64.252,418.072,299.580,-0.590,-0.000,0.219,-0.550,0.000,4329.460
81.880,-64.794,416.400,299.290,-1.760,-0.098,-0.041,-0.410,0.070,4331.130
81.900,-65.340,414.718,301.080,1.510,0.027,0.286,0.960,-0.080,4332.800
81.920,-65.885,413.037,300.960,0.570,0.005,-0.039,-0.490,-0.350,4334.470
81.940,-66.433,411.348,302.330,0.800,-0.045,0.287,-0.500,-0.020,4336.150
81.960,-66.983,409.653,303.720,0.960,-0.078,0.267,-0.350,-0.500,4337.840
81.980,-67.532,407.960,303.120,-0.160,0.077,-0.037,-0.600,-0.070,4339.520
82.000,-68.081,406.270,302.720,0.080,0.062,-0.039,0.010,-0.130,4341.200
82.020,-68.635,404.563,305.840,1.490,0.035,0.268,0.540,-0.040,4342.900
82.040,-69.193,402.845,308.070,0.180,-0.034,0.238,-0.310,-0.170,4344.610
82.060,-69.750,401.129,307.590,0.590,-0.126,-0.089,-0.690,-0.450,4346.320
82.080,-70.309,399.408,308.480,0.870,0.038,0.279,0.150,-0.110,4348.040
82.100,-70.868,397.686,308.790,0.640,0.018,0.285,-0.030,0.280,4349.750
82.120,-71.431,395.953,310.820,-0.130,-0.019,0.258,0.500,0.380,4351.480
82.140,-71.993,394.222,310.290,-0.030,0.056,-0.066,-0.230,0.730,4353.200
82.160,-72.555,392.490,310.750,0.780,0.042,0.203,-0.130,0.510,4354.930
82.180,-73.124,390.740,313.940,0.780,0.009,0.253,-0.070,-0.360,4356.670
82.200,-73.689,388.999,312.350,1.170,0.002,-0.090,0.040,-0.120,4358.410
82.220,-74.260,387.243,315.330,0.550,0.003,0.205,-0.200,-0.010,4360.160
82.240,-74.833,385.480,316.520,0.600,0.034,0.249,-0.280,-0.030,4361.920
82.260,-75.406,383.716,316.560,-0.450,-0.043,0.227,-0.930,0.020,4363.680
82.280,-75.976,381.963,314.700,-0.580,0.021,-0.040,-0.280,0.720,4365.430
82.300,-76.551,380.195,317.470,0.780,-0.046,0.245,0.360,-0.320,4367.190
82.320,-77.126,378.424,317.980,-0.570,0.067,0.232,0.430,-0.210,4368.960
82.340,-77.703,376.651,318.400,-0.020,0.027,0.199,-0.240,0.490,4370.720
82.360,-78.282,374.870,320.000,1.380,-0.034,0.224,0.650,-0.180,4372.500
82.380,-78.951,373.108,44.650,0.000,-0.488,-0.140,-0.060,0.620,4372.750
82.400,-79.705,371.381,45.640,-0.200,-0.480,0.503,-0.860,-0.080,4373.000
82.420,-80.541,369.695,47.120,-1.410,-0.479,0.920,-2.540,5.880,4373.260
82.440,-81.458,368.053,48.990,-3.880,-0.459,0.209,-3.850,1.620,4373.540
82.460,-82.452,366.460,51.330,-3.530,-0.510,0.859,-6.100,2.930,4373.820
82.480,-83.521,364.919,53.480,-0.500,-0.554,1.091,-7.780,5.350,4374.120
82.500,-84.663,363.434,55.910,-3.160,-0.585,1.468,-8.610,6.540,4374.430
82.520,-85.875,362.008,58.640,-4.630,-0.637,1.819,-10.450,7.890,4374.750
82.540,-87.152,360.646,60.840,-7.050,-0.688,1.821,-12.770,7.420,4375.090
82.560,-88.493,359.350,63.840,-8.730,-0.724,2.224,-14.690,11.670,4375.450
82.580,-89.893,358.124,66.470,-7.950,-0.848,2.351,-17.220,9.720,4375.820
82.600,-91.350,356.971,69.000,-6.190,-0.915,2.316,-19.780,12.370,4376.200
82.620,-92.858,355.893,71.080,-10.430,-1.005,2.126,-21.200,10.300,4376.590
82.640,-94.415,354.893,73.220,-10.090,-1.079,2.036,-24.050,9.810,4377.000
82.660,-96.016,353.973,75.470,-13.770,-1.081,1.898,-26.400,8.640,4377.420
82.680,-97.656,353.136,77.830,-13.010,-1.140,2.084,-28.440,11.040,4377.850
82.700,-99.333,352.383,79.410,-16.830,-1.190,1.685,-31.050,8.450,4378.290
82.720,-101.041,351.716,81.500,-20.410,-1.267,1.797,-32.900,7.430,4378.750
82.740,-102.775,351.137,83.130,-20.370,-1.324,2.757,-35.260,10.850,4379.210
82.760,-104.533,350.647,84.600,-18.030,-1.430,2.566,-37.190,12.480,4379.680
82.780,-106.308,350.246,85.970,-19.980,-1.467,2.413,-39.240,10.020,4380.160
82.800,-108.096,349.936,87.070,-24.540,-1.543,2.072,-41.700,10.240,4380.640
82.820,-109.893,349.718,87.650,-27.550,-1.600,1.758,-43.280,10.940,4381.130
82.840,-111.693,349.591,88.350,-28.440,-1.628,1.529,-45.370,9.070,4381.620
82.860,-113.493,349.556,87.870,-29.760,-1.649,0.844,-46.080,5.170,4382.110
82.880,-115.287,349.612,87.460,-31.510,-1.665,0.371,-46.730,6.740,4382.590
82.900,-117.071,349.759,86.860,-31.260,-1.700,0.078,-47.010,4.500,4383.070
82.920,-118.841,349.997,85.890,-32.310,-1.688,-0.340,-47.940,6.090,4383.550
82.940,-120.590,350.324,84.450,-33.840,-1.647,-0.874,-49.080,2.950,4384.020
82.960,-122.316,350.740,83.470,-35.740,-1.638,-1.098,-48.750,7.620,4384.480
82.980,-124.014,351.242,81.910,-34.360,-1.579,-1.417,-49.600,9.380,4384.940
83.000,-125.678,351.831,80.560,-31.910,-1.566,-1.547,-50.480,11.100,4385.390
83.020,-127.305,352.503,79.170,-33.530,-1.527,-1.629,-50.900,6.560,4385.830
83.040,-128.891,353.257,77.680,-32.790,-1.454,-1.895,-51.610,11.350,4386.260
83.060,-130.431,354.090,76.380,-33.720,-1.432,-1.848,-51.550,11.800,4386.680
83.080,-131.922,355.000,74.740,-35.000,-1.367,-1.991,-52.050,6.680,4387.100
83.100,-133.359,355.985,73.190,-33.010,-1.287,-2.041,-52.350,10.440,4387.500
83.120,-134.739,357.041,71.510,-34.080,-1.249,-2.217,-52.110,11.190,4387.900
83.140,-136.058,358.166,69.960,-33.660,-1.222,-2.167,-52.150,9.540,4388.290
83.160,-137.313,359.357,68.540,-28.580,-1.196,-2.130,-52.510,9.110,4388.670
83.180,-138.500,360.609,66.810,-31.290,-1.122,-2.278,-52.780,11.220,4389.040
83.200,-139.617,361.920,65.210,-31.410,-1.055,-2.234,-53.100,9.010,4389.400
83.220,-140.661,363.285,63.740,-26.200,-0.991,-2.219,-53.590,9.420,4389.760
83.240,-141.628,364.702,62.190,-27.290,-0.961,-2.158,-53.830,10.690,4390.100
83.260,-142.516,366.165,60.260,-29.060,-0.904,-2.403,-53.870,12.850,4390.440
83.280,-143.324,367.672,58.680,-26.870,-0.873,-2.311,-54.220,10.640,4390.770
83.300,-144.048,369.217,57.340,-27.610,-0.857,-2.240,-54.240,9.750,4391.080
83.320,-144.688,370.796,57.890,-28.150,-0.809,-1.336,-53.970,5.520,4391.410
83.340,-145.241,372.406,58.580,-25.480,-0.767,-0.599,-52.860,2.110,4391.730
83.360,-145.706,374.041,58.250,-26.580,-0.786,-0.560,-51.320,5.200,4392.050
83.380,-146.081,375.697,56.860,-24.970,-0.792,-1.018,-49.350,4.920,4392.370
83.400,-146.367,377.369,55.330,-21.920,-0.765,-1.360,-46.380,8.020,4392.680
83.420,-146.562,379.054,54.980,-20.920,-0.725,-1.176,-43.710,5.070,4392.980
83.440,-146.665,380.745,56.150,-22.840,-0.743,-0.183,-41.770,1.150,4393.300
83.460,-146.677,382.439,58.140,-19.870,-0.743,0.700,-38.960,4.570,4393.620
83.480,-146.597,384.131,59.990,-22.280,-0.771,1.287,-36.510,5.930,4393.950
83.500,-146.426,385.815,60.080,-18.200,-0.767,0.817,-34.100,2.580,4394.290
83.520,-146.163,387.488,58.900,-17.740,-0.786,0.100,-31.920,4.650,4394.610
83.540,-145.811,389.145,58.030,-15.980,-0.764,-0.295,-28.550,1.620,4394.930
83.560,-145.369,390.781,58.770,-16.150,-0.770,0.009,-26.340,2.960,4395.260
83.580,-144.840,392.392,60.490,-10.240,-0.802,0.872,-23.420,5.920,4395.600
83.600,-144.223,393.973,62.420,-15.130,-0.819,1.480,-20.930,4.930,4395.940
83.620,-143.522,395.519,63.440,-10.160,-0.879,1.530,-17.650,5.610,4396.300
83.640,-142.738,397.028,62.960,-12.880,-0.893,0.719,-14.990,3.850,4396.650
83.660,-141.872,398.493,61.900,-8.440,-0.879,0.103,-12.220,0.820,4396.990
83.680,-140.928,399.911,61.510,-6.900,-0.907,-0.019,-9.440,4.470,4397.330
83.700,-139.907,401.279,63.110,-6.540,-0.956,0.598,-6.510,3.700,4397.680
83.720,-139.711,401.475,64.450,1.270,-0.071,-0.035,-0.340,0.240,4398.040
83.740,-139.515,401.669,64.210,-2.010,0.024,-0.086,0.560,-0.170,4398.390
83.760,-139.320,401.864,64.150,1.880,-0.043,-0.044,0.560,0.270,4398.750
83.780,-139.125,402.058,64.140,0.690,0.028,0.005,0.060,-0.150,4399.110
83.800,-138.923,402.262,66.260,0.100,0.044,0.293,0.120,-0.110,4399.480
83.820,-138.730,402.453,63.490,-0.890,0.051,-0.105,-0.500,-0.090,4399.830
83.840,-138.524,402.663,67.640,-0.440,-0.008,0.212,-0.680,-0.200,4400.200
83.860,-138.331,402.855,63.440,0.610,-0.021,-0.073,-0.190,0.420,4400.560
83.880,-138.127,403.061,66.860,0.630,-0.031,0.215,-0.040,0.270,4400.930
83.900,-137.932,403.254,63.910,0.670,-0.036,-0.100,0.530,0.030,4401.280
83.920,-137.731,403.457,65.860,-0.730,-0.001,0.250,0.460,0.310,4401.650
83.940,-137.528,403.663,66.800,-0.930,-0.010,0.271,0.090,-0.490,4402.020
83.960,-137.326,403.867,66.250,0.200,-0.041,-0.021,0.600,-0.370,4402.390
83.980,-137.121,404.074,67.030,0.770,-0.057,0.236,-0.470,0.140,4402.760
84.000,-136.922,404.275,65.550,0.000,-0.005,-0.058,0.540,0.220,4403.120
84.020,-136.719,404.480,66.470,1.480,-0.022,0.261,-0.400,0.080,4403.490
84.040,-136.508,404.696,69.020,0.030,-0.057,0.247,0.620,-0.560,4403.880
84.060,-136.299,404.911,68.640,-0.000,0.042,-0.026,-0.010,-0.320,4404.260
84.080,-136.091,405.122,67.880,0.670,0.089,-0.037,-1.000,0.120,4404.640
84.100,-135.874,405.349,71.220,1.220,0.048,0.239,0.370,0.730,4405.030
84.120,-135.667,405.559,67.730,-1.350,-0.036,-0.106,0.400,0.370,4405.410
84.140,-135.455,405.777,69.340,-1.120,-0.003,0.295,-0.230,0.470,4405.790
84.160,-135.243,405.995,69.450,-0.310,0.077,0.229,-0.190,0.100,4406.180
84.180,-135.024,406.223,71.450,3.160,-0.059,0.261,-0.080,0.100,4406.580
84.200,-134.808,406.448,70.920,-0.260,0.039,-0.107,-0.960,-0.310,4406.970
84.220,-134.590,406.674,71.010,-0.120,-0.072,0.250,-1.180,0.290,4407.360
84.240,-134.381,406.889,68.730,0.620,0.084,-0.047,0.650,-0.020,4407.750
84.260,-134.157,407.124,73.110,0.980,-0.022,0.254,-0.410,0.210,4408.150
84.280,-133.937,407.353,71.810,0.170,0.111,0.040,0.930,0.010,4408.550
84.300,-133.715,407.586,72.630,1.160,0.086,0.231,0.690,0.080,4408.950
84.320,-133.495,407.814,71.660,-1.190,-0.005,-0.025,0.780,-0.030,4409.350
84.340,-133.276,408.043,71.750,-0.770,-0.036,0.266,-0.330,0.070,4409.750
84.360,-133.044,408.290,75.680,1.160,0.010,0.230,-0.800,0.300,4410.170
84.380,-132.826,408.516,71.090,0.010,-0.009,-0.026,-0.540,-0.380,4410.570
84.400,-132.604,408.748,72.490,-1.260,-0.020,0.245,-0.220,-0.450,4410.970
84.420,-132.369,408.999,76.620,-1.320,-0.083,0.276,-1.190,0.130,4411.400
84.440,-132.137,409.245,75.680,-0.810,-0.026,0.009,-0.240,0.430,4411.820
84.460,-131.909,409.487,74.550,0.000,-0.056,-0.045,-0.100,0.510,4412.230
84.480,-131.672,409.741,77.230,0.470,0.028,0.242,-0.650,-0.370,4412.660
84.500,-131.437,409.991,76.350,-0.330,0.050,-0.018,-0.520,-0.120,4413.080
84.520,-131.203,410.240,76.360,0.380,0.037,0.292,-0.110,-0.440,4413.510
84.540,-130.968,410.492,76.670,-0.440,0.017,0.224,0.180,-0.170,4413.930
84.560,-130.731,410.746,77.350,1.220,-0.043,0.236,-0.450,0.340,4414.360
84.580,-130.492,411.002,77.730,2.550,0.010,0.270,0.150,-0.000,4414.790
84.600,-130.244,411.271,80.590,-0.390,0.040,0.246,0.070,-0.110,4415.240
84.620,-130.007,411.525,77.330,0.480,-0.029,-0.079,0.020,0.160,4415.670
84.640,-129.768,411.781,77.690,0.400,0.006,0.266,-0.330,-0.240,4416.100
84.660,-129.534,412.031,76.410,0.140,-0.007,-0.030,-0.670,0.480,4416.530
84.680,-129.293,412.291,78.510,0.650,0.083,0.240,0.850,0.000,4416.960
84.700,-129.041,412.565,81.700,0.480,0.043,0.252,0.320,-0.120,4417.420
84.720,-128.793,412.834,80.710,-0.470,0.030,-0.067,0.500,0.180,4417.870
84.740,-128.551,413.095,78.740,1.320,-0.086,-0.083,-0.040,0.280,4418.300
84.760,-128.306,413.361,79.920,0.200,0.009,0.235,-0.080,0.480,4418.750
84.780,-128.065,413.619,78.250,-0.380,-0.008,-0.048,0.250,-0.060,4419.180
84.800,-127.823,413.881,79.070,2.440,-0.008,0.206,-0.920,0.330,4419.620
84.820,-127.573,414.152,81.070,-0.120,-0.078,0.237,-0.560,0.030,4420.070
84.840,-127.326,414.421,80.420,0.250,-0.054,-0.047,-0.400,-0.180,4420.520
84.860,-127.080,414.687,79.920,0.180,-0.003,-0.014,-0.230,-0.230,4420.960
84.880,-126.826,414.965,82.540,-0.130,0.056,0.241,-0.440,-0.330,4421.420
84.900,-126.574,415.240,82.010,0.450,-0.030,-0.087,0.170,-0.220,4421.880
84.920,-126.328,415.507,80.100,-0.840,-0.020,-0.056,0.040,0.330,4422.320
84.940,-126.083,415.772,79.660,0.600,0.089,-0.067,0.700,0.210,4422.760
84.960,-125.830,416.048,82.240,-1.760,-0.015,0.267,1.240,-0.370,4423.220
84.980,-125.581,416.319,81.040,-1.300,-0.006,-0.060,-0.630,-0.520,4423.670
85.000,-125.332,416.590,80.940,1.830,-0.006,-0.131,0.070,-0.330,4424.120
85.020,-125.068,416.882,85.760,-1.260,-0.067,0.361,0.070,-0.230,4424.600
85.040,-124.808,417.168,84.240,-1.960,0.029,-0.046,-0.010,-0.090,4425.070
85.060,-124.548,417.454,84.310,-1.230,-0.033,0.253,-0.540,0.350,4425.530
85.080,-124.287,417.742,84.750,1.740,-0.002,0.204,-0.460,-0.160,4426.010
85.100,-124.030,418.025,83.650,-1.790,0.022,-0.094,0.120,0.500,4426.470
85.120,-123.764,418.320,86.290,-0.960,0.097,0.247,-0.470,-0.500,4426.950
85.140,-123.499,418.612,85.800,-1.460,-0.066,-0.040,0.080,-0.100,4427.430
85.160,-123.237,418.902,85.180,-0.270,0.043,-0.029,-0.120,0.240,4427.900
85.180,-122.973,419.195,85.730,-0.440,0.043,0.257,0.070,0.250,4428.380
85.200,-122.710,419.484,85.120,-0.480,-0.032,-0.086,-0.480,-0.100,4428.850
85.220,-122.443,419.781,86.680,1.860,0.030,0.175,0.080,0.300,4429.330
85.240,-122.174,420.080,87.250,-1.200,0.082,0.247,-0.440,0.240,4429.810
85.260,-121.905,420.380,87.280,-0.100,-0.038,0.234,0.080,-0.200,4430.300
85.280,-121.632,420.684,88.340,0.340,0.012,0.212,0.670,0.090,4430.790
85.300,-121.359,420.989,88.460,-0.980,0.020,0.275,0.130,0.210,4431.280
85.320,-121.084,421.297,89.250,0.490,0.027,0.203,0.160,-0.180,4431.780
85.340,-120.804,421.612,90.640,-0.400,0.038,0.269,0.410,0.510,4432.280
85.360,-120.525,421.925,90.430,0.370,0.008,-0.092,-0.700,-0.250,4432.780
85.380,-120.243,422.243,91.300,-0.110,0.026,0.254,0.860,0.040,4433.290
85.400,-119.968,422.550,88.920,-2.050,-0.046,-0.022,-0.530,-0.370,4433.780
85.420,-119.691,422.861,89.750,1.310,0.008,0.240,0.440,0.030,4434.280
85.440,-119.408,423.181,91.810,2.070,-0.024,0.301,0.370,-0.320,4434.790
85.460,-119.123,423.502,92.160,-0.180,-0.061,0.308,-0.450,-0.090,4435.310
85.480,-118.844,423.816,90.460,-0.900,-0.025,-0.043,0.500,-0.480,4435.810
85.500,-118.557,424.140,92.720,1.510,0.013,0.266,0.250,0.240,4436.320
85.520,-118.277,424.455,90.710,1.890,0.022,-0.018,0.940,0.110,4436.830
85.540,-117.989,424.781,93.170,-0.170,-0.063,0.266,0.100,0.330,4437.340
85.560,-117.702,425.106,92.730,-0.220,-0.047,-0.037,-0.050,-0.100,4437.860
85.580,-117.421,425.422,91.010,-0.080,0.036,-0.066,-0.260,0.340,4438.370
85.600,-117.135,425.746,92.760,-1.670,0.025,0.199,-0.870,0.010,4438.880
85.620,-116.834,426.090,97.010,-0.290,0.044,0.208,-0.160,0.030,4439.420
85.640,-116.543,426.422,94.360,1.710,0.068,0.021,-0.140,0.630,4439.940
85.660,-116.240,426.769,97.830,-0.170,0.027,0.260,0.130,-0.150,4440.490
85.680,-115.954,427.092,92.540,-1.040,-0.021,-0.057,-0.710,0.370,4441.000
85.700,-115.656,427.432,96.150,0.500,0.006,0.288,-0.120,0.140,4441.540
85.720,-115.373,427.751,91.540,-0.670,0.083,-0.072,0.290,-0.170,4442.040
85.740,-115.077,428.088,95.670,-0.070,0.138,0.267,0.340,-0.390,4442.580
85.760,-114.777,428.432,96.940,-1.270,0.023,0.252,-0.930,-0.310,4443.110
85.780,-114.475,428.778,97.570,-1.040,0.027,0.264,0.350,0.340,4443.660
85.800,-114.180,429.114,95.440,0.740,0.036,-0.060,-0.120,0.520,4444.190
85.820,-113.875,429.465,98.520,0.120,0.001,0.221,-0.090,0.030,4444.730
85.840,-113.577,429.806,96.480,-0.780,0.058,-0.075,-1.180,0.040,4445.270
85.860,-113.275,430.151,97.360,0.120,0.050,0.226,0.750,0.230,4445.810
85.880,-112.974,430.496,97.270,-0.610,0.018,-0.050,0.090,0.020,4446.350
85.900,-112.675,430.837,96.540,-0.780,-0.016,-0.097,-0.770,0.330,4446.890
85.920,-112.362,431.199,100.920,1.160,-0.076,0.213,0.190,0.090,4447.450
85.940,-112.056,431.551,98.960,0.780,0.037,-0.046,0.170,0.040,4448.000
85.960,-111.743,431.912,100.840,-0.020,0.011,0.246,0.610,-0.210,4448.560
85.980,-111.430,432.275,101.100,0.140,-0.037,0.256,-0.150,-0.280,4449.120
86.000,-111.125,432.625,98.410,-0.010,-0.056,-0.051,0.010,-0.950,4449.670
86.020,-110.809,432.991,102.000,0.490,0.033,0.326,-0.320,0.370,4450.230
86.040,-110.495,433.354,101.260,-0.800,-0.080,-0.046,0.300,-0.040,4450.800
86.060,-110.188,433.708,99.260,0.860,0.015,-0.061,-0.390,-0.120,4451.350
86.080,-109.872,434.073,101.820,0.350,0.042,0.253,-0.450,-0.590,4451.910
86.100,-109.563,434.430,99.940,-0.260,0.027,-0.019,-0.030,-0.190,4452.470
86.120,-109.239,434.807,104.200,-0.490,-0.020,0.249,-0.610,-0.230,4453.050
86.140,-108.919,435.179,103.340,0.840,-0.062,-0.029,0.800,-0.240,4453.620
86.160,-108.602,435.547,102.330,-0.150,0.029,-0.038,0.960,0.100,4454.190
86.180,-108.277,435.925,104.660,-0.700,0.060,0.241,-0.230,0.040,4454.770
86.200,-107.965,436.286,100.710,-0.380,-0.029,-0.047,-0.690,-0.410,4455.330
86.220,-107.648,436.653,102.280,0.770,0.025,0.298,0.170,-0.390,4455.900
86.240,-107.327,437.026,103.350,-1.610,0.079,0.257,-0.240,-0.390,4456.470
86.260,-106.994,437.416,107.400,-0.360,0.017,0.220,0.590,0.540,4457.070
86.280,-106.675,437.786,102.760,1.070,-0.020,-0.060,-0.390,0.450,4457.640
86.300,-106.358,438.153,102.130,-0.170,0.052,-0.113,0.270,-0.260,4458.210
86.320,-106.040,438.523,102.850,0.270,-0.037,0.254,0.060,-0.590,4458.780
86.340,-105.708,438.911,106.700,1.090,-0.065,0.289,-0.340,0.040,4459.370
86.360,-105.383,439.290,104.770,0.890,0.041,-0.090,0.120,0.010,4459.950
86.380,-105.055,439.673,105.740,-0.440,-0.020,0.254,0.440,0.100,4460.540
86.400,-104.721,440.064,107.450,-0.130,-0.016,0.280,0.040,0.220,4461.140
86.420,-104.391,440.450,106.390,0.900,-0.031,-0.017,0.050,0.140,4461.730
86.440,-104.058,440.841,107.260,0.940,-0.024,0.288,-0.440,-0.330,4462.330
86.460,-103.723,441.235,108.070,-0.090,0.070,0.194,0.570,0.090,4462.930
86.480,-103.391,441.623,106.950,-0.050,0.083,-0.035,0.520,0.260,4463.520
86.500,-103.056,442.015,107.670,0.270,0.090,0.205,-0.210,-0.220,4464.120
86.520,-102.719,442.412,108.600,1.370,0.055,0.220,-0.060,0.090,4464.720
86.540,-102.378,442.814,109.860,1.070,0.023,0.275,0.710,-0.170,4465.330
86.560,-102.043,443.206,107.690,0.690,-0.072,-0.045,-0.570,0.600,4465.930
86.580,-101.718,443.584,104.670,-1.080,-0.009,-0.028,0.300,-0.400,4466.510
86.600,-101.375,443.990,110.550,-0.270,0.108,0.222,-0.280,0.350,4467.130
86.620,-101.029,444.398,111.240,-0.220,-0.022,0.294,0.890,-0.500,4467.740
86.640,-100.686,444.803,110.470,1.420,0.076,-0.029,0.030,0.540,4468.360
86.660,-100.341,445.209,110.900,-0.240,0.003,0.277,0.630,-0.340,4468.970
86.680,-99.999,445.612,109.970,1.250,-0.134,-0.082,-0.380,0.060,4469.580
86.700,-99.652,446.023,111.890,-0.570,0.032,0.285,-0.620,-0.490,4470.210
86.720,-99.301,446.438,112.740,-0.490,0.063,0.241,-0.120,-0.400,4470.830
86.740,-98.953,446.849,111.870,0.480,-0.002,-0.068,0.130,0.270,4471.450
86.760,-98.593,447.279,115.840,1.570,0.062,0.269,-0.260,0.310,4472.100
86.780,-98.251,447.682,110.080,-0.210,-0.083,-0.033,0.380,0.070,4472.710
86.800,-97.899,448.098,113.000,-2.560,-0.069,0.225,-0.100,0.220,4473.340
86.820,-97.554,448.507,111.310,-1.560,0.010,0.012,-1.040,0.310,4473.960
86.840,-97.197,448.931,114.720,0.300,0.024,0.304,0.280,-0.210,4474.590
86.860,-96.851,449.339,111.350,-1.470,0.068,-0.032,-0.440,-0.420,4475.210
86.880,-96.502,449.751,112.040,-0.870,0.032,0.263,-0.180,-0.000,4475.830
86.900,-96.150,450.170,113.410,0.010,-0.060,0.260,0.780,-0.170,4476.460
86.920,-95.792,450.595,115.080,-2.450,0.011,0.204,0.890,0.120,4477.100
86.940,-95.437,451.017,114.110,-0.380,0.030,-0.047,-0.290,0.160,4477.740
86.960,-95.081,451.440,114.450,-1.160,-0.094,0.253,0.290,-0.200,4478.370
86.980,-94.722,451.867,115.380,-1.500,-0.002,0.233,-0.280,0.210,4479.010
87.000,-94.362,452.295,115.610,-0.800,-0.017,0.241,-0.140,0.200,4479.660
87.020,-93.993,452.736,118.530,-1.070,-0.033,0.179,-0.300,0.220,4480.310
87.040,-93.627,453.174,117.650,0.470,0.025,-0.083,-0.860,-0.120,4480.970
87.060,-93.264,453.606,116.450,1.200,-0.057,-0.022,0.050,0.230,4481.620
87.080,-92.889,454.056,120.410,-0.360,0.021,0.302,0.140,0.160,4482.280
87.100,-92.521,454.496,118.320,-0.600,0.028,-0.078,-0.340,0.190,4482.940
87.120,-92.158,454.928,116.450,-0.410,0.054,-0.045,0.540,0.500,4483.590
87.140,-91.789,455.370,118.610,-1.110,-0.056,0.283,-0.220,0.100,4484.250
87.160,-91.417,455.815,119.360,-1.290,-0.075,0.234,-0.320,-0.180,4484.910
87.180,-91.051,456.253,117.840,-1.650,0.014,-0.030,0.260,-0.330,4485.570
87.200,-90.684,456.691,117.620,-1.330,-0.014,-0.051,-0.770,0.340,4486.220
87.220,-90.312,457.137,119.650,1.630,0.145,0.286,0.450,0.110,4486.880
87.240,-89.940,457.582,119.300,-0.690,0.023,-0.088,-0.200,0.500,4487.550
87.260,-89.559,458.041,122.380,-2.940,0.003,0.217,0.490,-0.610,4488.230
87.280,-89.180,458.496,121.600,-0.590,-0.009,-0.042,0.640,0.270,4488.900
87.300,-88.807,458.944,119.850,-1.590,-0.061,-0.047,0.320,-0.080,4489.570
87.320,-88.427,459.400,121.770,0.060,0.028,0.248,-0.410,-0.110,4490.240
87.340,-88.043,459.863,123.350,-0.050,-0.004,0.267,-0.630,-0.230,4490.930
87.360,-87.670,460.310,119.680,0.060,-0.004,-0.078,-0.720,0.270,4491.590
87.380,-87.295,460.761,120.560,-0.040,0.005,0.209,0.550,0.180,4492.260
87.400,-86.913,461.220,122.400,-0.370,0.011,0.235,-0.070,-0.340,4492.940
87.420,-86.531,461.680,122.800,-1.460,-0.087,0.238,-0.300,0.050,4493.630
87.440,-86.147,462.142,122.990,-0.070,0.042,0.241,-0.070,0.210,4494.310
87.460,-85.764,462.604,122.920,1.020,-0.042,-0.012,0.540,0.050,4494.990
87.480,-85.380,463.066,123.220,1.810,-0.007,0.273,0.390,0.330,4495.680
87.500,-84.992,463.535,124.610,-0.240,0.064,0.266,0.220,-0.090,4496.370
87.520,-84.599,464.011,126.060,-0.130,0.089,0.257,0.320,-0.680,4497.070
87.540,-84.212,464.477,123.960,0.500,-0.085,-0.063,0.090,0.060,4497.760
87.560,-83.811,464.964,128.660,1.490,0.002,0.224,0.150,0.050,4498.470
87.580,-83.411,465.450,128.260,-0.490,0.014,-0.086,0.110,0.090,4499.190
87.600,-83.012,465.933,127.640,0.690,-0.075,-0.071,-0.000,0.330,4499.890
87.620,-82.617,466.412,126.900,-0.820,0.040,-0.051,0.380,-0.590,4500.600
87.640,-82.213,466.903,129.300,0.330,0.006,0.215,0.180,-0.070,4501.320
87.660,-81.820,467.379,126.180,0.970,0.010,-0.045,-0.440,-0.280,4502.020
87.680,-81.428,467.853,125.680,-1.290,-0.046,-0.056,0.260,-0.360,4502.720
87.700,-81.033,468.330,126.470,-0.530,0.021,0.238,0.120,-0.020,4503.420
87.720,-80.640,468.806,126.070,0.950,0.042,-0.015,0.310,0.210,4504.120
87.740,-80.241,469.291,128.080,0.620,0.006,0.176,-0.050,0.090,4504.830
87.760,-79.839,469.778,128.670,1.040,-0.026,0.238,0.410,-0.210,4505.550
87.780,-79.437,470.267,128.850,0.850,-0.022,0.179,-0.030,-0.040,4506.260
87.800,-79.035,470.755,128.850,-0.340,0.011,0.257,0.360,0.280,4506.980
87.820,-78.631,471.246,129.390,2.200,0.002,0.273,-0.230,0.200,4507.700
87.840,-78.219,471.749,132.120,0.140,0.045,0.209,-0.190,-0.170,4508.430
87.860,-77.811,472.246,130.760,-3.060,-0.024,-0.087,0.300,-0.190,4509.160
87.880,-77.400,472.746,131.540,-0.280,-0.061,0.199,-0.170,-0.510,4509.890
87.900,-76.992,473.243,130.760,-0.470,0.018,-0.048,1.100,-0.130,4510.610
87.920,-76.591,473.730,128.380,0.800,-0.024,-0.060,0.280,-0.520,4511.330
87.940,-76.191,474.216,128.400,-0.450,0.039,0.242,0.010,0.620,4512.040
87.960,-75.771,474.730,134.570,1.100,0.000,0.239,0.410,-0.260,4512.790
87.980,-75.362,475.228,130.970,0.560,0.033,-0.079,-0.240,0.330,4513.520
88.000,-74.952,475.727,131.160,-1.000,-0.051,0.284,0.460,0.550,4514.250
88.020,-74.538,476.233,132.780,-0.140,0.007,0.258,0.450,0.060,4514.980
88.040,-74.121,476.743,133.560,-0.780,-0.035,0.214,0.630,-0.030,4515.720
88.060,-73.702,477.255,134.070,0.180,-0.061,0.229,-0.220,-0.400,4516.470
88.080,-73.277,477.776,136.040,-0.780,-0.043,0.224,-0.610,-0.150,4517.230
88.100,-72.852,478.296,135.950,0.070,-0.027,-0.008,-0.310,0.480,4517.980
88.120,-72.437,478.803,132.810,-0.270,0.062,-0.029,-0.140,0.110,4518.720
88.140,-72.013,479.323,135.800,-0.150,-0.029,0.246,0.830,0.010,4519.470
88.160,-71.594,479.835,134.090,2.050,-0.064,0.001,1.100,0.390,4520.220
88.180,-71.173,480.350,134.780,-0.360,0.007,0.294,0.170,0.210,4520.970
88.200,-70.756,480.860,133.670,-1.930,0.001,-0.057,0.000,-0.040,4521.710
88.220,-70.340,481.368,133.100,1.020,-0.025,-0.062,-0.170,0.060,4522.450
88.240,-69.916,481.888,135.910,1.010,-0.008,0.239,0.410,-0.230,4523.200
88.260,-69.495,482.404,134.850,-1.980,0.049,-0.079,1.090,-0.170,4523.950
88.280,-69.063,482.934,137.990,-0.700,0.034,0.302,0.890,-0.060,4524.720
88.300,-68.637,483.457,136.500,0.440,0.029,-0.080,0.570,0.170,4525.480
88.320,-68.207,483.985,137.710,0.520,-0.059,0.276,0.560,-0.370,4526.240
88.340,-67.770,484.523,139.620,-0.000,0.144,0.271,0.420,0.020,4527.020
88.360,-67.346,485.042,135.660,0.020,0.053,-0.059,-0.020,-0.120,4527.770
88.380,-66.918,485.568,137.130,-0.940,0.026,0.304,-0.370,-0.270,4528.530
88.400,-66.484,486.101,138.810,-2.400,-0.058,0.203,-0.010,-0.120,4529.310
88.420,-66.048,486.637,139.330,2.050,0.047,0.248,0.210,-0.700,4530.080
88.440,-65.608,487.180,140.840,-0.970,-0.025,0.235,-0.730,-0.230,4530.860
88.460,-65.168,487.723,140.800,0.180,-0.010,-0.021,-0.080,-0.330,4531.640
88.480,-64.730,488.262,139.970,-0.160,-0.084,-0.039,-0.410,-0.080,4532.420
88.500,-64.291,488.803,140.600,0.900,-0.062,0.198,0.510,-0.680,4533.200
88.520,-63.850,489.347,140.970,0.110,0.022,0.287,-0.270,0.060,4533.990
88.540,-63.417,489.879,138.590,0.150,0.050,-0.035,0.160,0.270,4534.760
88.560,-62.976,490.422,140.880,-2.630,0.034,0.219,-0.350,-0.040,4535.540
88.580,-62.533,490.969,141.810,-0.830,0.033,0.240,0.800,0.150,4536.330
88.600,-62.087,491.520,142.450,0.740,-0.003,0.211,-0.850,-0.150,4537.120
88.620,-61.647,492.062,140.700,0.650,-0.020,-0.055,0.240,-0.470,4537.900
88.640,-61.208,492.603,140.500,-0.950,0.014,-0.045,-0.640,0.000,4538.680
88.660,-60.763,493.153,142.370,-1.580,0.041,0.240,-0.250,0.200,4539.470
88.680,-60.306,493.719,146.000,0.130,0.000,0.236,0.100,-0.400,4540.280
88.700,-59.862,494.268,142.140,-2.910,0.061,-0.098,0.130,-0.140,4541.070
88.720,-59.406,494.831,145.450,-1.150,-0.011,0.260,0.110,-0.070,4541.880
88.740,-58.948,495.399,146.390,1.760,-0.049,0.192,0.080,0.860,4542.690
88.760,-58.497,495.958,144.410,1.450,-0.001,-0.049,-0.320,0.070,4543.500
88.780,-58.047,496.514,143.640,0.490,0.005,-0.104,-0.080,-0.570,4544.290
88.800,-57.591,497.079,145.750,0.310,-0.004,0.252,0.020,-0.650,4545.100
88.820,-57.136,497.644,145.600,-1.950,0.064,-0.050,0.100,0.220,4545.910
88.840,-56.684,498.202,144.340,-0.740,0.040,-0.038,-0.030,0.750,4546.710
88.860,-56.231,498.764,144.960,-0.300,-0.072,0.276,0.360,-0.080,4547.520
88.880,-55.771,499.334,146.950,-0.720,0.077,0.281,0.050,-0.100,4548.340
88.900,-55.307,499.910,147.990,-0.350,-0.137,0.202,0.100,0.130,4549.160
88.920,-54.849,500.478,146.430,1.300,0.108,-0.052,-0.190,-0.240,4549.970
88.940,-54.389,501.049,147.130,-0.540,-0.014,0.310,-0.530,-0.760,4550.790
88.960,-53.924,501.627,148.560,-0.340,-0.009,0.254,0.080,0.310,4551.610
88.980,-53.462,502.201,147.620,0.740,-0.003,-0.075,0.600,-0.180,4552.430
89.000,-52.999,502.775,147.760,-1.420,0.019,0.248,0.220,0.320,4553.260
89.020,-52.538,503.348,147.390,-0.840,-0.000,-0.062,-0.410,-0.230,4554.070
89.040,-52.076,503.922,147.690,-0.740,-0.007,0.215,0.410,0.040,4554.890
89.060,-51.596,504.520,153.180,0.060,0.065,0.276,-0.170,0.260,4555.750
89.080,-51.129,505.101,149.200,-0.340,0.028,-0.032,0.360,0.320,4556.570
89.100,-50.653,505.694,151.860,-0.310,-0.048,0.210,-0.180,0.070,4557.420
89.120,-50.175,506.291,152.670,-0.660,0.037,0.247,0.180,0.050,4558.270
89.140,-49.705,506.876,150.190,-1.070,0.026,-0.067,-0.260,0.190,4559.100
89.160,-49.231,507.466,151.340,0.610,-0.027,0.202,-0.250,0.140,4559.940
89.180,-48.757,508.057,151.260,-0.340,0.040,-0.092,-0.780,-0.390,4560.780
89.200,-48.291,508.636,149.010,0.620,-0.008,-0.088,0.260,-0.380,4561.610
89.220,-47.823,509.218,149.420,-1.110,-0.011,0.248,0.190,-0.630,4562.440
89.240,-47.346,509.812,152.150,-0.670,-0.012,0.236,0.210,0.230,4563.280
89.260,-46.871,510.405,151.760,-0.220,-0.121,-0.079,0.140,-0.120,4564.130
89.280,-46.384,511.014,155.560,-0.130,-0.026,0.238,-0.380,0.250,4564.990
89.300,-45.906,511.611,152.690,0.750,0.036,-0.028,0.480,0.120,4565.840
89.320,-45.416,512.224,156.290,-0.430,-0.001,0.261,0.500,-0.300,4566.710
89.340,-44.937,512.822,152.970,0.750,-0.064,-0.020,-0.390,-0.040,4567.560
89.360,-44.445,513.438,156.880,0.370,0.048,0.243,0.270,-0.140,4568.430
89.380,-43.959,514.045,155.090,-0.110,-0.015,-0.002,0.440,-0.180,4569.290
89.400,-43.472,514.655,155.500,-0.950,-0.061,0.260,-0.240,0.270,4570.160
89.420,-42.989,515.258,154.210,0.760,0.110,-0.065,-0.150,0.750,4571.010
89.440,-42.500,515.871,156.160,-0.930,-0.053,0.253,0.270,0.330,4571.880
89.460,-42.004,516.492,158.160,-0.020,0.044,0.213,-0.760,-0.010,4572.760
89.480,-41.516,517.103,155.720,-0.050,-0.038,-0.059,-0.540,0.380,4573.620
89.500,-41.028,517.713,155.750,-0.210,0.007,0.263,-0.490,0.510,4574.490
89.520,-40.538,518.326,156.220,-0.390,-0.045,0.268,-0.900,-0.420,4575.360
89.540,-40.039,518.953,159.340,-0.820,-0.062,0.238,0.540,0.370,4576.240
89.560,-39.542,519.576,158.510,-1.620,0.026,0.032,-0.990,0.230,4577.120
89.580,-39.041,520.204,159.720,1.400,0.020,0.245,0.170,0.360,4578.010
89.600,-38.545,520.827,158.350,-0.490,0.057,-0.100,0.410,0.240,4578.890
89.620,-38.049,521.449,158.260,-0.130,-0.002,-0.014,-0.150,-0.070,4579.770
89.640,-37.550,522.075,159.160,-0.130,0.111,0.268,-0.330,0.610,4580.650
89.660,-37.047,522.707,160.450,1.100,0.013,0.257,0.120,0.100,4581.540
89.680,-36.549,523.331,158.790,1.930,0.028,-0.064,0.000,-0.130,4582.430
89.700,-36.043,523.968,161.540,0.160,-0.068,0.262,0.500,0.150,4583.320
89.720,-35.540,524.599,160.360,-0.160,-0.031,-0.001,-1.310,0.290,4584.210
89.740,-35.050,525.213,156.520,-1.120,0.026,-0.044,-0.460,0.030,4585.080
89.760,-34.542,525.851,161.780,-1.440,-0.004,0.206,0.280,0.120,4585.980
89.780,-34.044,526.476,158.870,-1.770,0.009,-0.154,0.030,0.030,4586.870
89.800,-33.535,527.117,162.390,-0.800,-0.041,0.262,0.380,-0.200,4587.770
89.820,-33.025,527.759,162.770,-2.090,0.006,0.220,0.130,-0.250,4588.670
89.840,-32.516,528.399,162.240,1.080,0.006,-0.053,-0.070,-0.420,4589.570
89.860,-32.005,529.042,162.880,0.420,-0.059,0.226,-0.150,0.460,4590.480
89.880,-31.491,529.690,164.040,-0.250,0.032,0.224,1.160,-0.070,4591.390
89.900,-30.983,530.329,161.970,1.110,-0.085,-0.073,0.770,-1.030,4592.290
89.920,-30.468,530.978,164.220,-1.070,0.009,0.230,0.250,0.120,4593.200
89.940,-29.950,531.631,165.100,-0.820,0.088,0.273,0.040,0.110,4594.120
89.960,-29.428,532.290,166.320,-1.930,0.034,0.267,0.270,-0.560,4595.040
89.980,-28.919,532.930,162.340,0.770,0.034,-0.086,0.410,-0.250,4595.950
90.000,-28.402,533.583,164.930,-0.810,-0.045,0.218,0.210,-0.260,4596.860
90.020,-27.890,534.227,163.200,0.020,0.088,-0.039,-0.380,-0.220,4597.770
90.040,-27.377,534.873,163.460,1.000,0.069,0.282,0.890,0.360,4598.680
90.060,-26.857,535.529,165.830,1.370,-0.042,0.281,0.120,-0.040,4599.600
90.080,-26.337,536.185,165.730,-0.030,-0.024,-0.080,1.010,-0.130,4600.520
90.100,-25.811,536.849,167.650,0.380,0.063,0.280,0.090,0.340,4601.450
90.120,-25.291,537.505,165.740,-0.900,0.090,-0.103,-0.120,0.150,4602.370
90.140,-24.769,538.164,166.380,1.680,-0.063,0.244,0.690,-0.520,4603.290
90.160,-24.244,538.827,167.220,-0.170,-0.050,0.265,0.150,-0.180,4604.220
90.180,-23.724,539.484,165.930,0.080,-0.007,-0.112,0.070,0.100,4605.150
90.200,-23.202,540.143,166.460,-0.410,-0.109,0.313,-0.600,-0.280,4606.070
90.220,-22.670,540.816,169.540,1.200,0.001,0.290,0.330,0.610,4607.010
90.240,-22.144,541.479,167.370,0.200,0.059,-0.031,-0.250,0.030,4607.940
90.260,-21.610,542.156,170.290,0.760,-0.072,0.221,-0.220,-0.230,4608.890
90.280,-21.077,542.830,169.740,0.350,0.006,-0.052,-0.250,-0.340,4609.830
90.300,-20.554,543.491,166.830,-0.220,-0.029,-0.026,0.220,0.280,4610.760
90.320,-20.019,544.168,170.270,0.930,0.082,0.216,-0.770,-0.190,4611.700
90.340,-19.484,544.846,170.580,0.350,-0.028,0.245,-0.110,0.110,4612.650
90.360,-18.948,545.524,170.760,-0.960,0.076,0.277,0.490,-0.350,4613.600
90.380,-18.414,546.201,170.230,-0.990,-0.030,-0.095,-0.620,0.020,4614.550
90.400,-17.882,546.873,169.360,0.150,0.039,-0.040,0.090,-0.190,4615.490
90.420,-17.339,547.563,173.110,0.910,0.013,0.197,-0.320,-0.090,4616.450
90.440,-16.801,548.244,171.260,1.640,-0.007,-0.078,-0.200,-0.240,4617.400
90.460,-16.266,548.921,170.410,-1.780,-0.040,-0.065,0.830,0.310,4618.350
90.480,-15.724,549.608,172.740,0.030,0.016,0.265,-0.830,-0.150,4619.310
90.500,-15.186,550.290,171.270,0.490,-0.022,-0.071,0.380,-0.040,4620.260
90.520,-14.649,550.971,171.280,0.300,-0.034,0.254,-0.240,-0.030,4621.210
90.540,-14.107,551.657,172.460,1.010,0.074,0.229,-0.260,0.480,4622.170
90.560,-13.566,552.343,172.350,0.660,0.027,-0.066,-0.560,0.270,4623.120
90.580,-13.025,553.029,172.300,-0.990,0.032,-0.012,0.380,0.240,4624.080
90.600,-12.475,553.728,175.200,-1.010,-0.020,0.215,-0.100,-0.470,4625.060
90.620,-11.928,554.422,174.140,0.310,-0.009,-0.027,-0.160,-0.200,4626.020
90.640,-11.374,555.127,176.510,0.990,-0.012,0.250,0.050,0.360,4627.000
90.660,-10.829,555.819,173.680,0.140,0.017,-0.067,-0.090,-0.350,4627.970
90.680,-10.286,556.506,172.690,-1.580,0.032,-0.087,-1.000,0.030,4628.930
90.700,-9.734,557.208,175.830,-1.050,-0.002,0.216,-0.250,-0.320,4629.900
90.720,-9.173,557.923,178.710,0.690,-0.040,0.228,0.450,-0.290,4630.900
90.740,-8.617,558.630,177.040,-0.350,0.038,-0.055,-0.750,0.500,4631.880
90.760,-8.047,559.357,181.390,0.120,0.002,0.268,-0.540,0.220,4632.890
90.780,-7.490,560.066,177.390,1.070,-0.072,-0.059,-0.210,0.290,4633.870
90.800,-6.932,560.776,177.570,-1.200,-0.107,0.243,-0.360,0.240,4634.860
90.820,-6.385,561.471,174.300,-0.410,0.015,-0.053,-0.010,-0.040,4635.830
90.840,-5.824,562.185,178.500,-0.520,-0.041,0.264,-0.550,-0.210,4636.820
90.860,-5.263,562.898,178.430,0.360,0.022,-0.031,-0.190,-0.120,4637.810
90.880,-4.705,563.610,177.890,0.770,-0.039,-0.092,-0.020,-0.060,4638.800
90.900,-4.143,564.324,178.620,-1.480,0.007,0.242,0.320,0.530,4639.790
90.920,-3.581,565.040,179.050,-0.010,-0.019,0.287,0.620,-0.400,4640.790
90.940,-3.018,565.758,179.200,0.870,0.088,0.211,-0.130,-0.170,4641.780
90.960,-2.443,566.492,182.930,-1.850,0.048,0.252,0.940,-0.270,4642.800
90.980,-1.879,567.210,179.560,-0.060,0.067,-0.055,-0.090,0.320,4643.800
91.000,-1.311,567.934,180.690,-1.220,0.001,0.233,0.410,0.560,4644.800
91.020,-0.745,568.656,180.150,-0.640,0.041,-0.002,0.970,0.090,4645.800
91.040,-0.173,569.387,182.260,-2.510,0.005,0.251,0.070,0.120,4646.810
91.060,0.398,570.115,181.670,1.390,0.073,-0.005,-0.690,0.030,4647.820
91.080,0.968,570.842,181.310,-0.360,-0.004,-0.050,0.050,0.130,4648.830
91.100,1.531,571.559,179.160,-0.810,-0.070,-0.036,-0.310,0.230,4649.830
91.120,2.105,572.292,182.740,0.330,-0.100,0.233,-0.140,0.130,4650.840
91.140,2.678,573.023,182.230,-1.040,0.083,-0.067,0.990,0.150,4651.850
91.160,3.253,573.757,182.920,-1.140,0.024,0.262,-0.610,0.230,4652.870
91.180,3.823,574.484,181.560,1.510,0.027,-0.037,0.150,-0.530,4653.880
91.200,4.407,575.232,185.810,1.810,0.074,0.268,-0.440,0.000,4654.910
91.220,4.990,575.976,185.270,-0.590,-0.083,-0.039,-0.150,0.090,4655.940
91.240,5.576,576.726,186.450,1.070,-0.018,0.210,0.370,0.120,4656.980
91.260,6.162,577.476,186.350,0.360,-0.012,-0.074,0.160,-0.050,4658.010
91.280,6.746,578.223,185.840,-1.410,0.037,-0.025,-0.110,0.050,4659.040
91.300,7.323,578.960,183.560,-0.930,-0.035,-0.109,-0.320,-0.220,4660.060
91.320,7.915,579.719,188.360,1.550,-0.060,0.259,0.160,-0.530,4661.110
91.340,8.495,580.460,184.530,-1.430,-0.061,-0.053,0.850,0.290,4662.130
91.360,9.079,581.207,185.840,2.280,0.057,0.275,-0.450,-0.340,4663.170
91.380,9.669,581.963,187.620,-0.570,-0.037,0.262,0.960,-0.050,4664.210
91.400,10.260,582.720,188.020,1.580,-0.028,0.230,0.600,-0.220,4665.250
91.420,10.851,583.477,188.060,-0.310,0.032,0.229,0.680,0.480,4666.300
91.440,11.439,584.230,186.930,0.800,-0.035,-0.066,0.150,-0.020,4667.340
91.460,12.027,584.982,186.940,1.400,-0.085,0.267,0.590,-0.090,4668.380
91.480,12.631,585.757,191.970,1.390,-0.079,0.181,-0.500,0.220,4669.440
91.500,13.223,586.516,188.440,-0.580,-0.003,-0.045,-0.330,0.650,4670.490
91.520,13.816,587.276,188.570,-0.860,0.025,0.224,0.380,0.120,4671.540
91.540,14.407,588.033,188.070,-0.080,-0.010,-0.044,0.150,-0.110,4672.580
91.560,15.004,588.799,189.830,-1.300,0.022,0.260,-0.070,0.210,4673.640
91.580,15.602,589.565,190.080,0.240,-0.081,0.200,-1.250,-0.470,4674.690
91.600,16.200,590.332,190.080,-0.820,-0.077,0.243,-0.220,0.010,4675.750
91.620,16.800,591.102,191.000,1.080,0.113,0.255,-0.590,0.600,4676.810
91.640,17.409,591.884,193.400,-0.570,0.062,0.253,0.250,0.050,4677.880
91.660,18.007,592.651,190.180,-1.740,0.038,-0.054,-0.100,0.030,4678.940
91.680,18.609,593.424,191.460,1.400,-0.033,0.213,-0.310,0.010,4680.000
91.700,19.209,594.193,190.750,0.180,-0.012,-0.082,1.320,-0.120,4681.060
91.720,19.814,594.971,192.480,0.030,-0.000,0.209,0.520,0.090,4682.130
91.740,20.417,595.744,191.510,1.090,0.066,-0.033,0.530,0.230,4683.200
91.760,21.020,596.519,191.900,0.870,0.020,0.247,1.100,-0.100,4684.260
91.780,21.620,597.289,190.820,-0.760,0.026,-0.052,0.400,-0.750,4685.320
91.800,22.229,598.071,193.480,-0.450,-0.008,0.199,-0.390,0.140,4686.400
91.820,22.840,598.856,194.300,-1.110,0.040,0.249,-0.440,0.640,4687.480
91.840,23.459,599.653,196.770,-1.460,0.015,0.269,0.480,-0.110,4688.570
91.860,24.073,600.442,195.000,0.580,0.002,-0.105,-1.030,-0.440,4689.650
91.880,24.683,601.226,193.940,0.390,-0.037,-0.066,-0.040,0.200,4690.730
91.900,25.289,602.006,192.900,0.760,-0.006,-0.097,-1.090,0.520,4691.800
91.920,25.898,602.787,193.430,1.280,-0.054,0.237,0.050,0.160,4692.880
91.940,26.507,603.570,193.640,0.770,-0.002,0.223,0.430,0.520,4693.950
91.960,27.132,604.376,198.730,0.860,0.004,0.261,0.140,0.240,4695.060
91.980,27.751,605.173,196.660,-2.080,-0.120,-0.045,0.470,0.210,4696.150
92.000,28.367,605.965,195.680,-0.310,-0.012,-0.011,0.980,-0.160,4697.240
92.020,28.982,606.755,195.440,0.960,-0.059,-0.052,-0.070,0.090,4698.320
92.040,29.598,607.548,195.910,-1.170,0.025,0.260,1.400,-0.010,4699.410
92.060,30.217,608.345,196.610,0.090,0.032,0.233,0.110,-0.020,4700.500
92.080,30.845,609.155,199.820,0.520,-0.021,0.217,0.470,-0.080,4701.610
92.100,31.469,609.959,198.120,0.440,0.027,-0.025,-0.310,0.070,4702.710
92.120,32.087,610.753,196.320,0.370,0.030,-0.013,0.810,-0.390,4703.810
92.140,32.723,611.575,202.270,0.600,-0.011,0.271,0.520,0.240,4704.930
92.160,33.344,612.375,197.420,0.180,0.077,-0.046,0.740,-0.260,4706.030
92.180,33.969,613.180,198.570,-1.460,-0.036,0.221,0.030,-0.080,4707.130
92.200,34.604,614.000,201.740,0.510,0.074,0.284,-0.630,0.100,4708.250
92.220,35.236,614.815,200.720,0.280,-0.011,-0.033,0.230,-0.280,4709.360
92.240,35.865,615.625,199.720,-1.450,-0.042,0.011,-0.850,-0.590,4710.470
92.260,36.491,616.432,198.900,1.380,-0.018,-0.085,-0.170,-0.110,4711.580
92.280,37.119,617.242,199.620,0.530,-0.055,0.276,0.100,-0.430,4712.690
92.300,37.748,618.053,200.030,-1.380,0.039,0.266,1.190,0.210,4713.800
92.320,38.383,618.873,201.720,-0.820,-0.080,0.240,0.160,-0.350,4714.920
92.340,39.020,619.695,202.320,-0.560,0.069,0.291,0.070,0.450,4716.040
92.360,39.656,620.516,202.130,-0.560,-0.047,-0.038,-0.030,-0.000,4717.170
92.380,40.294,621.340,202.620,0.290,0.042,0.222,-0.670,0.020,4718.290
92.400,40.928,622.158,201.420,-0.980,0.001,-0.054,0.040,-0.590,4719.410
92.420,41.570,622.987,203.760,1.130,0.014,0.222,0.050,0.040,4720.540
92.440,42.217,623.824,205.560,1.050,-0.030,0.236,-0.480,-0.020,4721.690
92.460,42.858,624.652,203.720,0.620,0.018,-0.029,-0.590,-0.390,4722.820
92.480,43.500,625.482,204.020,0.040,0.007,0.280,-0.240,0.030,4723.950
92.500,44.145,626.315,204.740,0.940,-0.073,0.257,0.030,-0.120,4725.090
92.520,44.796,627.157,206.610,-0.280,-0.048,0.227,-0.230,-0.070,4726.240
92.540,45.438,627.986,203.910,-0.720,-0.027,-0.039,-0.530,0.010,4727.370
92.560,46.092,628.833,207.750,1.190,-0.038,0.272,0.140,-0.140,4728.520
92.580,46.742,629.674,206.530,0.320,0.063,-0.109,0.270,0.070,4729.670
92.600,47.392,630.514,206.270,-0.680,0.000,-0.047,0.060,-0.030,4730.820
92.620,48.048,631.364,208.360,-0.420,-0.039,0.244,-0.280,0.140,4731.970
92.640,48.694,632.199,205.090,-0.740,-0.025,-0.021,0.300,-0.160,4733.110
92.660,49.348,633.047,207.970,2.020,-0.025,0.262,-0.100,-0.320,4734.270
92.680,50.004,633.895,208.160,0.000,-0.014,0.265,-0.590,-0.210,4735.430
92.700,50.654,634.736,206.430,0.160,-0.054,-0.064,0.520,0.430,4736.570
92.720,51.312,635.588,208.850,0.720,-0.041,0.250,0.180,0.290,4737.730
92.740,51.970,636.440,208.900,-1.220,0.038,0.278,-0.060,0.360,4738.890
92.760,52.626,637.290,208.530,1.100,0.009,-0.052,-0.790,0.380,4740.050
92.780,53.289,638.149,210.420,-0.610,-0.008,0.255,-0.370,-0.140,4741.220
92.800,53.946,639.000,208.590,1.830,0.000,-0.096,1.010,0.090,4742.380
92.820,54.608,639.858,210.170,-0.310,-0.002,0.248,-0.750,0.020,4743.550
92.840,55.269,640.715,209.890,1.040,-0.010,-0.110,-0.130,0.200,4744.710
92.860,55.929,641.569,209.490,-2.500,0.026,-0.065,-0.010,-0.090,4745.880
92.880,56.595,642.433,211.490,-1.180,0.022,0.252,0.160,0.030,4747.050
92.900,57.259,643.294,210.750,-0.290,-0.079,-0.027,-0.750,0.020,4748.220
92.920,57.917,644.147,209.170,-2.030,-0.007,-0.080,0.090,0.160,4749.380
92.940,58.576,644.999,209.000,0.600,-0.075,-0.039,-0.840,0.200,4750.550
92.960,59.247,645.871,213.210,0.310,0.032,0.294,0.050,0.030,4751.730
92.980,59.910,646.730,210.520,-0.990,0.038,-0.069,-0.330,0.040,4752.900
93.000,60.582,647.602,213.090,-0.020,-0.031,0.204,-0.430,0.070,4754.080
93.020,61.253,648.473,213.070,0.810,-0.006,-0.041,0.420,0.490,4755.270
93.040,61.923,649.342,212.760,-2.100,-0.106,-0.086,-0.120,-0.520,4756.450
93.060,62.606,650.229,216.570,-1.270,0.049,0.225,0.240,-0.290,4757.650
93.080,63.280,651.105,214.230,-0.340,0.035,-0.022,0.250,0.200,4758.840
93.100,63.959,651.987,215.410,0.020,0.058,0.306,0.630,0.080,4760.040
93.120,64.637,652.867,215.030,-0.060,0.074,-0.080,-0.600,0.080,4761.230
93.140,65.313,653.745,214.580,0.890,-0.061,-0.072,0.460,0.200,4762.430
93.160,65.991,654.626,215.220,0.480,0.044,0.237,0.010,0.060,4763.620
93.180,66.677,655.518,217.760,0.700,0.074,0.234,-0.190,-0.170,4764.830
93.200,67.362,656.409,217.520,-1.390,-0.075,0.008,-0.570,0.190,4766.040
93.220,68.053,657.308,219.140,0.140,-0.009,0.234,0.300,0.010,4767.260
93.240,68.736,658.196,216.870,-0.310,-0.018,-0.062,-0.460,-0.130,4768.460
93.260,69.416,659.078,215.540,1.460,0.043,-0.002,0.260,0.210,4769.660
93.280,70.098,659.965,216.520,0.170,-0.120,0.267,0.960,0.200,4770.860
93.300,70.778,660.848,215.720,-0.670,0.091,-0.020,0.490,0.060,4772.060
93.320,71.468,661.746,218.980,0.850,-0.006,0.223,0.700,0.520,4773.280
93.340,72.152,662.636,217.270,0.560,0.046,-0.066,-0.360,0.400,4774.490
93.360,72.826,663.511,213.890,-0.820,-0.003,-0.081,0.380,0.300,4775.670
93.380,73.527,664.425,222.490,-0.350,0.025,0.274,-0.570,0.770,4776.910
93.400,74.215,665.319,218.260,-0.330,-0.116,-0.013,-0.120,-0.040,4778.120
93.420,74.904,666.215,218.570,1.230,-0.019,0.232,0.870,-0.140,4779.340
93.440,75.605,667.128,222.270,0.200,0.042,0.239,-0.300,0.260,4780.570
93.460,76.293,668.023,218.270,0.730,0.014,-0.060,0.560,-0.080,4781.780
93.480,76.993,668.935,222.110,-0.490,-0.082,0.204,0.510,0.000,4783.020
93.500,77.686,669.836,219.850,0.330,0.003,-0.070,0.540,-0.300,4784.240
93.520,78.376,670.735,219.060,1.300,-0.041,-0.027,-0.630,0.180,4785.460
93.540,79.082,671.655,223.930,-0.360,-0.045,0.224,0.260,-0.440,4786.700
93.560,79.785,672.572,223.080,0.120,-0.076,-0.047,-0.080,-0.030,4787.940
93.580,80.489,673.489,223.400,-1.360,0.031,0.211,0.540,-0.000,4789.180
93.600,81.192,674.405,222.890,-0.770,0.056,-0.054,-0.830,-0.130,4790.420
93.620,81.897,675.324,223.560,-0.330,0.106,0.233,0.180,-0.530,4791.660
93.640,82.594,676.231,221.130,-1.060,-0.074,-0.087,0.110,-0.530,4792.890
93.660,83.298,677.150,223.470,1.320,0.038,0.274,-1.000,-0.220,4794.130
93.680,83.999,678.062,222.230,-0.840,0.042,-0.025,-0.440,0.160,4795.370
93.700,84.698,678.973,221.870,0.790,-0.029,-0.079,-0.920,0.090,4796.600
93.720,85.407,679.898,224.890,0.190,-0.046,0.244,-0.360,-0.000,4797.850
93.740,86.121,680.829,226.330,0.030,-0.054,0.251,0.270,-0.270,4799.100
93.760,86.828,681.752,224.340,1.490,-0.026,-0.104,0.100,0.100,4800.350
93.780,87.537,682.676,224.920,-2.260,0.010,0.208,0.080,-0.540,4801.600
93.800,88.243,683.597,223.850,-0.200,0.068,-0.011,-0.520,-0.720,4802.840
93.820,88.955,684.526,225.890,-1.080,0.055,0.218,0.560,-0.070,4804.100
93.840,89.672,685.462,227.350,-1.960,-0.081,0.288,-0.010,-0.160,4805.360
93.860,90.390,686.399,227.720,-1.190,-0.039,0.210,0.020,0.300,4806.630
93.880,91.108,687.337,227.670,0.020,0.065,-0.030,0.470,0.050,4807.890
93.900,91.821,688.267,226.250,-0.730,-0.037,-0.059,-0.500,0.500,4809.150
93.920,92.535,689.200,226.520,0.900,-0.003,0.245,0.110,-0.160,4810.410
93.940,93.257,690.143,229.010,-0.210,-0.085,0.306,0.210,0.150,4811.680
93.960,93.981,691.088,229.360,-0.320,0.058,0.212,-0.270,-0.080,4812.950
93.980,94.700,692.028,228.200,-0.320,-0.096,-0.032,0.330,0.410,4814.220
94.000,95.420,692.967,228.150,-0.100,-0.082,-0.033,0.240,-0.060,4815.490
94.020,96.148,693.919,230.860,-0.420,0.053,0.351,-0.050,0.260,4816.770
94.040,96.869,694.862,228.890,-0.850,0.096,-0.082,-0.070,-0.320,4818.040
94.060,97.598,695.814,230.870,0.990,-0.015,0.231,0.260,-0.120,4819.330
94.080,98.322,696.761,229.870,-0.620,-0.002,-0.026,0.390,-0.030,4820.600
94.100,99.044,697.704,228.820,-0.380,0.045,-0.056,0.030,0.380,4821.870
94.120,99.779,698.666,233.140,0.430,0.014,0.236,0.560,-0.660,4823.170
94.140,100.509,699.620,231.220,0.320,-0.019,-0.021,0.330,-0.100,4824.450
94.160,101.235,700.569,230.300,-0.890,-0.024,-0.058,-0.890,-0.110,4825.730
94.180,101.959,701.515,229.600,0.750,-0.078,-0.077,-0.700,-0.620,4827.010
94.200,102.685,702.463,230.070,0.540,0.012,0.272,0.590,-0.140,4828.290
94.220,103.415,703.419,231.770,0.180,-0.005,0.261,-0.120,-0.460,4829.570
94.240,104.159,704.392,235.540,-0.430,-0.022,0.241,0.080,-0.700,4830.880
94.260,104.891,705.350,232.100,-0.410,-0.050,-0.061,0.570,-0.080,4832.170
94.280,105.633,706.323,235.470,-0.200,-0.045,0.223,-0.000,-0.090,4833.480
94.300,106.370,707.286,233.420,-1.230,0.031,-0.028,0.020,-0.070,4834.780
94.320,107.102,708.244,232.170,-0.040,0.044,-0.061,-0.430,0.080,4836.070
94.340,107.839,709.208,233.550,0.890,-0.016,0.227,0.180,-0.260,4837.370
94.360,108.572,710.168,232.660,0.880,-0.022,-0.089,0.290,0.540,4838.660
94.380,109.309,711.133,233.620,-0.380,-0.043,0.262,-0.290,-0.010,4839.960
94.400,110.047,712.098,233.900,1.060,0.047,0.235,-0.460,0.390,4841.260
94.420,110.781,713.058,232.700,1.910,0.002,-0.110,1.310,-0.500,4842.550
94.440,111.533,714.043,238.140,-0.320,0.018,0.214,-0.050,-0.250,4843.870
94.460,112.279,715.021,236.510,0.690,0.018,-0.057,-0.340,0.210,4845.180
94.480,113.022,715.994,235.490,-2.260,-0.015,-0.056,0.350,-0.070,4846.490
94.500,113.770,716.974,237.180,-1.260,-0.058,0.243,-0.030,-0.320,4847.810
94.520,114.514,717.949,235.910,0.090,-0.050,-0.061,-0.540,-0.550,4849.120
94.540,115.251,718.913,233.480,-1.010,0.056,-0.094,0.240,0.220,4850.420
94.560,116.015,719.917,242.240,2.040,-0.036,0.224,-0.430,0.200,4851.760
94.580,116.767,720.903,238.420,0.600,-0.021,-0.014,0.790,0.070,4853.090
94.600,117.517,721.885,237.570,0.970,-0.057,-0.019,0.250,-0.150,4854.410
94.620,118.261,722.860,235.880,-0.030,-0.061,-0.033,-0.140,-0.330,4855.720
94.640,119.008,723.839,236.860,-1.000,-0.038,0.265,0.050,-0.020,4857.040
94.660,119.771,724.841,241.900,-0.520,0.084,0.277,0.450,-0.390,4858.380
94.680,120.535,725.843,242.000,0.250,0.033,0.216,0.090,-0.230,4859.720
94.700,121.296,726.842,241.200,-0.640,-0.026,-0.049,1.060,0.380,4861.060
94.720,122.049,727.830,238.720,0.670,0.054,-0.084,0.570,-0.560,4862.390
94.740,122.816,728.837,242.980,0.710,-0.008,0.217,0.240,0.200,4863.740
94.760,123.579,729.838,241.710,0.000,0.068,-0.039,-0.470,0.450,4865.080
94.780,124.344,730.842,242.340,-1.830,0.111,0.278,-0.070,0.240,4866.430
94.800,125.109,731.846,242.350,1.710,0.051,0.244,0.240,0.120,4867.770
94.820,125.865,732.838,239.740,-0.210,0.005,-0.001,-0.410,-0.140,4869.110
94.840,126.624,733.834,240.520,2.710,0.035,0.256,0.650,-0.190,4870.440
94.860,127.387,734.836,241.880,0.650,0.001,0.227,-0.490,-0.670,4871.790
94.880,128.157,735.847,243.930,-0.210,-0.092,0.217,-0.320,0.010,4873.140
94.900,128.918,736.846,241.220,0.450,-0.033,-0.019,-0.280,-0.120,4874.480
94.920,129.686,737.854,243.350,-2.020,-0.048,0.254,0.370,-0.210,4875.830
94.940,130.455,738.864,243.670,1.030,-0.034,0.270,-0.400,-0.010,4877.190
94.960,131.230,739.883,245.440,2.570,0.090,0.170,-0.900,0.020,4878.550
94.980,132.005,740.901,245.590,-2.090,0.056,0.257,0.540,-0.190,4879.920
95.000,132.773,741.910,243.390,-0.290,0.022,-0.065,-0.220,0.480,4881.270
95.020,133.554,742.937,247.390,-0.110,0.041,0.208,-0.530,0.220,4882.640
95.040,134.324,743.948,243.800,0.880,-0.095,-0.052,-0.380,0.270,4884.000
95.060,135.105,744.975,247.510,2.110,0.036,0.283,0.860,-0.030,4885.370
95.080,135.879,745.993,245.360,0.380,0.047,0.018,-0.330,0.150,4886.730
95.100,136.658,747.017,246.760,2.140,-0.112,0.257,-0.060,-0.270,4888.110
95.120,137.439,748.043,247.170,0.170,0.038,0.229,-0.220,0.200,4889.480
95.140,138.220,749.070,247.450,0.450,-0.071,0.227,-0.620,-0.060,4890.850
95.160,139.004,750.102,248.490,0.330,-0.099,0.279,-0.370,-0.310,4892.230
95.180,139.788,751.134,248.390,1.220,0.066,-0.080,-0.650,-0.010,4893.610
95.200,140.575,752.169,249.300,-0.420,-0.050,0.269,0.480,-0.090,4895.000
95.220,141.362,753.204,249.140,0.820,-0.036,-0.041,0.050,0.700,4896.380
95.240,142.141,754.229,246.870,-1.230,0.049,-0.045,1.240,0.130,4897.750
95.260,142.929,755.266,249.500,-0.280,-0.015,0.203,-0.350,0.470,4899.140
95.280,143.713,756.298,248.570,-0.640,-0.009,-0.061,-0.430,0.340,4900.520
95.300,144.496,757.328,248.070,0.090,-0.010,-0.094,0.770,0.010,4901.900
95.320,145.285,758.365,249.620,-0.320,0.017,0.232,0.530,-0.130,4903.290
95.340,146.076,759.407,250.650,1.130,-0.011,0.278,0.190,-0.520,4904.680
95.360,146.869,760.451,251.080,-0.880,0.006,0.287,-0.560,-0.260,4906.070
95.380,147.666,761.501,252.610,-1.730,-0.025,0.256,0.870,0.200,4907.480
95.400,148.466,762.555,253.310,-1.360,0.018,0.233,-0.040,-0.090,4908.880
95.420,149.262,763.604,252.170,0.990,0.016,-0.002,-0.220,0.110,4910.290
95.440,150.060,764.655,252.770,-0.970,0.095,0.232,0.570,-0.610,4911.690
95.460,150.857,765.705,252.460,0.400,-0.019,-0.084,-0.010,0.140,4913.090
95.480,151.659,766.761,253.790,-0.290,-0.009,0.271,-0.580,0.330,4914.500
95.500,152.460,767.817,253.690,0.820,0.012,-0.036,0.020,-0.530,4915.910
95.520,153.259,768.870,253.200,-0.230,0.048,-0.066,-0.390,0.110,4917.320
95.540,154.070,769.940,256.830,2.760,-0.055,0.253,-1.500,0.400,4918.750
95.560,154.870,770.993,253.110,1.900,0.005,-0.037,-0.440,0.500,4920.150
95.580,155.679,772.061,256.430,-0.320,-0.125,0.256,-0.260,-0.150,4921.580
95.600,156.477,773.111,252.540,-0.450,-0.014,-0.036,-0.580,0.230,4922.980
95.620,157.286,774.178,256.110,3.130,0.054,0.235,0.290,0.430,4924.400
95.640,158.098,775.250,257.370,-1.080,-0.036,0.266,-0.390,0.120,4925.830
95.660,158.896,776.301,252.680,-0.060,0.009,-0.049,0.240,0.390,4927.240
95.680,159.705,777.368,256.070,0.020,-0.026,0.236,-0.620,-0.010,4928.660
95.700,160.517,778.439,257.250,-0.000,-0.043,0.243,0.450,0.120,4930.090
95.720,161.329,779.510,256.880,-1.740,0.049,-0.053,-0.640,-0.190,4931.510
95.740,162.141,780.582,257.390,0.500,-0.052,0.207,-1.170,-0.050,4932.940
95.760,162.954,781.654,257.350,-0.970,0.015,-0.069,0.620,0.130,4934.370
95.780,163.762,782.719,255.830,1.440,0.015,-0.048,-0.430,-0.210,4935.800
95.800,164.588,783.810,261.350,-1.460,-0.043,0.209,0.880,-0.070,4937.250
95.820,165.400,784.882,257.360,0.060,0.008,-0.069,0.280,0.230,4938.680
95.840,166.219,785.962,259.090,-2.220,-0.047,0.322,0.400,0.620,4940.120
95.860,167.033,787.036,257.790,-2.150,0.026,-0.084,0.520,-0.610,4941.550
95.880,167.840,788.101,255.670,-0.840,-0.066,-0.062,0.060,0.590,4942.970
95.900,168.655,789.176,258.020,-0.700,-0.017,0.225,0.060,-0.080,4944.400
95.920,169.469,790.249,257.560,1.470,-0.013,-0.054,0.640,0.290,4945.830
95.940,170.295,791.341,261.690,-0.040,0.056,0.226,0.060,0.350,4947.290
95.960,171.115,792.423,259.460,1.290,0.007,-0.057,-0.360,0.470,4948.730
95.980,171.936,793.507,259.920,-0.380,0.048,0.228,0.290,-0.220,4950.170
96.000,172.755,794.589,259.420,0.610,0.028,-0.018,-1.060,-0.070,4951.610
96.020,173.581,795.680,261.480,-0.730,0.027,0.252,0.660,-0.020,4953.070
96.040,174.404,796.767,260.590,-0.790,-0.017,-0.080,0.670,-0.110,4954.510
96.060,175.236,797.867,263.470,-1.820,0.051,0.275,0.600,0.400,4955.980
96.080,176.066,798.964,262.760,0.340,-0.018,-0.079,0.580,-0.020,4957.440
96.100,176.893,800.056,261.770,0.260,-0.086,-0.097,-0.040,-0.490,4958.890
96.120,177.728,801.159,264.230,0.780,-0.011,0.250,-0.050,-0.190,4960.360
96.140,178.560,802.258,263.280,0.210,0.023,0.007,-0.610,-0.470,4961.820
96.160,179.393,803.359,263.630,2.030,-0.080,0.195,0.870,-0.070,4963.290
96.180,180.219,804.451,261.720,0.180,-0.044,-0.090,-0.240,0.200,4964.740
96.200,181.054,805.554,264.130,0.990,-0.062,0.273,0.170,-0.200,4966.210
96.220,181.891,806.662,265.040,-0.320,0.039,0.231,0.130,-0.120,4967.680
96.240,182.734,807.777,266.880,-0.910,0.084,0.268,-0.670,-0.080,4969.160
96.260,183.569,808.880,264.080,0.720,-0.010,-0.075,-0.870,0.040,4970.630
96.280,184.418,810.005,268.950,-0.090,0.027,0.254,0.000,0.150,4972.120
96.300,185.261,811.119,266.690,0.830,0.025,0.002,-0.230,0.240,4973.610
96.320,186.095,812.221,263.890,0.350,0.078,-0.086,-0.040,0.680,4975.070
96.340,186.933,813.329,265.230,-0.790,-0.033,0.281,0.530,0.040,4976.550
96.360,187.782,814.454,268.950,1.070,-0.011,0.270,0.110,0.220,4978.040
96.380,188.632,815.580,269.010,-0.870,-0.017,0.205,0.380,-0.480,4979.530
96.400,189.478,816.698,267.490,0.630,0.004,-0.033,0.220,-0.110,4981.020
96.420,190.324,817.818,268.010,1.280,0.125,0.252,-0.160,-0.080,4982.510
96.440,191.166,818.932,266.360,-0.380,0.002,-0.047,-0.500,-0.310,4983.990
96.460,192.020,820.063,270.410,1.160,-0.043,0.260,0.130,-0.160,4985.490
96.480,192.865,821.181,267.270,0.400,-0.058,-0.061,0.040,-0.030,4986.980
96.500,193.719,822.312,270.340,0.850,0.063,0.252,0.460,-0.150,4988.480
96.520,194.577,823.448,271.420,-0.840,-0.043,0.257,-0.080,0.780,4989.990
96.540,195.429,824.577,269.790,0.210,0.033,-0.028,-0.150,0.150,4991.490
96.560,196.287,825.713,271.490,-1.410,-0.034,0.204,-0.110,0.600,4992.990
96.580,197.151,826.857,273.130,1.710,-0.063,0.289,-0.460,0.450,4994.510
96.600,198.007,827.992,271.090,-2.010,0.030,-0.085,0.720,-0.190,4996.020
96.620,198.863,829.125,270.750,-0.350,-0.032,-0.027,0.570,0.010,4997.520
96.640,199.720,830.260,271.230,-0.930,0.021,0.252,-0.610,-0.130,4999.030
96.660,200.575,831.392,270.540,0.670,0.025,-0.088,0.400,-0.050,5000.530
96.680,201.431,832.526,270.830,1.920,0.027,0.266,-0.920,-0.290,5002.040
96.700,202.293,833.669,272.960,0.650,-0.013,0.222,0.490,-0.130,5003.550
96.720,203.154,834.809,272.370,2.960,0.034,-0.018,-0.350,0.110,5005.070
96.740,204.018,835.955,273.430,-1.380,-0.046,0.229,0.180,0.100,5006.580
96.760,204.875,837.089,271.030,-1.300,-0.123,-0.095,-0.960,0.080,5008.090
96.780,205.739,838.235,273.450,-0.890,0.035,0.296,-0.600,-0.020,5009.610
96.800,206.609,839.389,275.450,0.120,0.008,0.255,0.230,0.260,5011.140
96.820,207.471,840.530,272.550,-1.030,-0.031,-0.024,-0.350,-0.080,5012.650
96.840,208.339,841.681,274.580,-0.750,-0.074,0.224,-0.420,0.420,5014.180
96.860,209.199,842.820,272.090,0.620,-0.102,-0.107,0.700,-0.550,5015.690
96.880,210.062,843.964,273.240,-1.240,0.003,0.300,1.110,0.200,5017.210
96.900,210.937,845.125,276.730,-1.130,0.082,0.250,0.470,0.150,5018.750
96.920,211.807,846.279,275.380,-0.400,-0.007,-0.035,-0.550,-0.200,5020.280
96.940,212.689,847.449,278.900,-0.300,-0.018,0.270,0.880,-0.110,5021.830
96.960,213.565,848.611,277.140,1.010,-0.001,-0.060,-0.780,0.140,5023.370
96.980,214.442,849.775,277.610,-0.900,0.109,0.257,-0.150,0.270,5024.910
97.000,215.313,850.930,275.520,-0.720,0.038,-0.002,0.030,-0.520,5026.440
97.020,216.188,852.091,276.880,0.580,-0.047,0.249,0.960,0.190,5027.980
97.040,217.063,853.251,276.680,0.800,0.001,-0.022,0.460,-0.140,5029.510
97.060,217.937,854.410,276.500,1.430,0.017,-0.110,-0.230,0.340,5031.050
97.080,218.820,855.583,279.420,0.470,-0.053,0.284,-0.470,-0.550,5032.600
97.100,219.705,856.758,280.040,0.130,0.038,0.204,0.500,0.730,5034.160
97.120,220.589,857.932,279.660,0.580,-0.041,-0.020,-0.270,-0.270,5035.710
97.140,221.469,859.099,278.150,-0.270,-0.076,-0.038,0.110,0.430,5037.260
97.160,222.354,860.275,280.210,-0.270,0.004,0.247,-0.680,-0.020,5038.810
97.180,223.230,861.437,277.160,-1.770,-0.004,-0.053,0.280,-0.250,5040.350
97.200,224.123,862.623,282.340,0.890,-0.000,0.242,0.240,0.080,5041.920
97.220,225.004,863.792,278.730,0.210,-0.038,-0.075,-0.620,0.310,5043.470
97.240,225.887,864.964,279.320,0.780,-0.031,0.244,0.520,-0.470,5045.020
97.260,226.777,866.146,281.500,-2.820,0.056,0.316,0.280,0.210,5046.590
97.280,227.668,867.330,281.950,-0.050,0.022,0.289,0.370,-0.000,5048.150
97.300,228.560,868.514,281.860,-0.860,-0.048,-0.076,-0.190,0.170,5049.720
97.320,229.447,869.692,280.620,1.500,-0.098,-0.042,0.090,0.000,5051.280
97.340,230.346,870.886,284.310,0.610,-0.046,0.253,0.030,-0.170,5052.860
97.360,231.232,872.063,280.400,0.230,0.008,-0.054,-0.070,-0.330,5054.410
97.380,232.120,873.243,281.030,-0.430,-0.032,0.220,0.090,0.200,5055.980
97.400,233.017,874.434,283.420,0.400,-0.035,0.263,0.630,0.200,5057.550
97.420,233.908,875.618,282.000,-0.930,-0.029,-0.025,0.540,0.200,5059.120
97.440,234.813,876.821,286.060,-0.100,-0.004,0.225,-0.590,0.130,5060.710
97.460,235.707,878.009,282.780,-0.580,0.039,0.009,0.490,0.280,5062.280
97.480,236.615,879.216,287.200,2.270,-0.000,0.296,0.600,0.420,5063.870
97.500,237.521,880.422,286.740,1.470,0.003,-0.034,-0.080,-0.560,5065.470
97.520,238.430,881.631,287.360,1.060,-0.011,0.213,0.250,-0.700,5067.060
97.540,239.343,882.845,288.670,-1.490,-0.025,0.262,0.250,0.520,5068.670
97.560,240.248,884.049,286.280,0.860,0.045,-0.042,-0.420,-0.400,5070.260
97.580,241.149,885.247,284.960,0.190,0.037,-0.035,-0.190,-0.330,5071.840
97.600,242.056,886.452,286.650,1.220,0.102,0.298,0.380,-0.090,5073.430
97.620,242.961,887.656,286.270,0.320,0.031,-0.055,-0.250,-0.500,5075.020
97.640,243.866,888.860,286.380,-0.010,-0.025,0.311,0.490,-0.110,5076.610
97.660,244.777,890.071,287.990,0.230,-0.045,0.262,0.650,-0.280,5078.210
97.680,245.687,891.281,287.620,-1.810,0.048,-0.059,0.570,-0.070,5079.810
97.700,246.595,892.489,287.280,-0.770,-0.041,0.022,0.990,0.080,5081.410
97.720,247.507,893.703,288.370,0.370,0.040,0.275,-0.050,-0.100,5083.010
97.740,248.424,894.923,289.880,1.140,-0.038,0.236,0.090,-0.120,5084.620
97.760,249.343,896.147,290.810,-0.550,0.017,0.253,0.160,0.080,5086.240
97.780,250.252,897.355,287.300,-0.040,-0.053,-0.031,-0.030,0.310,5087.830
97.800,251.168,898.574,289.570,-1.600,0.039,0.245,0.270,0.480,5089.440
97.820,252.085,899.795,290.130,1.460,-0.062,0.254,-0.860,-0.070,5091.050
97.840,252.999,901.011,288.900,1.110,0.014,-0.075,0.100,0.550,5092.660
97.860,253.918,902.235,290.810,0.650,-0.010,0.199,-0.690,0.260,5094.270
97.880,254.840,903.462,291.540,0.410,0.005,0.253,-0.480,-0.370,5095.890
97.900,255.765,904.694,292.410,1.550,-0.020,0.254,0.370,-0.380,5097.520
97.920,256.689,905.924,292.070,-0.810,-0.021,-0.034,-0.100,-0.170,5099.140
97.940,257.609,907.149,290.960,-0.910,0.008,-0.067,0.350,0.430,5100.760
97.960,258.544,908.395,295.620,1.060,-0.050,0.210,-0.110,-0.150,5102.400
97.980,259.475,909.635,294.170,0.990,-0.050,-0.079,0.550,-0.570,5104.030
98.000,260.405,910.874,294.080,-1.190,-0.018,-0.018,-0.120,-0.070,5105.670
98.020,261.338,912.117,295.080,-0.530,-0.020,0.230,-0.980,-0.590,5107.310
98.040,262.269,913.357,294.260,1.690,-0.050,-0.063,0.110,-0.320,5108.940
98.060,263.206,914.606,296.140,0.410,0.046,0.241,-1.080,-0.180,5110.590
98.080,264.137,915.847,294.620,0.790,-0.017,-0.069,-0.730,0.040,5112.220
98.100,265.070,917.090,294.860,-1.160,-0.011,0.229,-0.440,0.310,5113.860
98.120,266.007,918.339,296.130,0.660,-0.066,0.224,-0.500,0.210,5115.510
98.140,266.949,919.595,297.870,-1.420,0.104,0.292,-0.270,-0.350,5117.160
98.160,267.892,920.852,298.090,-1.980,0.121,0.270,-0.520,-0.110,5118.820
98.180,268.832,922.105,297.040,0.730,-0.039,-0.013,-0.700,0.020,5120.470
98.200,269.772,923.358,297.250,1.430,0.061,0.293,0.770,-0.080,5122.120
98.220,270.714,924.615,297.840,-0.250,-0.005,0.180,-0.340,-0.080,5123.770
98.240,271.659,925.874,298.590,-0.550,0.080,0.260,-1.120,-0.520,5125.430
98.260,272.606,927.137,299.390,1.710,0.017,0.232,-0.180,-0.350,5127.090
98.280,273.547,928.392,297.410,-0.190,0.005,-0.016,-0.560,-0.120,5128.750
98.300,274.496,929.658,300.060,-0.070,-0.125,0.228,-0.440,-0.930,5130.410
98.320,275.441,930.919,298.920,1.690,-0.044,-0.082,0.360,0.190,5132.070
98.340,276.390,932.184,299.700,-0.350,0.001,0.207,-0.220,-0.410,5133.740
98.360,277.342,933.455,301.120,-0.650,0.010,0.241,-0.580,0.210,5135.410
98.380,278.293,934.723,300.490,0.820,-0.061,-0.023,0.220,0.180,5137.080
98.400,279.245,935.994,301.070,-0.710,-0.036,0.258,0.570,-0.160,5138.750
98.420,280.193,937.257,299.430,-0.140,0.028,-0.086,0.270,0.300,5140.420
98.440,281.150,938.535,302.590,-1.320,-0.069,0.315,-1.230,0.220,5142.100
98.460,282.105,939.809,301.700,0.190,0.007,-0.031,-0.560,-0.090,5143.780
98.480,283.057,941.080,301.170,0.070,0.062,-0.027,0.020,-0.130,5145.450
98.500,284.016,942.360,302.960,0.970,0.019,0.289,-0.120,0.330,5147.130
98.520,284.983,943.651,305.510,0.860,0.017,0.201,-0.160,0.070,5148.830
98.540,285.932,944.918,300.200,0.550,-0.101,-0.077,-0.490,0.310,5150.500
98.560,286.885,946.189,301.070,0.390,-0.041,0.275,-0.700,-0.720,5152.170
98.580,287.855,947.485,306.620,-0.070,0.103,0.226,1.000,0.030,5153.870
98.600,288.815,948.767,303.560,0.610,-0.030,-0.058,0.010,-0.470,5155.560
98.620,289.776,950.049,303.530,-1.110,0.063,-0.052,0.320,-0.010,5157.250
98.640,290.736,951.330,303.390,-2.350,-0.031,-0.088,0.000,0.210,5158.930
98.660,291.703,952.622,305.700,1.160,-0.014,0.239,0.020,0.520,5160.630
98.680,292.678,953.925,308.120,0.670,0.026,0.277,-0.030,-0.280,5162.340
98.700,293.638,955.207,303.530,-0.130,0.005,-0.028,-0.560,-0.160,5164.030
98.720,294.602,956.495,304.710,1.070,0.019,0.283,-0.760,-0.030,5165.720
98.740,295.566,957.782,304.650,-0.730,-0.041,-0.020,0.190,-0.290,5167.410
98.760,296.537,959.078,306.600,-0.710,-0.057,0.262,0.090,0.290,5169.120
98.780,297.510,960.379,307.650,-0.840,-0.044,0.260,0.470,-0.020,5170.830
98.800,298.487,961.684,308.570,0.570,-0.027,0.258,0.370,0.040,5172.540
98.820,299.460,962.984,307.610,-1.580,-0.011,-0.069,-0.400,0.190,5174.250
98.840,300.443,964.298,310.560,-0.770,0.052,0.219,0.570,-0.020,5175.970
98.860,301.412,965.593,306.250,0.290,0.004,-0.071,0.380,-0.250,5177.670
98.880,302.381,966.887,306.180,-1.200,0.024,-0.060,0.350,-0.020,5179.380
98.900,303.361,968.198,309.960,-0.660,0.007,0.230,1.120,-0.260,5181.100
98.920,304.337,969.502,308.260,-2.210,-0.056,-0.038,1.020,0.030,5182.810
98.940,305.306,970.796,306.330,0.610,0.001,-0.044,0.340,0.300,5184.510
98.960,306.282,972.100,308.240,-0.690,0.007,0.259,0.280,-0.350,5186.220
98.980,307.261,973.409,309.420,-1.100,0.038,0.261,0.540,-0.460,5187.940
99.000,308.237,974.713,308.390,-1.300,-0.053,-0.014,-0.290,0.010,5189.660
99.020,309.212,976.016,308.160,-0.420,-0.102,-0.050,-0.280,-0.230,5191.370
99.040,310.192,977.326,309.700,-1.580,0.009,0.280,0.340,0.010,5193.090
99.060,311.169,978.632,308.730,1.940,0.018,-0.035,-0.430,0.100,5194.800
99.080,312.155,979.951,311.610,-2.380,-0.009,0.284,0.300,-0.640,5196.540
99.100,313.130,981.253,308.060,-0.450,0.001,-0.002,0.080,0.210,5198.250
99.120,314.116,982.571,311.430,0.110,0.044,0.267,-0.430,-0.350,5199.980
99.140,315.104,983.894,312.400,-0.780,-0.023,0.253,0.010,-0.010,5201.710
99.160,316.091,985.213,311.810,0.210,-0.014,-0.047,0.650,-0.200,5203.450
99.180,317.085,986.542,313.900,-0.800,0.004,0.236,0.040,-0.170,5205.190
99.200,318.067,987.856,310.530,1.530,-0.061,-0.065,0.040,0.510,5206.910
99.220,319.054,989.176,311.860,-1.120,-0.008,0.277,0.160,0.100,5208.650
99.240,320.044,990.500,312.740,-2.350,-0.003,0.221,0.230,0.270,5210.380
99.260,321.040,991.833,314.620,-1.300,0.082,0.298,-0.170,0.050,5212.130
99.280,322.034,993.163,314.200,0.390,-0.015,-0.055,0.180,0.190,5213.880
99.300,323.039,994.508,317.410,-0.120,0.010,0.336,-0.520,0.130,5215.640
99.320,324.031,995.835,313.310,0.750,0.046,-0.071,-0.400,0.080,5217.380
99.340,325.021,997.159,312.750,0.500,-0.042,-0.042,-0.340,0.330,5219.120
99.360,326.027,998.506,317.850,-0.640,0.069,0.239,0.230,0.050,5220.890
99.380,327.018,999.833,313.340,-0.490,0.088,-0.074,0.080,0.690,5222.630
99.400,328.021,1001.175,316.830,-0.390,-0.001,0.282,-0.070,0.290,5224.390
99.420,329.017,1002.508,314.660,1.880,-0.027,-0.083,0.350,-0.340,5226.130
99.440,330.009,1003.834,313.350,0.690,0.081,-0.070,0.190,-0.050,5227.880
99.460,331.010,1005.174,316.210,1.890,0.040,0.268,-0.140,0.120,5229.630
99.480,332.018,1006.524,318.450,0.840,0.004,0.272,-0.520,0.010,5231.400
99.500,333.017,1007.861,315.590,-0.060,0.071,-0.092,-0.410,0.210,5233.150
99.520,334.025,1009.211,318.610,-1.020,0.066,0.267,-0.730,0.240,5234.920
99.540,335.036,1010.565,319.210,0.200,-0.017,0.254,0.070,-0.410,5236.700
99.560,336.038,1011.906,316.480,-0.060,0.012,-0.078,-0.430,0.380,5238.460
99.580,337.045,1013.255,318.370,-0.090,0.029,0.226,-0.250,-0.150,5240.220
99.600,338.058,1014.612,320.000,-0.210,0.001,0.189,-0.060,-0.180,5242.000
99.620,339.071,1015.969,320.000,-2.050,-0.070,0.002,0.520,-0.180,5243.780
99.640,340.082,1017.323,319.290,1.260,-0.047,-0.020,0.460,0.240,5245.550
99.660,341.095,1018.680,320.000,-0.050,-0.068,0.211,-0.030,-0.080,5247.330
99.680,342.062,1020.082,55.220,1.210,0.547,0.042,0.850,-1.850,5247.640
99.700,342.974,1021.518,55.830,0.910,0.532,0.381,1.800,4.020,5247.950
99.720,343.831,1022.987,56.550,1.810,0.545,0.498,2.430,3.420,5248.260
99.740,344.632,1024.485,57.820,2.550,0.499,0.809,3.330,0.790,5248.580
99.760,345.374,1026.011,59.220,4.420,0.510,1.213,5.060,4.980,5248.910
99.780,346.058,1027.564,60.970,0.430,0.487,1.604,6.500,9.540,5249.250
99.800,346.683,1029.140,62.960,3.820,0.524,2.038,7.510,7.990,5249.600
99.820,347.248,1030.737,64.930,4.760,0.554,2.195,9.140,7.290,5249.960
99.840,347.751,1032.354,67.010,3.460,0.620,2.406,10.820,6.980,5250.330
99.860,348.193,1033.989,68.990,5.070,0.666,2.461,11.500,7.310,5250.720
99.880,348.572,1035.638,70.610,4.790,0.685,2.501,11.360,10.930,5251.110
99.900,348.889,1037.300,72.370,10.310,0.712,2.676,13.030,10.140,5251.510
99.920,349.143,1038.973,74.100,7.000,0.758,2.453,13.710,9.570,5251.920
99.940,349.333,1040.654,75.370,8.390,0.780,2.297,14.660,8.950,5252.340
99.960,349.459,1042.341,76.910,7.650,0.817,2.209,15.370,9.150,5252.770
99.980,349.522,1044.032,78.650,8.090,0.883,2.231,17.070,7.730,5253.210
100.000,349.520,1045.725,80.310,7.390,0.899,2.349,18.350,10.490,5253.650
100.020,349.454,1047.416,82.050,13.130,0.930,2.363,19.320,8.000,5254.110
100.040,349.325,1049.104,83.660,13.250,0.967,2.197,19.600,8.490,5254.570
100.060,349.131,1050.787,84.740,12.190,1.071,2.193,21.820,11.330,5255.040
100.080,348.874,1052.462,86.300,12.090,1.108,2.155,23.080,10.330,5255.520
100.100,348.554,1054.127,87.680,15.340,1.156,2.082,24.160,10.630,5256.010
100.120,348.171,1055.780,89.060,14.650,1.195,2.015,23.350,12.670,5256.500
100.140,347.726,1057.419,90.420,16.090,1.234,2.031,24.860,9.490,5257.010
100.160,347.218,1059.041,91.420,15.010,1.264,1.855,26.300,9.050,5257.510
100.180,346.650,1060.643,92.640,18.980,1.293,1.821,27.280,8.560,5258.030
100.200,346.021,1062.225,93.290,20.120,1.283,1.601,28.770,7.500,5258.550
100.220,345.332,1063.784,93.920,23.010,1.316,1.419,30.340,6.080,5259.070
100.240,344.585,1065.317,94.780,21.710,1.339,1.425,31.590,7.790,5259.600
100.260,343.779,1066.823,95.350,22.690,1.373,1.105,33.600,7.140,5260.130
100.280,342.917,1068.299,95.950,21.210,1.390,1.029,33.480,7.000,5260.660
100.300,341.999,1069.744,96.750,27.390,1.426,1.106,33.990,6.820,5261.200
100.320,341.027,1071.155,96.960,27.920,1.458,0.802,35.310,7.110,5261.730
100.340,340.001,1072.531,97.080,26.970,1.406,0.609,35.760,4.990,5262.270
100.360,338.923,1073.869,96.760,25.030,1.414,0.343,36.870,3.410,5262.810
100.380,337.794,1075.169,96.150,25.740,1.387,0.015,36.810,1.440,5263.350
100.400,336.616,1076.427,95.810,27.720,1.406,-0.092,38.230,0.810,5263.880
100.420,335.391,1077.643,95.590,30.980,1.408,-0.223,37.410,5.790,5264.410
100.440,334.119,1078.814,94.950,30.110,1.438,-0.394,39.000,3.210,5264.940
100.460,332.802,1079.940,94.410,27.060,1.433,-0.509,40.010,3.260,5265.460
100.480,331.443,1081.018,94.010,31.100,1.413,-0.535,39.650,4.070,5265.980
100.500,330.043,1082.047,93.510,28.840,1.423,-0.638,40.110,4.660,5266.500
100.520,328.603,1083.025,92.740,29.340,1.399,-0.797,39.180,8.050,5267.020
100.540,327.125,1083.952,91.910,32.230,1.372,-0.831,39.530,5.160,5267.530
100.560,325.612,1084.825,90.750,31.650,1.360,-1.153,39.590,10.710,5268.030
100.580,324.065,1085.644,89.850,31.920,1.370,-1.258,38.790,7.240,5268.530
100.600,322.486,1086.408,89.050,28.900,1.357,-1.148,36.770,9.820,5269.030
100.620,320.878,1087.114,88.140,30.220,1.335,-1.103,37.420,7.870,5269.520
100.640,319.241,1087.763,87.470,27.120,1.357,-1.284,38.560,7.750,5270.000
100.660,317.579,1088.354,87.110,27.840,1.302,-0.954,39.530,8.310,5270.490
100.680,315.894,1088.884,86.550,27.740,1.256,-0.851,39.750,7.170,5270.970
100.700,314.187,1089.355,85.680,28.500,1.234,-1.103,40.330,7.280,5271.440
100.720,312.461,1089.764,84.940,25.750,1.239,-1.025,39.840,9.540,5271.910
100.740,310.718,1090.112,83.880,27.670,1.187,-1.228,39.820,5.920,5272.380
100.760,308.960,1090.397,83.320,30.980,1.199,-1.108,40.590,4.780,5272.840
100.780,307.189,1090.619,82.100,25.370,1.135,-1.277,38.780,5.730,5273.300
100.800,305.409,1090.779,81.480,24.570,1.110,-1.209,39.220,9.080,5273.750
100.820,303.620,1090.874,80.720,24.370,1.093,-1.190,38.980,8.530,5274.200
100.840,301.825,1090.906,79.710,32.160,1.052,-1.216,40.560,5.570,5274.640
100.860,300.027,1090.874,78.860,27.560,1.021,-1.077,40.080,2.280,5275.080
100.880,298.228,1090.778,77.840,26.040,1.020,-1.236,41.040,6.060,5275.510
100.900,296.430,1090.618,76.880,26.670,1.026,-1.244,41.570,4.890,5275.940
100.920,294.635,1090.394,75.860,26.700,0.954,-1.298,40.690,5.710,5276.360
100.940,292.846,1090.106,75.370,24.650,0.943,-1.193,40.420,4.480,5276.780
100.960,291.065,1089.755,74.890,24.670,0.925,-0.992,40.580,2.910,5277.200
100.980,289.294,1089.341,73.650,25.300,0.910,-1.166,41.690,8.730,5277.610
101.000,287.535,1088.863,73.530,24.210,0.888,-0.866,42.310,3.780,5278.020
101.020,285.791,1088.323,73.130,24.630,0.851,-0.798,41.130,6.610,5278.420
101.040,284.065,1087.722,72.960,25.660,0.878,-0.607,39.520,3.550,5278.830
101.060,282.357,1087.059,72.550,22.610,0.889,-0.474,39.600,1.740,5279.230
101.080,280.671,1086.336,72.870,29.390,0.874,-0.250,38.390,3.380,5279.630
101.100,279.008,1085.554,72.950,24.970,0.855,-0.194,36.150,1.800,5280.040
101.120,277.371,1084.713,73.270,20.090,0.840,0.008,34.110,1.400,5280.450
101.140,275.761,1083.814,73.590,17.090,0.791,0.083,33.960,2.090,5280.860
101.160,274.181,1082.858,73.920,20.020,0.816,0.384,32.500,1.760,5281.270
101.180,272.633,1081.847,73.850,22.320,0.842,0.233,32.620,0.070,5281.680
101.200,271.119,1080.781,73.940,21.250,0.849,0.142,30.490,2.120,5282.090
101.220,269.640,1079.662,74.000,19.320,0.851,0.252,29.150,4.030,5282.500
101.240,268.199,1078.491,74.420,17.670,0.859,0.299,28.140,1.410,5282.910
101.260,266.797,1077.269,74.680,16.280,0.846,0.270,26.340,2.870,5283.330
101.280,265.436,1075.999,75.100,16.200,0.847,0.438,23.320,5.480,5283.740
101.300,264.118,1074.680,75.490,14.100,0.856,0.457,22.520,3.180,5284.160
101.320,262.844,1073.316,75.280,14.380,0.879,0.265,20.830,2.810,5284.580
101.340,261.617,1071.908,75.800,17.150,0.913,0.292,20.550,2.930,5285.000
101.360,260.437,1070.456,76.190,12.250,0.908,0.376,19.340,2.110,5285.430
101.380,259.307,1068.964,76.280,14.300,0.889,0.425,18.100,1.780,5285.850
101.400,258.227,1067.432,76.560,14.030,0.898,0.456,17.640,1.910,5286.280
101.420,257.199,1065.863,76.740,9.600,0.946,0.411,15.800,3.880,5286.700
101.440,256.225,1064.259,77.100,9.260,0.924,0.512,14.170,4.780,5287.130
101.460,255.305,1062.621,77.230,12.070,0.945,0.357,11.830,4.350,5287.560
101.480,254.441,1060.952,77.570,7.120,0.972,0.401,10.530,2.780,5287.990
101.500,253.633,1059.253,77.810,8.050,0.960,0.307,9.740,4.630,5288.420
101.520,252.884,1057.526,77.960,11.370,0.945,0.281,8.140,3.340,5288.860
101.540,252.193,1055.774,78.260,8.420,0.961,0.231,6.990,2.840,5289.290
101.560,251.562,1053.999,79.060,5.750,0.974,0.566,5.390,-1.080,5289.730
101.580,251.402,1053.496,77.840,0.400,-0.042,-0.036,-0.870,-0.360,5290.160
101.600,251.242,1052.994,77.670,-1.030,-0.020,-0.072,0.200,-0.500,5290.590
101.620,251.075,1052.471,81.780,1.430,0.056,0.194,-0.470,-0.280,5291.050
101.640,250.907,1051.947,81.860,-0.250,0.060,0.221,-0.020,0.120,5291.500
101.660,250.741,1051.428,81.000,0.120,-0.009,-0.049,-0.090,0.120,5291.950
101.680,250.569,1050.893,83.950,-0.040,0.009,0.292,-0.470,0.030,5292.420
101.700,250.401,1050.368,82.240,0.650,-0.040,-0.023,-0.760,0.300,5292.880
101.720,250.230,1049.835,83.700,0.340,-0.085,0.241,1.270,0.270,5293.340
101.740,250.056,1049.294,85.090,-0.050,0.089,0.279,-0.020,0.060,5293.810
101.760,249.876,1048.739,87.850,1.450,-0.116,0.239,0.910,0.020,5294.300
101.780,249.693,1048.173,90.020,-3.200,-0.092,0.206,0.580,0.040,5294.800
101.800,249.513,1047.618,87.930,1.240,0.090,-0.049,-0.160,-0.040,5295.290
101.820,249.327,1047.043,91.680,0.920,0.001,0.205,0.090,-0.650,5295.800
101.840,249.142,1046.473,90.650,-1.840,-0.056,-0.026,0.080,0.340,5296.300
101.860,248.955,1045.898,91.820,0.930,0.034,0.274,0.920,0.120,5296.810
101.880,248.767,1045.320,92.260,1.060,0.039,0.224,0.410,-0.360,5297.330
101.900,248.578,1044.739,92.940,0.560,-0.067,0.254,-0.400,0.430,5297.840
101.920,248.386,1044.148,94.780,-1.560,-0.027,0.254,0.180,-0.180,5298.370
101.940,248.191,1043.550,96.120,0.680,0.044,0.276,0.400,-0.030,5298.900
101.960,247.998,1042.960,94.570,1.010,-0.041,-0.087,-0.590,0.310,5299.430
101.980,247.802,1042.360,96.500,-0.570,0.014,0.268,0.250,0.070,5299.960
102.000,247.599,1041.741,100.170,0.440,0.071,0.210,0.670,0.400,5300.520
102.020,247.399,1041.129,98.820,-0.350,-0.120,-0.027,-0.430,-0.110,5301.070
102.040,247.196,1040.511,99.870,0.890,-0.017,0.282,-0.360,0.510,5301.620
102.060,246.990,1039.882,102.070,-0.310,0.013,0.230,0.580,-0.230,5302.190
102.080,246.786,1039.262,100.460,-0.580,-0.090,-0.013,-0.180,0.400,5302.750
102.100,246.580,1038.633,102.040,-0.040,-0.026,0.203,-0.490,-0.680,5303.320
102.120,246.369,1037.993,104.210,-1.340,0.052,0.283,0.440,-0.330,5303.900
102.140,246.155,1037.345,105.720,-0.140,-0.035,0.293,0.290,0.090,5304.480
102.160,245.950,1036.721,101.200,0.360,-0.074,-0.040,0.050,-0.120,5305.050
102.180,245.739,1036.079,104.530,0.870,0.057,0.244,0.560,-0.020,5305.630
102.200,245.526,1035.434,105.030,0.250,0.022,0.259,0.600,0.010,5306.210
102.220,245.309,1034.779,107.220,-1.430,-0.003,0.232,-0.040,-0.360,5306.810
102.240,245.093,1034.124,106.910,1.350,-0.005,0.029,0.990,-0.330,5307.400
102.260,244.871,1033.453,110.180,1.440,0.051,0.232,0.790,0.070,5308.010
102.280,244.648,1032.781,110.330,0.110,0.015,0.290,-0.990,-0.200,5308.620
102.300,244.422,1032.099,112.290,-0.750,0.032,0.228,-0.520,0.400,5309.250
102.320,244.194,1031.412,113.270,-0.530,-0.035,0.298,-1.130,-0.060,5309.880
102.340,243.965,1030.722,113.740,-0.200,-0.096,0.310,-0.160,0.220,5310.510
102.360,243.737,1030.036,113.110,0.280,0.031,-0.038,-0.610,0.130,5311.140
102.380,243.506,1029.341,114.650,-0.300,0.055,0.259,-0.410,-0.180,5311.770
102.400,243.275,1028.646,114.690,-0.860,-0.011,0.221,0.550,-0.590,5312.410
102.420,243.044,1027.954,114.220,1.020,0.044,-0.082,-0.880,0.360,5313.050
102.440,242.806,1027.239,118.580,0.260,-0.017,0.259,0.060,-0.290,5313.710
102.460,242.569,1026.528,117.910,-1.050,-0.005,-0.006,0.060,-0.120,5314.360
102.480,242.334,1025.823,116.670,0.290,0.088,-0.066,-0.040,-0.050,5315.010
102.500,242.091,1025.097,120.620,0.160,-0.015,0.316,0.070,-0.020,5315.680
102.520,241.849,1024.373,120.360,-0.720,-0.018,-0.068,-1.120,0.290,5316.350
102.540,241.611,1023.658,118.490,1.200,-0.093,-0.043,-0.400,0.000,5317.010
102.560,241.369,1022.934,120.410,0.130,0.035,0.257,0.770,-0.040,5317.670
102.580,241.123,1022.199,122.300,-0.220,-0.035,0.247,-0.600,0.310,5318.350
102.600,240.873,1021.453,124.560,-0.080,0.007,0.189,0.830,0.180,5319.050
102.620,240.620,1020.698,126.310,0.440,-0.016,0.231,-0.700,-0.220,5319.750
102.640,240.365,1019.938,127.140,-0.070,-0.022,0.256,-0.760,-0.340,5320.450
102.660,240.108,1019.175,127.800,-0.080,-0.006,0.247,-0.480,-0.250,5321.160
102.680,239.852,1018.413,127.730,1.070,-0.002,-0.031,0.560,-0.010,5321.870
102.700,239.589,1017.632,131.250,-1.420,0.059,0.273,-0.270,-0.370,5322.600
102.720,239.327,1016.854,130.600,-1.250,0.076,-0.057,0.170,0.030,5323.330
102.740,239.065,1016.076,130.770,0.780,0.033,0.221,0.040,-0.040,5324.050
102.760,238.801,1015.290,132.180,2.420,0.064,0.296,-0.030,-0.760,5324.790
102.780,238.537,1014.507,131.610,0.880,0.043,-0.091,0.640,-0.420,5325.520
102.800,238.270,1013.717,133.010,1.860,0.025,0.232,0.390,-0.870,5326.260
102.820,238.008,1012.938,130.860,-0.430,0.073,-0.075,-0.570,-0.100,5326.990
102.840,237.739,1012.141,134.290,-0.640,-0.065,0.272,-0.140,0.320,5327.730
102.860,237.463,1011.323,138.390,0.460,-0.034,0.290,0.870,-0.570,5328.500
102.880,237.189,1010.513,136.860,0.950,-0.041,-0.055,0.160,-0.400,5329.260
102.900,236.913,1009.698,137.690,-1.310,-0.015,0.257,-0.750,-0.050,5330.030
102.920,236.634,1008.872,139.910,-0.210,0.034,0.263,-0.720,-0.320,5330.800
102.940,236.354,1008.046,139.830,-0.030,-0.056,0.004,0.450,-0.320,5331.580
102.960,236.076,1007.225,139.000,-0.680,0.025,-0.103,0.350,0.160,5332.350
102.980,235.794,1006.393,141.110,-0.560,-0.029,0.272,-0.460,-0.150,5333.140
103.000,235.514,1005.565,140.250,0.840,-0.017,-0.039,0.370,-0.450,5333.920
103.020,235.228,1004.722,143.120,0.470,0.010,0.239,0.800,-0.630,5334.710
103.040,234.943,1003.882,142.470,0.800,0.084,-0.040,0.730,0.660,5335.500
103.060,234.652,1003.025,146.010,0.340,-0.036,0.272,0.800,0.340,5336.310
103.080,234.363,1002.173,144.730,-0.870,-0.004,-0.033,0.280,-0.140,5337.120
103.100,234.073,1001.320,145.150,0.420,-0.054,0.315,-0.090,0.030,5337.920
103.120,233.780,1000.456,147.100,-0.950,-0.036,0.254,-0.200,-0.150,5338.740
103.140,233.483,999.584,148.700,-0.310,-0.054,0.251,-0.010,0.150,5339.570
103.160,233.189,998.720,147.230,-1.040,0.012,-0.055,-0.440,-0.260,5340.390
103.180,232.892,997.846,149.150,-0.610,0.021,0.267,-0.180,-0.160,5341.210
103.200,232.591,996.962,150.970,0.090,0.034,0.249,0.640,0.140,5342.050
103.220,232.284,996.064,153.710,-0.460,-0.038,0.250,-0.800,0.440,5342.910
103.240,231.988,995.192,148.790,-0.880,0.025,-0.049,-0.770,0.220,5343.730
103.260,231.680,994.290,154.390,1.140,0.006,0.246,0.420,0.370,5344.590
103.280,231.373,993.392,153.780,-0.120,-0.003,-0.068,-0.180,-0.090,5345.450
103.300,231.066,992.490,154.500,-0.530,-0.062,0.263,-0.960,-0.190,5346.300
103.320,230.757,991.585,155.110,-1.080,0.008,0.241,-0.030,-0.580,5347.170
103.340,230.445,990.672,156.470,-1.870,0.009,0.268,-0.100,0.020,5348.030
103.360,230.129,989.748,158.830,-0.220,0.005,0.253,-0.220,0.110,5348.920
103.380,229.814,988.827,157.980,-1.380,0.020,-0.062,0.340,-0.090,5349.790
103.400,229.492,987.885,162.160,0.710,0.035,0.297,-0.670,-0.230,5350.700
103.420,229.170,986.947,161.490,0.030,-0.055,-0.053,0.010,0.370,5351.590
103.440,228.849,986.007,161.740,1.560,-0.011,0.269,-0.110,0.190,5352.490
103.460,228.526,985.065,162.080,0.220,0.026,0.229,0.020,0.390,5353.390
103.480,228.198,984.108,165.000,-0.730,-0.013,0.189,-0.870,-0.290,5354.310
103.500,227.868,983.146,166.100,-1.880,0.048,0.233,-0.260,-0.210,5355.230
103.520,227.543,982.198,163.240,0.810,0.005,-0.114,0.010,0.360,5356.140
103.540,227.215,981.242,164.820,-1.300,-0.098,0.243,0.270,-0.010,5357.050
103.560,226.882,980.271,167.710,-0.410,0.042,0.294,0.920,-0.170,5357.990
103.580,226.546,979.294,169.050,1.670,-0.006,0.223,0.400,-0.150,5358.920
103.600,226.212,978.321,168.080,0.610,-0.088,-0.113,0.230,-0.000,5359.860
103.620,225.878,977.347,168.300,0.390,-0.013,0.295,0.640,0.300,5360.790
103.640,225.539,976.362,170.420,0.940,-0.063,0.236,-0.150,-0.050,5361.740
103.660,225.195,975.361,173.400,0.910,0.038,0.250,0.780,0.240,5362.700
103.680,224.853,974.367,172.130,1.580,-0.002,-0.026,0.560,0.140,5363.660
103.700,224.513,973.379,171.060,-0.600,-0.046,-0.034,-0.220,-0.260,5364.610
103.720,224.168,972.375,174.010,-0.380,0.041,0.273,0.960,-0.260,5365.580
103.740,223.819,971.361,175.900,-0.920,0.023,0.277,0.220,-0.140,5366.550
103.760,223.470,970.350,175.460,-0.030,-0.012,-0.102,1.100,-0.400,5367.530
103.780,223.116,969.323,178.390,-0.130,-0.062,0.208,0.150,-0.150,5368.520
103.800,222.762,968.295,178.690,-1.750,-0.042,0.285,-0.280,0.450,5369.510
103.820,222.408,967.270,178.180,-0.650,-0.043,-0.073,-0.380,-0.010,5370.500
103.840,222.053,966.239,179.220,1.440,0.037,0.230,-0.180,-0.230,5371.500
103.860,221.701,965.218,177.280,0.240,-0.084,-0.088,-0.290,0.570,5372.480
103.880,221.339,964.169,182.750,0.720,-0.002,0.238,0.640,-0.280,5373.500
103.900,220.979,963.127,181.320,-0.120,-0.013,-0.060,-0.010,-0.290,5374.510
103.920,220.618,962.081,182.100,-1.890,0.052,0.222,-0.810,0.370,5375.520
103.940,220.256,961.032,182.760,-0.130,0.012,0.218,0.110,0.200,5376.530
103.960,219.889,959.970,185.160,1.040,0.027,0.260,0.060,-0.040,5377.560
103.980,219.525,958.916,183.670,-1.190,-0.026,-0.074,-0.230,0.250,5378.580
104.000,219.159,957.856,184.770,0.750,-0.062,0.232,0.130,0.090,5379.610
104.020,218.788,956.784,187.050,-1.700,-0.016,0.184,-0.020,-0.360,5380.650
104.040,218.417,955.712,187.080,0.020,0.039,0.308,0.320,-0.720,5381.690
104.060,218.042,954.628,189.410,0.540,0.039,0.278,0.290,-0.170,5382.740
104.080,217.668,953.547,188.900,-0.310,-0.022,-0.065,0.180,0.330,5383.790
104.100,217.286,952.444,193.070,2.470,-0.043,0.223,-0.650,-0.130,5384.860
104.120,216.904,951.343,192.600,-0.490,-0.053,-0.050,1.060,0.140,5385.930
104.140,216.521,950.238,193.470,-0.580,-0.007,0.250,-0.780,0.060,5387.010
104.160,216.140,949.139,192.420,0.200,0.007,-0.088,-0.060,-0.510,5388.080
104.180,215.749,948.011,197.830,-0.750,0.074,0.173,-0.550,-0.120,5389.170
104.200,215.364,946.900,194.440,-1.440,0.006,-0.066,0.200,0.110,5390.250
104.220,214.978,945.788,194.920,-1.100,0.031,0.203,0.070,-0.240,5391.340
104.240,214.587,944.659,197.930,0.760,-0.039,0.255,-0.080,-0.110,5392.440
104.260,214.195,943.530,198.050,-0.300,0.002,0.255,0.760,0.120,5393.540
104.280,213.804,942.405,197.420,1.700,0.007,-0.079,0.550,0.020,5394.630
104.300,213.403,941.251,202.830,-0.440,-0.007,0.234,-0.160,0.310,5395.760
104.320,213.004,940.102,201.880,0.710,-0.001,0.003,0.400,0.120,5396.880
104.340,212.606,938.956,201.310,0.510,0.006,-0.027,0.780,-0.290,5398.000
104.360,212.199,937.786,205.790,-0.460,0.024,0.236,0.550,-0.140,5399.140
104.380,211.795,936.625,204.290,-0.880,0.058,0.019,-0.070,0.010,5400.280
104.400,211.392,935.465,203.940,-1.730,-0.113,-0.086,-0.800,0.400,5401.410
104.420,210.980,934.283,208.270,0.550,0.056,0.226,0.160,-0.140,5402.570
104.440,210.572,933.109,206.720,1.200,-0.086,-0.053,0.330,-0.520,5403.720
104.460,210.162,931.930,207.540,-1.590,0.015,0.204,-0.380,0.130,5404.870
104.480,209.753,930.755,206.920,-0.370,0.118,0.004,0.010,-0.230,5406.020
104.500,209.341,929.572,208.460,-0.670,-0.002,0.255,-0.040,-0.390,5407.180
104.520,208.929,928.388,208.660,0.550,0.009,0.226,0.690,0.010,5408.340
104.540,208.509,927.184,212.320,-0.330,-0.016,0.263,0.930,0.290,5409.520
104.560,208.097,926.000,208.630,1.320,0.033,-0.046,0.590,-0.170,5410.680
104.580,207.674,924.788,213.980,-0.380,0.018,0.241,-0.040,0.150,5411.860
104.600,207.257,923.589,211.500,-1.240,-0.034,-0.086,0.570,0.200,5413.040
104.620,206.835,922.379,213.620,-0.470,-0.006,0.207,0.320,0.240,5414.230
104.640,206.412,921.166,214.150,-0.360,-0.056,0.316,-0.040,-0.220,5415.420
104.660,205.988,919.950,214.700,0.530,-0.006,0.209,1.050,-0.340,5416.610
104.680,205.559,918.720,217.400,-0.370,-0.021,0.301,-0.370,-0.300,5417.820
104.700,205.130,917.491,217.240,0.440,0.007,-0.075,0.300,0.240,5419.020
104.720,204.701,916.263,217.130,-0.790,-0.035,-0.026,0.420,0.200,5420.230
104.740,204.268,915.024,219.250,-0.290,-0.011,0.264,-0.140,-0.290,5421.450
104.760,203.837,913.786,218.860,-0.790,0.000,-0.030,0.280,0.640,5422.660
104.780,203.402,912.543,219.980,-0.850,0.004,0.272,0.470,-0.320,5423.890
104.800,202.969,911.302,219.430,1.270,0.014,-0.098,0.120,0.300,5425.110
104.820,202.531,910.049,221.890,-0.720,-0.009,0.230,0.240,0.460,5426.340
104.840,202.089,908.784,224.190,-0.350,-0.039,0.209,0.050,0.030,5427.580
104.860,201.647,907.518,224.390,1.040,0.004,0.256,0.400,-0.230,5428.830
104.880,201.197,906.233,227.940,0.750,-0.009,0.210,-0.110,-0.220,5430.100
104.900,200.744,904.937,230.030,1.640,0.051,0.191,-0.160,-0.080,5431.370
104.920,200.297,903.661,226.300,0.480,0.058,-0.057,0.010,0.320,5432.630
104.940,199.850,902.383,226.630,-0.600,-0.069,0.184,0.590,-0.360,5433.890
104.960,199.396,901.086,230.460,2.060,0.031,0.258,-0.870,-0.550,5435.170
104.980,198.942,899.789,230.150,0.580,0.041,-0.088,-0.450,0.110,5436.450
105.000,198.484,898.482,232.240,-0.150,-0.067,0.225,1.140,0.170,5437.740
105.020,198.027,897.176,232.020,0.060,0.029,-0.118,0.140,0.590,5439.030
105.040,197.570,895.870,232.010,0.180,0.045,-0.000,-0.200,-0.410,5440.320
105.060,197.111,894.560,232.910,-0.240,-0.047,0.206,0.400,-0.040,5441.610
105.080,196.648,893.240,234.730,-1.380,-0.012,0.239,-0.390,0.350,5442.920
105.100,196.186,891.920,234.650,1.630,0.009,-0.104,-1.050,0.040,5444.220
105.120,195.717,890.584,237.680,-0.020,0.029,0.225,0.180,-0.060,5445.540
105.140,195.255,889.264,234.780,0.180,-0.049,0.003,-0.370,0.240,5446.840
105.160,194.783,887.919,239.440,2.080,0.058,0.259,0.050,-0.180,5448.170
105.180,194.318,886.594,235.700,-0.680,-0.101,-0.072,0.160,0.260,5449.480
105.200,193.846,885.249,239.610,0.660,0.066,0.249,0.070,-0.380,5450.810
105.220,193.374,883.902,239.780,-0.790,0.028,0.233,-0.850,-0.460,5452.150
105.240,192.904,882.560,238.890,0.320,-0.031,-0.053,0.010,-0.080,5453.470
105.260,192.433,881.218,238.960,0.200,0.043,0.272,0.220,-0.770,5454.800
105.280,191.958,879.864,241.290,0.790,-0.052,0.240,-0.700,0.030,5456.140
105.300,191.477,878.496,243.890,1.210,0.006,0.257,-0.760,-0.520,5457.500
105.320,190.997,877.129,243.800,-0.580,0.012,-0.043,-0.530,0.080,5458.850
105.340,190.517,875.760,244.030,1.420,0.012,0.240,0.370,0.060,5460.210
105.360,190.027,874.368,248.510,1.490,-0.042,0.228,-1.000,-0.020,5461.590
105.380,189.544,872.992,245.520,-0.250,-0.025,-0.066,0.410,0.130,5462.950
105.400,189.053,871.596,249.270,-0.010,0.006,0.271,0.200,0.060,5464.340
105.420,188.566,870.208,247.800,-0.490,-0.036,-0.027,-0.130,-0.090,5465.710
105.440,188.077,868.817,248.340,-0.310,0.014,0.216,-0.740,0.550,5467.090
105.460,187.585,867.417,250.000,-1.200,-0.031,0.242,-0.400,0.120,5468.480
105.480,187.087,866.003,252.720,0.780,0.050,0.227,0.390,0.230,5469.890
105.500,186.594,864.601,250.620,-2.050,0.078,-0.026,0.630,0.320,5471.280
105.520,186.094,863.180,254.000,-0.700,-0.015,0.236,-0.520,0.200,5472.690
105.540,185.597,861.765,253.010,-0.050,0.046,0.016,0.570,0.620,5474.100
105.560,185.096,860.343,254.170,1.300,-0.011,0.257,0.340,0.050,5475.510
105.580,184.591,858.908,256.820,-0.550,-0.047,0.285,-0.000,-0.000,5476.930
105.600,184.079,857.454,260.370,0.430,-0.021,0.220,-0.370,-0.190,5478.380
105.620,183.574,856.020,256.630,-0.080,0.004,-0.050,-0.290,-0.080,5479.810
105.640,183.063,854.569,259.960,0.950,-0.089,0.268,0.910,-0.220,5481.250
105.660,182.553,853.121,259.300,0.380,0.031,-0.081,0.090,0.200,5482.690
105.680,182.042,851.669,259.940,0.830,0.004,0.251,0.660,-0.270,5484.130
105.700,181.525,850.201,263.140,-0.550,0.050,0.282,0.120,0.020,5485.600
105.720,181.011,848.743,261.160,-1.010,0.030,-0.060,-0.230,0.170,5487.050
105.740,180.497,847.283,261.580,0.370,0.006,0.224,0.290,0.050,5488.500
105.760,179.976,845.806,264.890,-0.490,-0.018,0.304,1.080,-0.270,5489.970
105.780,179.450,844.315,267.470,0.030,0.076,0.215,-0.320,0.210,5491.460
105.800,178.925,842.827,267.090,0.320,0.108,-0.045,0.460,-0.030,5492.940
105.820,178.405,841.350,264.740,1.240,-0.017,-0.071,0.100,-0.860,5494.410
105.840,177.880,839.863,266.820,0.790,0.052,0.222,-0.720,-0.300,5495.900
105.860,177.349,838.359,270.090,-0.680,-0.035,0.272,-0.740,0.420,5497.400
105.880,176.815,836.845,271.880,-1.150,-0.029,0.244,-0.230,0.450,5498.910
105.900,176.283,835.337,270.740,1.710,-0.019,-0.038,0.170,0.160,5500.410
105.920,175.752,833.831,270.410,-1.580,0.034,-0.118,0.440,0.240,5501.910
105.940,175.212,832.303,274.640,-0.450,-0.054,0.265,-0.790,-0.230,5503.440
105.960,174.676,830.784,272.940,0.650,0.077,-0.072,0.330,-0.080,5504.950
105.980,174.139,829.264,273.030,1.640,0.047,0.194,-0.060,0.370,5506.470
106.000,173.602,827.741,273.660,-0.190,0.033,0.307,0.000,0.130,5507.990
106.020,173.063,826.217,273.920,0.030,-0.015,0.268,0.290,0.020,5509.510
106.040,172.512,824.657,280.850,-0.880,0.041,0.257,0.870,-0.060,5511.070
106.060,171.963,823.103,279.610,0.130,-0.146,-0.013,0.150,0.350,5512.630
106.080,171.418,821.561,277.380,-1.150,0.022,-0.043,-0.680,0.340,5514.170
106.100,170.864,819.995,281.850,-0.750,0.008,0.226,-0.090,0.190,5515.730
106.120,170.313,818.434,280.940,0.760,-0.094,-0.055,0.430,0.020,5517.300
106.140,169.759,816.869,281.740,-0.430,0.020,0.230,0.440,-0.110,5518.860
106.160,169.208,815.309,280.830,0.920,0.030,-0.065,0.330,0.210,5520.420
106.180,168.654,813.742,282.030,-0.150,-0.093,0.212,-0.260,-0.330,5521.990
106.200,168.097,812.167,283.620,-1.370,-0.059,0.221,-0.680,-0.270,5523.560
106.220,167.544,810.603,281.620,1.170,0.103,-0.023,0.290,-0.440,5525.130
106.240,166.985,809.022,284.720,-1.320,-0.009,0.260,-0.610,0.370,5526.710
106.260,166.423,807.433,286.350,-0.600,0.049,0.235,0.350,-0.220,5528.300
106.280,165.855,805.830,289.190,-0.200,0.056,0.219,0.350,0.120,5529.910
106.300,165.291,804.236,287.190,1.010,0.020,-0.062,-0.230,-0.040,5531.500
106.320,164.722,802.627,290.220,-0.530,0.051,0.199,-0.060,0.870,5533.110
106.340,164.159,801.036,286.790,-0.930,-0.106,-0.046,0.100,0.130,5534.710
106.360,163.585,799.414,292.520,0.160,-0.012,0.278,-0.310,-0.560,5536.330
106.380,163.015,797.805,290.300,-0.210,-0.154,0.021,-0.690,0.350,5537.950
106.400,162.440,796.183,292.740,-0.470,-0.087,0.217,-0.020,-0.120,5539.570
106.420,161.863,794.553,294.040,0.220,-0.027,0.277,0.030,-0.060,5541.210
106.440,161.285,792.921,294.630,-1.200,-0.033,0.229,0.680,-0.200,5542.840
106.460,160.706,791.287,295.040,-1.720,0.002,0.216,-0.390,0.060,5544.480
106.480,160.129,789.657,294.220,2.140,-0.001,-0.084,0.530,0.050,5546.120
106.500,159.549,788.019,295.640,0.100,0.007,0.254,-0.570,-0.190,5547.760
106.520,158.962,786.363,299.350,0.170,0.009,0.222,-0.670,-0.150,5549.420
106.540,158.377,784.714,297.840,-0.780,0.017,-0.068,-0.150,0.030,5551.080
106.560,157.790,783.056,299.470,0.900,-0.048,0.237,-0.470,-0.700,5552.740
106.580,157.205,781.405,298.270,-0.530,-0.036,-0.072,-0.680,-0.430,5554.400
106.600,156.611,779.731,302.690,-2.790,-0.002,0.226,0.970,0.500,5556.080
106.620,156.022,778.069,300.300,-0.570,-0.001,-0.123,-0.230,0.100,5557.750
106.640,155.425,776.385,304.540,-0.280,-0.054,0.253,1.160,-0.160,5559.440
106.660,154.832,774.712,302.460,-0.170,0.054,-0.048,-0.500,-0.510,5561.120
106.680,154.231,773.019,306.460,-0.200,0.036,0.226,-0.850,-0.020,5562.820
106.700,153.631,771.328,305.840,-0.640,-0.043,-0.039,0.650,0.300,5564.520
106.720,153.031,769.637,305.870,-0.740,-0.010,0.292,-0.360,0.790,5566.220
106.740,152.423,767.925,310.000,-0.300,0.100,0.251,0.070,0.570,5567.940
106.760,151.819,766.221,308.380,-1.650,0.008,-0.010,-0.680,-0.270,5569.660
106.780,151.213,764.515,308.830,-1.960,0.020,0.317,-0.020,-0.150,5571.370
106.800,150.602,762.794,311.620,0.100,-0.030,0.326,-0.690,-0.440,5573.100
106.820,149.996,761.088,308.920,0.110,-0.016,-0.086,-0.040,-0.250,5574.820
106.840,149.392,759.385,308.240,0.880,0.076,-0.085,-0.240,-0.060,5576.530
106.860,148.775,757.648,314.650,-0.260,0.006,0.237,0.120,-0.110,5578.280
106.880,148.163,755.923,312.540,-1.190,-0.004,-0.046,0.310,0.620,5580.020
106.900,147.543,754.179,315.980,-1.940,0.000,0.298,0.120,-0.390,5581.770
106.920,146.925,752.438,315.640,-0.890,0.127,-0.031,0.230,-0.010,5583.520
106.940,146.308,750.701,314.710,0.420,0.002,-0.086,-0.050,-0.620,5585.270
106.960,145.684,748.946,318.250,1.440,-0.042,0.232,-0.220,0.100,5587.040
106.980,145.062,747.194,317.610,0.050,-0.033,-0.051,0.240,-0.400,5588.810
107.000,144.439,745.442,317.500,-1.210,0.039,-0.095,-0.060,0.330,5590.570
107.020,143.815,743.686,318.420,-0.880,-0.071,0.250,-0.040,-0.090,5592.340
107.040,143.117,741.947,20.000,-0.260,-0.206,0.058,0.050,0.290,5592.450
107.060,142.350,740.238,20.000,2.330,-0.205,-0.069,-0.580,0.250,5592.560
107.080,141.515,738.563,20.230,1.550,-0.159,0.077,-1.500,2.230,5592.670
107.100,140.613,736.924,21.530,3.650,-0.134,0.624,-2.620,3.930,5592.790
107.120,139.648,735.324,23.410,-3.350,-0.142,1.300,-3.990,6.240,5592.920
107.140,138.619,733.766,25.480,-3.270,-0.129,1.836,-5.760,6.290,5593.070
107.160,137.530,732.253,28.140,1.260,-0.162,2.357,-7.240,9.570,5593.220
107.180,136.381,730.786,30.500,1.560,-0.100,2.634,-8.960,11.660,5593.390
107.200,135.175,729.370,32.680,-1.730,-0.099,2.694,-10.610,9.550,5593.570
107.220,133.915,728.005,35.700,-11.270,-0.121,3.233,-12.170,10.950,5593.770
107.240,132.602,726.694,38.860,-4.470,-0.160,3.728,-13.980,15.210,5593.990
107.260,131.239,725.439,41.910,-3.030,-0.215,3.897,-15.510,17.140,5594.220
107.280,129.827,724.243,44.330,-6.290,-0.279,3.710,-17.270,16.710,5594.470
107.300,128.371,723.108,46.900,-4.950,-0.315,3.701,-18.740,13.020,5594.730
107.320,126.872,722.034,49.670,-2.460,-0.369,3.711,-20.520,13.310,5595.000
107.340,125.333,721.025,52.010,-4.380,-0.419,3.601,-22.100,11.900,5595.290
107.360,123.756,720.081,54.420,-6.650,-0.482,3.569,-23.780,13.630,5595.590
107.380,122.145,719.205,56.530,-9.520,-0.506,3.398,-25.670,11.290,5595.910
107.400,120.502,718.397,58.460,-11.560,-0.547,3.254,-27.580,11.690,5596.230
107.420,118.831,717.659,60.330,-10.270,-0.570,3.086,-29.270,12.990,5596.570
107.440,117.134,716.991,62.430,-13.010,-0.601,3.042,-31.040,12.430,5596.920
107.460,115.414,716.396,64.090,-14.200,-0.638,2.752,-32.560,8.190,5597.270
107.480,113.675,715.874,65.790,-18.730,-0.628,2.633,-34.340,12.830,5597.640
107.500,111.920,715.426,67.040,-18.380,-0.665,2.362,-36.110,7.970,5598.010
107.520,110.151,715.051,68.200,-16.790,-0.742,2.197,-37.980,7.730,5598.390
107.540,108.372,714.752,68.910,-21.690,-0.770,1.709,-39.020,5.660,5598.770
107.560,106.586,714.528,69.140,-19.960,-0.802,1.378,-39.950,5.440,5599.150
107.580,104.796,714.379,68.840,-20.440,-0.850,0.923,-40.450,3.590,5599.540
107.600,103.005,714.306,68.950,-20.930,-0.889,0.673,-40.830,2.830,5599.920
107.620,101.217,714.308,68.160,-21.180,-0.875,0.086,-41.290,-1.640,5600.300
107.640,99.435,714.385,66.850,-21.240,-0.852,-0.521,-41.480,3.720,5600.670
107.660,97.662,714.538,66.030,-23.850,-0.864,-0.636,-41.800,4.300,5601.040
107.680,95.901,714.765,64.870,-25.550,-0.826,-0.954,-42.200,8.360,5601.400
107.700,94.156,715.065,64.110,-24.300,-0.806,-1.020,-42.210,5.910,5601.750
107.720,92.429,715.440,63.180,-21.000,-0.768,-1.132,-42.550,4.750,5602.100
107.740,90.723,715.886,62.010,-24.700,-0.734,-1.260,-42.680,4.080,5602.450
107.760,89.042,716.404,60.700,-24.150,-0.726,-1.460,-42.840,6.420,5602.790
107.780,87.388,716.992,59.630,-23.910,-0.678,-1.416,-43.010,6.990,5603.120
107.800,85.766,717.649,58.380,-25.230,-0.691,-1.482,-43.200,5.810,5603.440
107.820,84.176,718.374,57.430,-23.580,-0.625,-1.574,-43.530,6.850,5603.760
107.840,82.623,719.165,56.380,-18.990,-0.635,-1.564,-43.520,9.590,5604.070
107.860,81.108,720.021,55.780,-22.180,-0.623,-1.219,-43.660,4.940,5604.380
107.880,79.636,720.940,54.360,-23.940,-0.617,-1.505,-43.870,3.670,5604.690
107.900,78.208,721.919,53.020,-21.160,-0.602,-1.694,-44.270,8.440,5604.980
107.920,76.827,722.958,51.760,-18.810,-0.518,-1.616,-44.560,7.160,5605.270
107.940,75.495,724.054,50.530,-23.140,-0.518,-1.675,-44.640,4.330,5605.550
107.960,74.215,725.205,49.540,-17.270,-0.486,-1.475,-45.040,6.780,5605.820
107.980,72.989,726.409,48.250,-21.710,-0.478,-1.690,-45.120,5.370,5606.090
108.000,71.819,727.663,47.430,-19.320,-0.445,-1.453,-45.420,6.640,5606.360
108.020,70.708,728.965,46.250,-19.030,-0.445,-1.653,-45.630,9.540,5606.610
108.040,69.657,730.312,45.150,-19.010,-0.424,-1.480,-45.830,5.760,5606.860
108.060,68.668,731.703,45.670,-17.770,-0.403,-0.816,-45.080,5.290,5607.120
108.080,67.743,733.133,47.040,-15.900,-0.420,0.066,-43.790,-0.770,5607.380
108.100,66.883,734.601,47.450,-17.290,-0.366,0.222,-42.310,-0.770,5607.640
108.120,66.091,736.103,46.790,-17.980,-0.363,-0.177,-40.620,4.370,5607.900
108.140,65.367,737.638,45.500,-15.210,-0.374,-0.739,-38.820,3.790,5608.160
108.160,64.713,739.201,44.910,-14.980,-0.389,-0.757,-36.880,4.380,5608.400
108.180,64.130,740.789,45.550,-16.060,-0.387,-0.335,-34.910,3.670,5608.660
108.200,63.619,742.401,47.940,-14.180,-0.422,0.798,-33.250,2.850,5608.920
108.220,63.180,744.032,50.540,-15.380,-0.401,1.728,-31.050,8.090,5609.200
108.240,62.816,745.680,52.230,-15.190,-0.420,1.906,-28.910,8.520,5609.500
108.260,62.525,747.342,52.620,-11.330,-0.446,1.491,-26.910,4.170,5609.790
108.280,62.310,749.014,52.110,-11.400,-0.441,0.787,-25.060,5.910,5610.080
108.300,62.170,750.692,51.620,-10.000,-0.470,0.270,-22.890,3.840,5610.360
108.320,62.105,752.375,52.000,-9.480,-0.502,0.437,-20.750,0.610,5610.650
108.340,62.115,754.059,53.600,-11.790,-0.514,1.000,-18.700,4.830,5610.950
108.360,62.201,755.740,56.230,-7.320,-0.531,1.741,-16.580,6.810,5611.260
108.380,62.363,757.415,58.600,-9.210,-0.548,2.236,-14.380,11.050,5611.590
108.400,62.599,759.082,59.580,-5.960,-0.607,2.097,-12.070,6.440,5611.920
108.420,62.910,760.736,59.660,-7.210,-0.631,1.507,-10.080,11.940,5612.250
108.440,63.295,762.376,59.110,-5.430,-0.699,0.681,-8.050,3.520,5612.580
108.460,63.753,763.997,59.730,-4.460,-0.715,0.798,-6.120,5.330,5612.910
108.480,64.283,765.596,61.110,-2.600,-0.697,1.235,-4.100,7.800,5613.250
108.500,64.376,765.821,60.810,-0.350,0.033,-0.028,-0.120,0.210,5613.590
108.520,64.469,766.047,61.080,0.100,-0.051,0.251,0.160,-0.210,5613.930
108.540,64.561,766.271,60.650,-1.230,-0.022,-0.084,0.000,-0.500,5614.260
108.560,64.653,766.493,60.220,-0.100,0.017,-0.092,0.270,-0.440,5614.600
108.580,64.748,766.724,62.100,-0.750,-0.008,0.228,0.020,-0.150,5614.940
108.600,64.842,766.954,61.640,-0.160,-0.040,-0.020,-0.320,-0.480,5615.290
108.620,64.935,767.180,61.220,-0.230,-0.015,-0.108,-0.460,0.470,5615.630
108.640,65.029,767.409,61.460,-0.310,-0.001,0.260,0.110,-0.020,5615.970
108.660,65.126,767.646,63.150,2.110,-0.054,0.257,0.640,0.280,5616.320
108.680,65.219,767.873,61.230,1.770,0.049,-0.100,-0.110,0.240,5616.660
108.700,65.314,768.105,62.200,1.420,-0.022,0.226,-0.350,0.000,5617.000
108.720,65.412,768.347,64.070,1.800,-0.004,0.226,-0.130,1.060,5617.360
108.740,65.509,768.584,63.240,1.420,0.052,-0.048,-0.280,0.880,5617.710
108.760,65.603,768.812,61.440,-0.020,-0.006,-0.006,-0.330,0.420,5618.050
108.780,65.699,769.049,63.120,-0.120,0.049,0.282,-0.720,-0.270,5618.400
108.800,65.797,769.291,63.960,0.240,-0.051,0.239,-0.120,0.430,5618.760
108.820,65.897,769.537,64.940,-0.210,0.022,0.225,0.120,-0.520,5619.120
108.840,65.993,769.771,62.470,-1.040,0.042,-0.097,-0.540,0.420,5619.470
108.860,66.089,770.007,62.910,0.300,-0.041,0.239,-0.440,-0.770,5619.820
108.880,66.185,770.242,62.850,-1.570,-0.009,-0.077,-0.470,-0.100,5620.170
108.900,66.281,770.479,63.070,0.140,-0.008,0.249,-0.690,0.360,5620.520
108.920,66.381,770.725,64.790,-0.990,0.010,0.250,-0.480,0.120,5620.880
108.940,66.481,770.973,65.230,-0.080,0.024,0.236,-0.100,-0.440,5621.240
108.960,66.582,771.225,66.060,0.190,-0.046,0.236,-0.670,0.050,5621.610
108.980,66.681,771.470,64.490,-0.350,-0.003,-0.071,-0.070,0.120,5621.960
109.000,66.777,771.704,62.670,-1.640,0.080,-0.065,-0.350,0.060,5622.310
109.020,66.878,771.956,65.920,-1.190,0.053,0.293,-0.460,-0.120,5622.680
109.040,66.979,772.204,65.310,0.460,0.040,-0.034,0.190,0.260,5623.040
109.060,67.079,772.453,65.300,-0.560,-0.010,-0.034,-0.320,0.340,5623.400
109.080,67.176,772.692,63.430,0.560,0.106,-0.020,-0.240,-0.050,5623.760
109.100,67.276,772.940,65.210,0.010,0.051,0.278,0.650,0.460,5624.120
109.120,67.374,773.181,63.860,-0.200,0.002,-0.007,-0.460,-0.050,5624.470
109.140,67.476,773.435,66.520,0.350,0.011,0.268,0.780,-0.150,5624.840
109.160,67.577,773.684,65.300,-0.670,-0.023,-0.044,-0.170,0.410,5625.210
109.180,67.677,773.933,65.310,0.400,0.020,0.232,-0.570,0.400,5625.570
109.200,67.775,774.174,63.930,-0.420,0.030,-0.075,-0.280,-0.190,5625.920
109.220,67.880,774.436,67.930,2.540,0.035,0.276,0.030,-0.230,5626.300
109.240,67.981,774.689,66.140,-1.130,-0.009,-0.053,0.630,0.530,5626.670
109.260,68.084,774.946,66.810,-0.360,-0.074,0.209,0.400,-0.030,5627.040
109.280,68.185,775.196,65.720,-0.320,0.012,-0.113,0.030,0.000,5627.400
109.300,68.284,775.441,64.500,-1.350,0.035,0.014,0.630,-0.080,5627.760
109.320,68.386,775.695,66.320,0.730,-0.049,0.220,-0.940,0.400,5628.130
109.340,68.488,775.951,66.710,-0.430,-0.005,0.229,0.120,0.640,5628.500
109.360,68.593,776.213,67.850,-2.380,0.067,0.287,0.150,0.020,5628.880
109.380,68.696,776.470,67.030,0.700,-0.060,-0.086,0.160,0.730,5629.250
109.400,68.799,776.726,66.630,-0.640,-0.014,-0.034,-0.810,-0.170,5629.620
109.420,68.899,776.976,65.600,-0.100,0.074,0.005,-0.510,-0.080,5629.990
109.440,69.004,777.239,68.070,0.680,0.008,0.313,-0.080,0.200,5630.360
109.460,69.107,777.496,66.950,-0.360,-0.026,-0.063,0.560,-0.250,5630.740
109.480,69.216,777.771,70.270,-0.370,-0.000,0.250,0.960,0.200,5631.130
109.500,69.322,778.037,68.660,2.460,0.041,-0.062,-0.330,-0.160,5631.510
109.520,69.429,778.308,69.430,-2.150,-0.010,0.249,-0.650,-0.460,5631.890
109.540,69.535,778.572,68.360,-1.290,0.030,-0.011,0.410,-0.520,5632.270
109.560,69.641,778.841,69.180,-1.090,0.012,0.208,1.310,-0.100,5632.660
109.580,69.746,779.103,67.690,1.790,0.016,-0.031,0.550,0.130,5633.030
109.600,69.849,779.362,67.400,-0.640,0.033,-0.056,-0.370,-0.410,5633.410
109.620,69.957,779.632,69.340,0.240,-0.015,0.291,1.430,0.050,5633.790
109.640,70.065,779.907,70.320,-0.470,-0.047,0.289,0.340,0.050,5634.180
109.660,70.168,780.163,66.690,0.600,0.024,-0.062,-0.400,-0.050,5634.550
109.680,70.274,780.431,69.010,-0.010,-0.007,0.247,0.970,-0.280,5634.940
109.700,70.387,780.719,72.670,0.250,-0.022,0.277,-0.430,0.070,5635.340
109.720,70.496,780.996,70.770,1.290,0.026,-0.021,-0.310,-0.040,5635.730
109.740,70.609,781.283,72.500,0.440,0.064,0.176,0.360,0.290,5636.140
109.760,70.716,781.553,69.390,-0.740,-0.008,-0.023,-0.010,-0.390,5636.520
109.780,70.824,781.825,69.800,0.310,0.000,0.299,0.020,0.030,5636.910
109.800,70.936,782.110,72.090,2.420,-0.059,0.258,0.020,-0.380,5637.310
109.820,71.047,782.392,71.720,0.560,-0.011,-0.021,0.560,-0.070,5637.710
109.840,71.156,782.670,70.790,0.150,0.011,-0.012,-1.160,-0.330,5638.100
109.860,71.263,782.939,69.180,-1.370,-0.001,-0.043,0.140,-0.280,5638.490
109.880,71.376,783.228,72.960,0.720,-0.018,0.274,-0.150,-0.000,5638.890
109.900,71.493,783.528,75.140,0.870,0.036,0.250,-0.380,-0.170,5639.310
109.920,71.600,783.797,69.160,0.310,0.003,-0.052,-0.380,0.440,5639.690
109.940,71.714,784.091,73.770,0.110,0.129,0.230,-1.320,0.350,5640.100
109.960,71.824,784.370,71.110,2.830,0.010,-0.045,-0.400,0.240,5640.500
109.980,71.935,784.651,71.460,0.860,-0.137,0.307,0.650,0.240,5640.900
110.000,72.047,784.938,72.510,1.240,-0.056,0.223,0.420,0.040,5641.300
110.020,72.156,785.213,70.440,0.070,0.027,-0.031,-0.100,0.390,5641.690
110.040,72.268,785.499,72.340,-0.130,-0.032,0.260,-0.710,-0.090,5642.090
110.060,72.377,785.773,70.130,0.630,-0.029,-0.006,0.410,0.640,5642.480
110.080,72.491,786.064,73.400,-0.130,-0.062,0.300,0.650,-0.280,5642.890
110.100,72.609,786.371,76.190,-0.050,-0.024,0.222,0.520,-0.340,5643.310
110.120,72.721,786.655,72.020,0.460,0.010,-0.067,-0.480,-0.420,5643.710
110.140,72.834,786.943,72.880,-0.510,0.019,0.234,-0.430,-0.370,5644.120
110.160,72.947,787.233,73.100,0.220,-0.051,0.235,0.830,-0.490,5644.520
110.180,73.064,787.532,74.900,0.080,0.040,0.238,-0.600,0.060,5644.940
110.200,73.179,787.828,74.180,0.970,-0.060,-0.040,0.240,0.260,5645.350
110.220,73.296,788.128,75.100,-0.610,0.022,0.224,-0.890,0.010,5645.770
110.240,73.409,788.418,73.100,-2.000,0.017,-0.071,-0.150,-0.420,5646.180
110.260,73.525,788.716,74.660,-0.310,-0.047,0.226,0.290,-0.140,5646.590
110.280,73.632,788.985,69.100,0.400,-0.053,-0.035,-0.010,0.250,5646.970
110.300,73.749,789.286,75.300,0.960,0.019,0.248,0.260,-0.100,5647.390
110.320,73.861,789.573,72.620,-0.690,-0.028,-0.057,-0.610,-0.240,5647.800
110.340,73.977,789.869,74.100,0.540,-0.010,0.225,-0.410,-0.450,5648.210
110.360,74.095,790.173,75.860,1.140,0.034,0.202,0.240,-0.130,5648.630
110.380,74.207,790.460,72.580,0.750,0.024,-0.001,0.350,-0.210,5649.030
110.400,74.327,790.769,76.670,-0.790,-0.046,0.241,0.110,-0.030,5649.460
110.420,74.443,791.069,75.000,-0.680,-0.003,0.031,0.470,0.140,5649.870
110.440,74.564,791.382,77.510,0.440,-0.047,0.273,-0.830,-0.080,5650.310
110.460,74.679,791.677,74.120,1.630,0.043,0.005,-0.230,0.060,5650.720
110.480,74.792,791.966,72.900,0.010,0.077,-0.020,0.910,0.140,5651.120
110.500,74.910,792.269,75.720,-0.170,-0.042,0.255,0.640,-0.370,5651.540
110.520,75.030,792.579,76.800,-1.370,-0.002,0.232,0.320,0.570,5651.970
110.540,75.150,792.889,77.070,-0.360,0.046,0.221,-0.080,-0.220,5652.400
110.560,75.265,793.187,74.500,-0.720,0.001,-0.016,0.520,0.150,5652.810
110.580,75.380,793.481,73.920,0.030,0.028,-0.042,0.210,-0.340,5653.220
110.600,75.499,793.786,76.030,-1.510,0.003,0.268,-0.760,0.030,5653.640
110.620,75.619,794.099,77.420,-0.330,-0.053,0.274,0.500,0.040,5654.070
110.640,75.740,794.412,77.490,-1.010,0.006,0.261,-0.430,0.500,5654.510
110.660,75.864,794.734,79.300,0.940,0.056,0.236,0.380,-0.070,5654.950
110.680,75.983,795.042,76.530,-0.860,0.016,-0.020,-0.810,0.390,5655.370
110.700,76.099,795.339,74.470,-0.570,0.081,-0.056,0.800,0.090,5655.780
110.720,76.222,795.661,79.180,0.280,-0.089,0.253,-0.140,0.560,5656.220
110.740,76.344,795.976,77.820,-0.450,0.019,-0.028,-0.550,-0.530,5656.660
110.760,76.466,796.292,78.100,2.360,-0.032,0.248,-0.340,0.140,5657.090
110.780,76.589,796.613,78.970,0.930,-0.044,0.195,-0.170,-0.800,5657.530
110.800,76.714,796.939,79.860,0.020,0.067,0.281,-0.000,-0.020,5657.970
110.820,76.836,797.255,78.080,0.370,-0.013,-0.012,0.660,0.310,5658.410
110.840,76.961,797.581,80.020,-2.360,-0.018,0.195,0.040,0.430,5658.850
110.860,77.084,797.904,79.230,1.230,0.017,-0.081,-1.090,0.220,5659.290
110.880,77.205,798.217,77.570,0.510,-0.108,0.011,-0.610,-0.090,5659.720
110.900,77.328,798.535,78.350,-0.070,0.068,0.257,1.380,0.160,5660.160
110.920,77.452,798.860,79.770,0.570,0.095,0.250,0.070,0.750,5660.600
110.940,77.574,799.175,77.930,0.690,0.046,-0.063,0.480,0.020,5661.030
110.960,77.700,799.504,80.470,-0.420,0.021,0.219,-0.150,0.290,5661.480
110.980,77.824,799.828,79.520,0.380,-0.011,-0.056,-0.500,-0.130,5661.920
111.000,77.949,800.154,80.010,1.050,-0.054,0.279,-0.240,0.320,5662.370
111.020,78.077,800.490,81.740,0.450,0.060,0.250,0.060,0.270,5662.820
111.040,78.202,800.817,80.260,-0.250,0.046,-0.032,-0.230,-0.180,5663.270
111.060,78.327,801.144,79.980,0.300,0.023,0.003,0.960,0.230,5663.710
111.080,78.452,801.469,79.900,1.380,0.017,-0.067,-0.310,0.250,5664.160
111.100,78.577,801.795,79.960,0.780,0.015,0.259,-0.530,0.220,5664.600
111.120,78.703,802.126,80.780,-1.160,-0.026,0.280,0.400,-0.010,5665.050
111.140,78.833,802.465,82.500,0.590,0.125,0.222,0.470,0.370,5665.510
111.160,78.957,802.790,79.690,0.450,-0.014,-0.045,0.010,-0.280,5665.950
111.180,79.082,803.115,79.720,1.160,-0.021,0.306,-0.300,0.000,5666.390
111.200,79.212,803.456,82.830,0.030,0.056,0.240,-0.950,0.030,5666.850
111.220,79.337,803.784,80.200,-0.370,-0.001,-0.018,0.610,0.350,5667.300
111.240,79.464,804.118,81.520,-1.370,-0.001,0.246,0.430,-0.290,5667.750
111.260,79.590,804.447,80.450,-0.690,0.071,0.004,-0.220,0.070,5668.200
111.280,79.714,804.767,78.970,1.210,0.034,-0.099,0.030,-0.150,5668.640
111.300,79.842,805.104,81.930,0.200,0.036,0.252,-0.110,0.030,5669.090
111.320,79.973,805.449,83.450,-0.100,-0.071,0.206,0.810,0.120,5669.560
111.340,80.101,805.785,81.830,1.300,0.020,-0.071,-0.520,-0.380,5670.010
111.360,80.226,806.110,79.850,1.090,-0.050,-0.071,-0.310,0.380,5670.450
111.380,80.355,806.449,82.380,-0.740,-0.023,0.242,-0.360,0.130,5670.910
111.400,80.482,806.782,81.230,1.200,0.009,-0.086,0.160,-0.260,5671.360
111.420,80.604,807.101,78.580,-1.660,-0.002,-0.052,0.030,-0.100,5671.800
111.440,80.734,807.440,82.540,0.460,0.033,0.264,0.100,0.450,5672.260
111.460,80.865,807.786,83.580,0.340,0.039,0.204,-0.440,0.120,5672.720
111.480,80.998,808.137,84.720,1.150,0.042,0.231,0.740,-0.290,5673.190
111.500,81.132,808.494,85.730,0.380,-0.067,0.326,-0.230,-0.240,5673.670
111.520,81.265,808.842,84.220,-0.240,0.118,-0.040,0.590,0.190,5674.140
111.540,81.398,809.194,84.790,-0.170,-0.001,0.195,1.570,0.220,5674.610
111.560,81.525,809.529,81.610,2.690,0.061,-0.092,-0.440,0.110,5675.060
111.580,81.661,809.888,86.120,0.080,-0.126,0.257,0.170,-0.090,5675.540
111.600,81.795,810.244,85.730,0.600,-0.013,-0.047,-0.070,0.240,5676.020
111.620,81.926,810.589,83.430,-2.020,-0.073,-0.068,1.020,-0.090,5676.480
111.640,82.060,810.942,85.150,-0.830,-0.043,0.316,-0.140,-0.260,5676.950
111.660,82.194,811.296,85.140,0.520,0.003,0.029,0.120,0.480,5677.430
111.680,82.330,811.657,86.620,-1.610,-0.017,0.242,0.110,0.150,5677.910
111.700,82.462,812.006,84.340,0.550,0.066,-0.024,-0.050,-0.240,5678.380
111.720,82.593,812.352,83.590,-0.730,0.088,-0.022,0.380,0.040,5678.840
111.740,82.725,812.700,84.120,-1.030,-0.048,0.282,0.050,0.010,5679.310
111.760,82.861,813.060,86.350,-0.730,-0.024,0.231,0.240,-0.100,5679.790
111.780,82.990,813.398,82.270,1.530,-0.052,0.008,0.110,0.070,5680.240
111.800,83.116,813.729,80.800,0.330,0.058,-0.052,-0.300,-0.280,5680.690
111.820,83.253,814.091,86.780,-0.910,0.008,0.263,-0.130,0.260,5681.180
111.840,83.388,814.449,86.000,0.780,0.002,-0.050,0.280,-0.000,5681.650
111.860,83.523,814.806,85.760,0.830,0.016,-0.054,0.280,-0.480,5682.130
111.880,83.654,815.153,83.920,-0.380,-0.016,-0.042,0.620,-0.070,5682.600
111.900,83.785,815.498,83.460,0.960,-0.043,-0.086,0.930,-0.180,5683.060
111.920,83.919,815.852,85.220,1.010,0.003,0.191,-0.260,-0.900,5683.530
111.940,84.056,816.214,86.870,0.850,-0.013,0.244,0.070,-0.050,5684.020
111.960,84.190,816.570,85.590,-0.670,0.017,-0.076,-0.100,0.310,5684.490
111.980,84.328,816.939,87.970,-1.180,-0.082,0.266,-0.550,-0.030,5684.980
112.000,84.462,817.293,85.330,-1.690,0.009,-0.037,0.280,0.210,5685.450
112.020,84.598,817.652,86.130,-0.660,-0.034,0.250,0.390,0.000,5685.930
112.040,84.737,818.021,88.110,-0.370,0.008,0.294,-0.540,-0.140,5686.420
112.060,84.873,818.383,86.640,-0.290,0.045,-0.050,-0.190,-0.220,5686.900
112.080,85.009,818.745,86.860,-0.050,-0.028,0.206,-0.240,-0.380,5687.390
112.100,85.145,819.106,86.530,1.730,0.060,-0.057,-0.750,0.280,5687.870
112.120,85.281,819.466,86.400,-0.340,-0.087,-0.015,-0.020,0.220,5688.350
112.140,85.420,819.837,88.320,-0.050,0.077,0.193,-0.570,-0.080,5688.840
112.160,85.560,820.209,88.660,-1.820,0.062,0.247,0.080,-0.610,5689.330
112.180,85.699,820.580,88.420,2.230,-0.044,-0.033,0.130,0.140,5689.820
112.200,85.836,820.945,87.300,-1.320,-0.044,0.030,0.200,-0.270,5690.310
112.220,85.975,821.314,88.070,-0.710,-0.075,0.286,0.220,0.040,5690.790
112.240,86.119,821.698,90.920,0.700,0.046,0.254,0.770,-0.460,5691.300
112.260,86.255,822.059,86.540,0.250,-0.017,-0.034,-0.400,0.030,5691.780
112.280,86.399,822.447,91.640,1.640,-0.020,0.193,-0.380,-0.040,5692.290
112.300,86.540,822.821,89.110,0.720,-0.056,-0.081,0.330,-0.720,5692.780
112.320,86.680,823.194,88.840,-0.080,0.091,-0.030,-0.070,0.490,5693.280
112.340,86.823,823.577,90.690,1.040,-0.049,0.255,0.560,-0.100,5693.780
112.360,86.958,823.937,86.300,1.160,0.001,-0.041,0.280,-0.080,5694.260
112.380,87.103,824.325,91.620,-0.660,0.011,0.251,0.960,0.160,5694.770
112.400,87.249,824.717,92.480,0.960,-0.020,0.250,-0.050,-0.020,5695.280
112.420,87.393,825.104,91.470,-0.220,-0.030,-0.047,-0.740,0.110,5695.790
112.440,87.530,825.467,86.830,-0.100,-0.018,-0.082,0.170,-0.340,5696.280
112.460,87.674,825.853,91.280,0.140,0.028,0.243,-0.040,-0.040,5696.780
112.480,87.820,826.247,92.750,-0.380,-0.017,0.213,0.270,-0.570,5697.300
112.500,87.967,826.640,92.740,-0.430,0.081,-0.069,0.330,-0.070,5697.810
112.520,88.106,827.011,88.460,0.980,-0.039,-0.014,-0.270,0.430,5698.300
112.540,88.252,827.403,92.250,-1.530,0.038,0.245,-0.500,-0.450,5698.820
112.560,88.400,827.801,93.560,-1.060,-0.088,0.268,-0.070,-0.110,5699.340
112.580,88.543,828.186,91.060,0.670,-0.039,-0.047,-1.190,-0.640,5699.840
112.600,88.684,828.559,88.980,-0.070,-0.041,-0.062,0.040,0.000,5700.340
112.620,88.830,828.952,92.550,0.990,-0.055,0.220,-0.200,0.140,5700.850
112.640,88.977,829.348,93.030,0.360,0.014,0.238,0.430,0.120,5701.370
112.660,89.121,829.734,91.390,-1.330,-0.006,-0.045,-0.990,-0.180,5701.880
112.680,89.263,830.113,89.960,0.060,-0.114,-0.033,0.000,-0.640,5702.380
112.700,89.410,830.510,93.370,0.530,0.100,0.254,0.790,-0.370,5702.890
112.720,89.554,830.894,90.890,0.230,0.009,-0.031,0.340,0.380,5703.400
112.740,89.700,831.288,92.780,-0.470,0.000,0.204,0.490,0.260,5703.910
112.760,89.850,831.692,94.670,-0.270,0.066,0.276,0.170,-0.030,5704.440
112.780,89.992,832.071,89.990,-0.560,0.049,-0.084,-0.830,0.050,5704.940
112.800,90.141,832.472,93.990,-1.330,-0.015,0.280,0.080,-0.310,5705.460
112.820,90.287,832.864,92.460,-1.460,-0.098,-0.035,0.200,0.390,5705.980
112.840,90.433,833.257,92.650,0.390,0.028,0.194,-0.540,-0.220,5706.490
112.860,90.581,833.657,93.840,-0.870,-0.048,0.272,-0.060,0.130,5707.010
112.880,90.727,834.047,92.060,0.580,0.062,-0.020,-1.450,-0.400,5707.520
112.900,90.871,834.435,91.600,-0.600,-0.039,-0.012,-0.170,-0.050,5708.030
112.920,91.015,834.818,90.830,-1.310,-0.023,-0.073,-0.220,0.370,5708.540
112.940,91.166,835.227,95.500,-0.410,-0.067,0.255,0.700,-0.280,5709.070
112.960,91.313,835.623,93.240,2.090,-0.063,-0.029,-0.300,0.220,5709.590
112.980,91.463,836.028,94.800,-0.100,-0.005,0.272,-0.130,-0.320,5710.110
113.000,91.611,836.425,93.370,0.650,-0.010,-0.038,-0.040,-0.270,5710.630
113.020,91.757,836.817,92.500,0.170,-0.024,-0.063,-0.300,-0.000,5711.140
113.040,91.908,837.225,95.360,-1.410,0.103,0.280,0.360,0.290,5711.670
113.060,92.058,837.631,95.020,1.450,0.030,-0.020,-1.000,-0.090,5712.200
113.080,92.207,838.033,94.320,-0.250,0.001,-0.055,0.570,0.190,5712.730
113.100,92.358,838.440,95.280,-1.310,-0.138,0.226,-0.010,0.340,5713.260
113.120,92.506,838.838,93.530,-0.510,0.041,-0.072,0.650,-0.230,5713.780
113.140,92.659,839.253,96.710,-0.210,0.150,0.291,-1.370,-0.460,5714.310
113.160,92.813,839.670,97.200,0.750,-0.009,0.279,-1.220,-0.110,5714.850
113.180,92.966,840.084,96.550,-0.680,-0.041,-0.051,-0.150,0.380,5715.390
113.200,93.116,840.490,95.000,2.620,0.008,-0.056,0.250,-0.240,5715.920
113.220,93.268,840.900,95.790,-0.940,-0.072,0.197,-0.280,0.300,5716.450
113.240,93.424,841.323,98.210,0.610,0.023,0.247,0.290,-0.080,5716.990
113.260,93.579,841.744,97.920,-1.970,0.075,-0.086,0.490,0.530,5717.540
113.280,93.736,842.171,99.140,-0.120,-0.034,0.255,0.330,0.670,5718.090
113.300,93.887,842.578,95.120,0.370,-0.032,-0.014,0.050,0.310,5718.620
113.320,94.037,842.984,95.130,-1.120,-0.004,0.221,0.050,-0.490,5719.150
113.340,94.190,843.399,96.790,1.500,-0.025,0.257,-0.310,-0.720,5719.680
113.360,94.345,843.818,97.340,0.430,-0.076,0.280,-0.030,0.020,5720.220
113.380,94.498,844.232,96.660,-0.320,-0.019,-0.043,-0.510,0.270,5720.760
113.400,94.651,844.645,96.440,0.420,-0.029,-0.066,-0.390,0.150,5721.300
113.420,94.808,845.073,99.070,-0.590,0.068,0.250,0.260,-0.220,5721.850
113.440,94.962,845.490,97.180,1.250,0.058,-0.021,-0.230,-0.450,5722.390
113.460,95.113,845.899,95.640,1.020,0.070,-0.042,-0.370,0.280,5722.920
113.480,95.265,846.310,95.960,0.370,0.040,0.250,0.220,0.560,5723.450
113.500,95.421,846.732,98.130,0.610,0.010,0.285,0.190,-0.200,5724.000
113.520,95.583,847.177,102.410,-1.480,-0.044,0.265,-0.110,0.250,5724.570
113.540,95.736,847.591,96.590,1.470,0.066,-0.086,-0.070,0.780,5725.100
113.560,95.891,848.011,97.730,-0.100,0.017,0.269,0.210,-0.060,5725.650
113.580,96.053,848.454,101.950,1.030,-0.062,0.278,0.480,-0.050,5726.210
113.600,96.208,848.874,97.760,0.750,-0.046,-0.087,0.100,0.170,5726.760
113.620,96.366,849.303,99.320,1.010,-0.063,0.182,-0.600,-0.090,5727.310
113.640,96.527,849.743,101.600,-1.050,-0.103,0.219,-0.110,0.400,5727.870
113.660,96.682,850.162,97.500,-0.920,0.019,-0.053,-0.200,-0.120,5728.410
113.680,96.838,850.587,98.610,2.250,-0.062,0.280,-0.530,-0.010,5728.960
113.700,96.995,851.012,98.500,-1.520,-0.038,-0.077,0.250,-0.430,5729.510
113.720,97.148,851.428,97.090,-1.100,0.002,-0.033,0.290,-0.070,5730.050
113.740,97.310,851.870,101.870,0.040,-0.009,0.163,0.360,-0.300,5730.610
113.760,97.467,852.296,98.790,0.040,-0.036,-0.045,-0.500,0.100,5731.160
113.780,97.623,852.720,98.500,-0.540,0.076,-0.062,0.080,-0.500,5731.710
113.800,97.781,853.149,99.290,0.620,-0.076,0.313,-0.000,0.290,5732.260
113.820,97.942,853.589,101.500,0.900,-0.074,0.193,0.150,-0.260,5732.830
113.840,98.101,854.023,100.420,-0.020,0.023,-0.050,0.060,0.540,5733.380
113.860,98.259,854.451,99.210,-0.270,-0.031,-0.107,-0.010,0.410,5733.930
113.880,98.419,854.890,101.160,-0.020,-0.033,0.234,-0.070,0.160,5734.500
113.900,98.581,855.332,101.910,-0.500,-0.054,0.199,0.550,-0.460,5735.060
113.920,98.742,855.768,100.800,-1.700,0.017,0.019,-0.430,-0.190,5735.620
113.940,98.901,856.204,100.630,0.300,0.011,-0.061,-0.090,-0.270,5736.180
113.960,99.065,856.650,102.650,0.770,0.006,0.244,0.540,-0.230,5736.750
113.980,99.225,857.088,101.010,-0.150,-0.029,-0.051,-0.410,0.470,5737.310
114.000,99.390,857.540,103.830,-2.270,-0.038,0.216,-0.380,-0.050,5737.890
114.020,99.550,857.975,100.430,-0.570,-0.008,-0.018,0.370,-0.200,5738.450
114.040,99.709,858.410,100.540,0.910,0.048,0.269,-0.710,-0.220,5739.010
114.060,99.869,858.845,100.510,-1.440,0.078,-0.022,0.330,-0.160,5739.560
114.080,100.030,859.286,101.650,0.700,0.056,0.213,-0.240,0.160,5740.130
114.100,100.193,859.729,102.160,-0.450,0.025,0.284,0.210,-0.490,5740.700
114.120,100.352,860.163,100.310,-0.020,0.049,-0.019,-0.610,0.030,5741.250
114.140,100.515,860.609,102.590,-0.690,-0.059,0.243,0.590,0.130,5741.820
114.160,100.680,861.059,103.440,-1.140,-0.036,0.277,-0.610,-0.520,5742.400
114.180,100.839,861.494,100.540,1.430,0.026,-0.042,0.360,-0.430,5742.960
114.200,101.002,861.938,102.110,0.820,-0.006,0.202,-0.590,-0.010,5743.520
114.220,101.167,862.391,103.890,0.640,0.017,0.245,0.900,0.430,5744.100
114.240,101.328,862.831,101.550,0.910,0.049,-0.064,-0.040,0.360,5744.670
114.260,101.492,863.278,102.850,0.500,0.041,0.253,0.980,-0.180,5745.240
114.280,101.659,863.737,105.110,0.940,-0.055,0.281,-0.410,0.420,5745.820
114.300,101.829,864.203,106.310,-0.660,0.001,0.201,-0.220,-0.100,5746.410
114.320,101.995,864.659,104.430,1.380,-0.046,-0.063,0.610,-0.100,5746.990
114.340,102.160,865.110,103.660,1.290,-0.039,-0.075,-0.710,0.030,5747.570
114.360,102.324,865.560,103.310,0.380,-0.086,-0.073,-0.350,0.250,5748.140
114.380,102.492,866.022,105.570,-0.290,0.007,0.225,0.250,-0.180,5748.730
114.400,102.661,866.486,106.050,-1.220,-0.089,0.252,-0.510,-0.120,5749.320
114.420,102.825,866.933,102.770,0.230,0.020,-0.034,0.260,-0.370,5749.890
114.440,102.993,867.397,106.010,1.680,0.068,0.260,0.090,0.110,5750.480
114.460,103.159,867.850,103.880,-1.160,0.027,-0.044,-0.760,0.280,5751.050
114.480,103.324,868.301,103.650,1.020,0.003,-0.031,0.480,0.300,5751.630
114.500,103.491,868.759,104.860,-0.470,0.077,0.321,-0.630,-0.410,5752.210
114.520,103.661,869.227,106.720,-0.390,0.016,0.254,0.390,-0.110,5752.810
114.540,103.829,869.690,105.840,-1.180,-0.043,-0.019,0.060,0.370,5753.390
114.560,103.998,870.154,105.950,-0.750,0.006,0.279,-0.230,0.070,5753.980
114.580,104.167,870.619,106.200,0.650,0.098,0.303,-0.550,0.010,5754.570
114.600,104.337,871.085,106.520,0.770,-0.055,0.267,0.160,0.000,5755.160
114.620,104.505,871.548,105.800,0.240,-0.069,-0.075,-0.440,0.160,5755.750
114.640,104.676,872.018,107.060,-0.500,0.031,0.259,0.600,0.090,5756.350
114.660,104.844,872.478,105.270,-1.100,-0.011,-0.042,0.620,-0.170,5756.930
114.680,105.015,872.949,107.380,0.060,-0.027,0.274,0.820,0.260,5757.530
114.700,105.187,873.423,107.840,-0.360,-0.063,0.224,0.140,-0.360,5758.130
114.720,105.359,873.896,107.750,0.210,-0.098,-0.012,-0.200,0.400,5758.730
114.740,105.531,874.370,107.970,-0.320,-0.073,0.250,-0.150,-0.270,5759.330
114.760,105.702,874.843,107.690,-0.300,0.081,-0.025,-0.190,0.160,5759.920
114.780,105.876,875.323,108.900,0.160,-0.000,0.259,0.120,-0.050,5760.530
114.800,106.041,875.775,103.880,0.350,-0.098,-0.046,0.220,-0.140,5761.110
114.820,106.215,876.254,108.710,1.220,0.059,0.257,0.620,0.410,5761.710
114.840,106.391,876.742,110.540,-0.340,0.062,0.270,0.010,0.220,5762.320
114.860,106.562,877.210,106.790,0.550,0.061,0.009,-0.700,-0.020,5762.920
114.880,106.732,877.678,106.770,1.800,-0.021,-0.111,-0.200,0.520,5763.510
114.900,106.907,878.163,109.950,0.570,-0.013,0.266,0.780,0.290,5764.120
114.920,107.077,878.631,106.780,1.160,0.007,-0.049,-0.780,-0.240,5764.720
114.940,107.248,879.102,107.310,-0.620,0.070,0.245,0.370,-0.680,5765.310
114.960,107.422,879.580,108.710,-0.720,-0.028,0.179,-0.200,0.030,5765.920
114.980,107.593,880.051,107.410,-0.160,-0.038,-0.033,-0.440,0.420,5766.510
115.000,107.769,880.537,110.060,-0.050,0.035,0.246,0.200,0.180,5767.120
115.020,107.941,881.010,107.710,1.070,0.060,-0.075,0.780,0.470,5767.720
115.040,108.115,881.493,109.590,-0.730,-0.003,0.251,0.170,-0.180,5768.330
115.060,108.290,881.976,109.620,-0.090,0.034,0.241,-0.130,-0.040,5768.940
115.080,108.469,882.471,111.830,1.070,0.006,0.198,-0.650,-0.030,5769.560
115.100,108.647,882.962,111.230,0.220,-0.013,-0.047,-0.050,0.070,5770.180
115.120,108.820,883.441,108.840,-0.010,-0.041,-0.033,-0.670,0.230,5770.780
115.140,108.992,883.915,107.880,0.240,-0.058,-0.066,-0.150,0.490,5771.380
115.160,109.170,884.407,111.180,-1.130,-0.031,0.258,-0.030,0.550,5772.000
115.180,109.344,884.887,109.090,-1.140,-0.049,-0.047,-1.180,0.500,5772.610
115.200,109.519,885.371,109.710,-1.590,0.014,0.281,0.690,0.200,5773.220
115.220,109.693,885.849,108.780,0.210,0.061,-0.053,-0.620,-0.100,5773.820
115.240,109.871,886.343,111.530,0.920,0.010,0.274,-0.090,0.070,5774.440
115.260,110.046,886.826,109.690,0.770,-0.046,-0.059,0.270,0.200,5775.050
115.280,110.223,887.315,110.750,1.140,0.043,0.309,0.650,0.040,5775.660
115.300,110.400,887.805,110.920,1.450,0.015,0.237,-0.400,-0.270,5776.280
115.320,110.578,888.298,111.370,0.140,0.025,0.229,-1.250,-0.140,5776.900
115.340,110.757,888.795,112.240,-0.060,-0.026,0.247,0.540,0.260,5777.520
115.360,110.935,889.285,111.030,1.480,0.057,-0.072,-0.620,-0.070,5778.140
115.380,111.111,889.772,110.430,-0.700,0.056,-0.087,0.180,0.010,5778.750
115.400,111.285,890.252,108.900,-1.180,-0.009,-0.028,0.210,-0.020,5779.360
115.420,111.464,890.747,111.980,-0.340,0.036,0.158,-1.630,-0.270,5779.980
115.440,111.642,891.242,111.740,-0.460,0.055,-0.072,-0.810,-0.050,5780.600
115.460,111.820,891.732,111.060,0.050,-0.023,-0.090,-0.230,-0.140,5781.220
115.480,111.999,892.230,112.360,-0.850,-0.004,0.254,-1.290,-0.210,5781.840
115.500,112.181,892.735,113.700,0.370,0.004,0.184,-0.670,-0.320,5782.470
115.520,112.364,893.242,114.230,-0.570,-0.055,0.266,0.060,-0.030,5783.110
115.540,112.540,893.730,110.410,1.230,0.022,-0.030,-0.040,0.190,5783.720
115.560,112.719,894.227,112.320,-1.190,0.051,0.201,0.150,0.340,5784.350
115.580,112.903,894.736,114.450,-0.140,-0.007,0.256,0.220,-0.420,5784.980
115.600,113.087,895.250,115.540,-0.330,0.017,0.265,-0.840,0.480,5785.620
115.620,113.267,895.746,112.070,0.230,0.070,-0.022,-0.640,0.090,5786.250
115.640,113.451,896.261,115.510,0.930,-0.020,0.206,0.380,-0.340,5786.890
115.660,113.630,896.754,111.570,0.270,0.018,-0.098,0.760,-0.120,5787.510
115.680,113.814,897.268,115.460,-0.130,-0.028,0.295,-0.480,-0.560,5788.150
115.700,113.996,897.771,113.460,0.690,-0.030,-0.075,0.130,-0.490,5788.780
115.720,114.182,898.290,116.370,0.840,0.017,0.234,0.400,0.520,5789.430
115.740,114.364,898.794,113.480,0.270,0.012,-0.031,0.120,-0.210,5790.060
115.760,114.546,899.299,113.860,0.390,0.028,0.215,-0.120,0.160,5790.690
115.780,114.729,899.807,114.270,0.650,0.004,0.242,-0.320,-0.030,5791.320
115.800,114.908,900.305,112.310,-1.640,0.023,-0.023,0.990,0.010,5791.950
115.820,115.087,900.801,112.120,-0.350,0.083,-0.093,0.050,0.110,5792.570
115.840,115.272,901.316,115.670,0.380,0.053,0.235,0.190,-0.630,5793.210
115.860,115.459,901.836,116.540,-0.290,0.017,0.216,0.160,0.400,5793.860
115.880,115.645,902.353,116.110,-0.290,0.025,-0.073,-0.410,-0.030,5794.510
115.900,115.826,902.857,113.470,0.370,-0.015,-0.014,0.030,-0.150,5795.140
115.920,116.012,903.375,116.220,0.400,-0.008,0.292,-0.160,0.140,5795.780
115.940,116.195,903.882,114.160,0.470,0.025,-0.042,-0.170,-0.220,5796.420
115.960,116.381,904.401,116.400,-0.790,0.004,0.266,0.160,0.060,5797.060
115.980,116.570,904.926,117.630,-1.420,0.040,0.265,-0.460,-0.050,5797.720
116.000,116.757,905.447,116.630,0.800,0.063,-0.070,-0.600,0.210,5798.360
116.020,116.946,905.976,118.430,-0.740,-0.005,0.257,0.250,-0.060,5799.020
116.040,117.132,906.494,116.150,-0.810,-0.100,-0.089,-0.270,-0.310,5799.670
116.060,117.318,907.012,116.200,-0.900,0.102,0.221,-0.170,0.110,5800.310
116.080,117.505,907.533,116.770,1.150,-0.033,0.247,-0.960,-0.080,5800.960
116.100,117.689,908.044,114.800,0.210,0.010,-0.082,0.480,-0.550,5801.600
116.120,117.875,908.562,116.360,0.340,0.036,0.212,0.260,0.060,5802.250
116.140,118.062,909.083,116.640,0.690,0.070,0.229,0.350,-0.160,5802.890
116.160,118.249,909.604,116.830,-0.040,0.090,0.284,0.190,0.100,5803.540
116.180,118.438,910.130,117.800,1.010,-0.018,0.297,-0.760,-0.260,5804.200
116.200,118.623,910.644,115.330,-1.200,0.059,-0.051,0.110,-0.360,5804.840
116.220,118.808,911.160,115.980,-1.090,0.010,0.267,-0.300,0.350,5805.480
116.240,119.000,911.696,119.540,-1.140,0.137,0.233,-0.480,0.250,5806.150
116.260,119.184,912.208,114.980,0.420,0.055,-0.112,0.250,-0.000,5806.790
116.280,119.375,912.741,119.060,0.510,-0.009,0.223,0.830,0.130,5807.450
116.300,119.563,913.267,117.720,-0.470,-0.040,-0.059,0.750,0.240,5808.100
116.320,119.754,913.798,118.670,-0.230,-0.131,0.254,0.310,-0.000,5808.760
116.340,119.948,914.341,120.910,1.270,0.034,0.247,-0.020,-0.360,5809.430
116.360,120.138,914.871,118.520,-0.690,0.050,-0.058,-0.110,0.090,5810.090
116.380,120.330,915.408,119.810,0.300,0.037,0.233,-0.450,0.300,5810.760
116.400,120.521,915.941,119.100,-0.690,-0.118,-0.040,-0.130,0.180,5811.420
116.420,120.711,916.474,119.000,1.100,-0.063,-0.091,0.450,0.020,5812.080
116.440,120.902,917.006,118.960,0.630,0.024,-0.026,0.910,0.170,5812.740
116.460,121.095,917.547,120.510,-1.400,0.089,0.232,-0.410,-0.070,5813.410
116.480,121.285,918.077,118.500,-0.260,-0.003,0.012,-1.000,0.310,5814.070
116.500,121.474,918.605,118.050,-2.080,0.055,-0.059,-0.270,0.400,5814.720
116.520,121.667,919.143,120.010,0.900,-0.052,0.236,0.450,-0.390,5815.390
116.540,121.860,919.683,120.330,2.050,0.010,0.233,1.040,0.330,5816.060
116.560,122.048,920.208,117.450,-2.180,-0.014,-0.064,0.660,0.670,5816.710
116.580,122.241,920.747,120.320,-1.430,0.059,0.268,0.640,0.160,5817.380
116.600,122.431,921.278,118.640,0.170,-0.027,-0.051,-0.420,0.300,5818.040
116.620,122.626,921.825,121.570,-0.020,0.084,0.280,-0.410,-0.190,5818.710
116.640,122.816,922.352,118.070,-0.410,-0.015,-0.036,-0.660,-0.150,5819.370
116.660,123.014,922.911,123.810,-1.740,-0.053,0.251,-0.330,-0.060,5820.060
116.680,123.208,923.452,120.560,0.320,-0.052,-0.039,0.460,-0.120,5820.730
116.700,123.400,923.989,119.920,0.890,-0.031,-0.014,0.810,-0.390,5821.390
116.720,123.594,924.532,120.940,2.850,0.019,0.270,0.170,-0.050,5822.070
116.740,123.791,925.083,122.340,1.310,-0.030,0.258,-0.130,0.250,5822.750
116.760,123.988,925.637,122.990,-1.300,-0.041,0.263,-0.530,-0.390,5823.430
116.780,124.183,926.182,121.390,-0.010,0.044,-0.085,-0.060,0.050,5824.100
116.800,124.375,926.719,119.790,0.590,-0.161,0.027,0.100,0.040,5824.770
116.820,124.568,927.259,120.270,-0.690,-0.021,0.266,-0.730,-0.090,5825.440
116.840,124.765,927.811,122.670,0.780,-0.067,0.269,0.460,0.150,5826.120
116.860,124.964,928.369,123.870,0.700,-0.043,0.249,-0.210,0.120,5826.810
116.880,125.163,928.930,124.210,1.240,0.012,0.181,0.430,-0.110,5827.500
116.900,125.361,929.483,122.930,0.800,-0.010,-0.058,-0.010,0.320,5828.180
116.920,125.560,930.044,124.280,0.290,-0.015,0.252,0.150,0.170,5828.870
116.940,125.763,930.613,125.840,-0.640,0.059,0.225,-0.350,0.470,5829.570
116.960,125.963,931.177,124.900,-1.290,-0.001,-0.075,-0.170,-0.020,5830.260
116.980,126.164,931.740,124.650,0.220,0.090,-0.060,0.320,-0.100,5830.960
117.000,126.360,932.289,122.200,-0.400,0.036,-0.027,-0.070,-0.060,5831.630
117.020,126.561,932.854,125.000,-0.310,-0.048,0.288,-0.550,0.350,5832.330
117.040,126.761,933.415,124.400,1.120,0.097,-0.045,0.060,-0.040,5833.020
117.060,126.961,933.979,124.830,1.370,0.014,0.233,0.190,-0.030,5833.710
117.080,127.163,934.548,125.890,-1.240,0.094,0.239,0.690,0.590,5834.410
117.100,127.364,935.111,124.680,-0.210,-0.013,-0.047,0.580,-0.400,5835.110
117.120,127.563,935.671,124.140,-0.430,0.014,-0.043,-0.030,0.110,5835.800
117.140,127.760,936.224,122.830,0.310,0.022,-0.037,-0.270,-0.020,5836.480
117.160,127.960,936.784,124.140,-2.270,-0.008,0.237,-0.110,-0.080,5837.170
117.180,128.161,937.349,125.050,-1.460,0.064,0.266,-0.260,-0.290,5837.860
117.200,128.362,937.915,125.290,-0.120,0.097,0.264,0.250,-0.200,5838.560
117.220,128.564,938.481,125.390,0.790,-0.115,0.238,0.520,-0.120,5839.250
117.240,128.767,939.054,126.610,0.080,0.041,0.198,0.620,0.150,5839.960
117.260,128.971,939.628,126.620,0.670,-0.045,0.223,-0.210,0.260,5840.660
117.280,129.172,940.194,125.370,0.200,-0.130,-0.003,-0.260,-0.530,5841.360
117.300,129.372,940.755,124.340,1.280,0.026,-0.101,-0.210,-0.360,5842.050
117.320,129.575,941.327,126.330,1.490,0.026,0.290,-0.970,0.160,5842.750
117.340,129.783,941.914,129.270,-0.760,0.034,0.198,-0.600,0.190,5843.470
117.360,129.987,942.487,126.530,0.880,0.019,-0.073,-0.020,-0.440,5844.170
117.380,130.189,943.055,125.750,0.510,0.044,-0.061,0.190,0.260,5844.870
117.400,130.394,943.631,127.150,2.500,-0.030,0.303,0.250,-0.000,5845.580
117.420,130.598,944.208,127.380,-0.800,0.013,0.251,-0.390,0.220,5846.280
117.440,130.804,944.786,127.510,-0.120,0.035,0.244,-0.250,-0.260,5846.990
117.460,131.011,945.371,128.840,-1.030,0.068,0.222,-0.130,-0.420,5847.710
117.480,131.216,945.949,127.510,-0.970,0.002,-0.034,-0.190,-0.090,5848.420
117.500,131.424,946.535,129.070,0.390,-0.011,0.235,0.340,-0.080,5849.130
117.520,131.629,947.113,127.570,0.210,-0.003,-0.057,-0.650,-0.100,5849.840
117.540,131.838,947.702,129.640,0.540,-0.060,0.239,-0.570,-0.120,5850.560
117.560,132.046,948.289,129.330,0.520,0.038,-0.028,-0.150,0.510,5851.280
117.580,132.254,948.875,129.050,-0.240,-0.073,-0.027,-0.680,-0.510,5852.000
117.600,132.461,949.461,128.990,-0.240,0.020,-0.077,-0.950,-0.250,5852.720
117.620,132.673,950.059,131.410,-0.970,0.004,0.231,-0.750,-0.130,5853.450
117.640,132.882,950.649,129.720,-0.700,-0.078,-0.072,-0.120,0.010,5854.170
117.660,133.086,951.224,126.980,-0.060,-0.075,-0.044,0.320,0.210,5854.870
117.680,133.293,951.808,128.770,0.200,-0.043,0.277,0.330,0.260,5855.590
117.700,133.499,952.390,128.150,0.710,-0.017,-0.044,0.790,0.320,5856.300
117.720,133.712,952.990,131.790,0.610,0.074,0.184,0.050,0.140,5857.030
117.740,133.922,953.585,130.710,1.560,-0.006,-0.027,0.120,-0.520,5857.760
117.760,134.135,954.187,132.030,-0.970,0.027,0.210,-0.130,-0.500,5858.490
117.780,134.341,954.767,127.990,-0.230,0.063,-0.071,-0.100,0.340,5859.200
117.800,134.552,955.363,130.930,-0.890,0.054,0.256,1.040,0.320,5859.930
117.820,134.756,955.940,127.380,1.280,-0.000,-0.053,0.130,0.190,5860.640
117.840,134.961,956.516,127.180,-0.500,-0.035,-0.024,0.170,-0.250,5861.340
117.860,135.169,957.102,129.120,1.160,0.025,0.232,-0.570,-0.100,5862.060
117.880,135.382,957.705,132.130,1.450,-0.034,0.221,0.210,-0.120,5862.790
117.900,135.589,958.288,128.520,0.410,0.091,-0.059,0.330,-0.310,5863.510
117.920,135.798,958.880,130.130,0.290,0.043,0.279,0.560,0.080,5864.230
117.940,136.011,959.482,132.090,0.040,0.010,0.269,0.320,0.650,5864.970
117.960,136.223,960.082,131.720,-0.320,0.026,-0.047,-0.060,-0.150,5865.700
117.980,136.439,960.693,133.920,-0.440,0.009,0.290,-0.080,0.390,5866.440
118.000,136.650,961.288,130.750,-0.150,-0.018,-0.016,-0.040,-0.270,5867.170
118.020,136.859,961.881,130.230,1.820,0.025,-0.026,0.050,-0.460,5867.890
118.040,137.068,962.468,129.390,-1.040,-0.012,-0.085,0.630,0.300,5868.610
118.060,137.278,963.063,130.630,0.200,0.097,0.273,0.540,-0.070,5869.340
118.080,137.487,963.652,129.670,0.710,-0.035,-0.056,0.380,0.380,5870.060
118.100,137.694,964.237,128.780,-0.280,0.025,-0.062,1.010,0.440,5870.770
118.120,137.911,964.852,134.570,0.420,-0.039,0.230,-1.330,-0.080,5871.520
118.140,138.123,965.452,131.840,-1.500,-0.040,-0.055,-0.230,0.400,5872.250
118.160,138.342,966.074,135.800,1.330,-0.089,0.231,-0.010,-0.260,5873.010
118.180,138.553,966.669,130.800,1.130,0.021,-0.045,-0.340,-0.270,5873.730
118.200,138.765,967.269,131.560,-0.100,-0.027,0.245,-0.460,0.320,5874.460
118.220,138.976,967.866,131.190,-0.880,0.054,-0.043,-0.860,-0.460,5875.190
118.240,139.188,968.465,131.540,0.790,0.021,0.267,-0.160,-0.000,5875.920
118.260,139.404,969.077,133.960,-1.150,0.007,0.241,0.450,0.370,5876.670
118.280,139.620,969.687,133.640,-1.000,-0.071,-0.072,0.390,0.400,5877.410
118.300,139.836,970.301,134.250,-0.050,0.029,0.190,-0.380,-0.130,5878.160
118.320,140.054,970.919,135.100,1.520,-0.033,0.273,0.110,0.300,5878.910
118.340,140.272,971.536,134.900,0.640,-0.072,-0.048,0.680,-0.340,5879.660
118.360,140.484,972.137,131.870,-0.650,0.022,-0.055,-0.760,-0.200,5880.390
118.380,140.698,972.742,132.740,-1.680,-0.063,0.285,-0.080,0.070,5881.130
118.400,140.914,973.354,133.860,0.040,-0.105,0.211,0.140,0.110,5881.870
118.420,141.139,973.995,139.410,0.250,0.065,0.252,0.010,-0.310,5882.640
118.440,141.357,974.613,135.130,-0.070,-0.028,-0.079,0.430,0.560,5883.390
118.460,141.573,975.226,134.270,1.810,-0.087,-0.030,-0.750,-0.560,5884.140
118.480,141.792,975.845,135.270,-0.130,-0.048,0.183,-0.500,0.020,5884.890
118.500,142.007,976.455,133.500,-2.280,-0.036,-0.026,0.340,0.060,5885.630
118.520,142.224,977.072,134.950,-0.410,0.057,0.273,-0.850,-0.520,5886.380
118.540,142.444,977.695,136.130,0.450,-0.083,0.222,0.410,0.400,5887.140
118.560,142.661,978.312,134.800,0.390,-0.067,-0.048,0.220,-0.220,5887.890
118.580,142.877,978.923,133.860,-0.180,0.049,-0.077,0.370,0.030,5888.630
118.600,143.095,979.541,135.020,-0.340,-0.022,0.263,-0.230,0.100,5889.380
118.620,143.312,980.157,134.810,-2.000,0.011,-0.025,0.250,-0.440,5890.130
118.640,143.527,980.766,133.400,0.090,-0.025,-0.080,-0.590,-0.320,5890.870
118.660,143.745,981.382,134.720,-0.340,0.101,0.211,-0.210,0.470,5891.620
118.680,143.960,981.993,133.640,0.250,-0.064,-0.017,0.020,-0.020,5892.360
118.700,144.176,982.605,134.020,0.490,0.014,0.308,-0.450,-0.810,5893.110
118.720,144.393,983.219,134.310,1.240,0.075,0.265,0.110,-0.090,5893.850
118.740,144.615,983.850,137.600,-0.960,-0.019,0.267,-0.570,-0.010,5894.620
118.760,144.839,984.486,138.550,-1.290,-0.038,0.240,0.130,0.070,5895.390
118.780,145.055,985.099,134.160,-0.570,0.038,-0.045,0.870,-0.600,5896.130
118.800,145.279,985.738,138.980,-0.740,0.050,0.261,-0.630,-0.010,5896.910
118.820,145.497,986.355,135.060,-0.830,-0.040,-0.055,-0.010,-0.250,5897.660
118.840,145.720,986.989,138.020,1.440,0.073,0.290,-0.810,0.070,5898.420
118.860,145.942,987.619,137.430,0.150,0.003,-0.045,-0.420,0.150,5899.190
118.880,146.165,988.253,138.150,1.970,0.025,0.259,0.350,0.120,5899.950
118.900,146.384,988.874,135.590,-0.000,0.074,-0.055,-0.220,0.420,5900.710
118.920,146.601,989.490,134.770,-1.170,0.038,-0.052,0.370,0.660,5901.460
118.940,146.821,990.115,136.430,-0.810,-0.000,0.287,0.180,-0.340,5902.210
118.960,147.045,990.751,138.420,1.020,-0.034,0.254,-0.030,-0.110,5902.980
118.980,147.272,991.399,140.860,-1.130,0.135,0.255,-0.510,0.220,5903.760
119.000,147.492,992.025,136.530,0.560,-0.039,-0.045,0.340,-0.040,5904.520
119.020,147.715,992.659,138.070,-0.360,0.016,0.239,0.150,-0.820,5905.290
119.040,147.937,993.288,137.240,-0.930,0.025,-0.092,-0.760,-0.060,5906.050
119.060,148.160,993.924,138.490,1.390,0.028,0.297,-0.480,0.370,5906.820
119.080,148.380,994.545,135.760,-0.590,0.106,-0.018,-1.380,-0.420,5907.580
119.100,148.607,995.195,141.050,-0.830,0.002,0.287,-0.680,0.070,5908.360
119.120,148.832,995.833,138.990,-0.080,-0.005,-0.082,-0.160,-0.570,5909.130
119.140,149.059,996.480,140.470,-0.510,0.078,0.293,-0.530,0.260,5909.910
119.160,149.283,997.118,138.900,2.210,-0.007,0.009,-0.420,0.070,5910.680
119.180,149.509,997.760,139.680,1.060,0.044,0.281,0.700,-0.170,5911.460
119.200,149.737,998.411,141.230,-0.590,0.010,0.299,0.510,-0.130,5912.250
119.220,149.963,999.054,139.880,-0.480,0.046,-0.026,-0.350,-0.450,5913.020
119.240,150.189,999.698,140.080,-2.020,0.036,0.225,0.400,0.300,5913.800
119.260,150.413,1000.336,138.790,0.140,-0.020,-0.035,0.610,-0.240,5914.570
119.280,150.638,1000.976,139.320,-0.750,-0.092,0.219,0.310,0.150,5915.350
119.300,150.862,1001.614,138.750,0.090,-0.084,-0.068,0.150,-0.290,5916.120
119.320,151.087,1002.254,139.310,-1.970,-0.092,0.259,0.550,0.660,5916.890
119.340,151.318,1002.911,142.440,-0.030,-0.005,0.255,0.380,0.470,5917.680
119.360,151.550,1003.573,143.420,1.700,-0.118,0.264,-0.610,0.620,5918.480
119.380,151.774,1004.211,138.990,0.050,-0.008,-0.104,-0.090,0.660,5919.250
119.400,152.003,1004.864,141.600,-0.770,0.007,0.245,-0.280,-0.190,5920.040
119.420,152.230,1005.511,140.670,-0.020,0.043,-0.034,0.580,-0.270,5920.820
119.440,152.462,1006.173,143.390,-0.060,0.025,0.272,-0.290,0.610,5921.620
119.460,152.691,1006.826,141.650,2.190,0.045,-0.026,-0.380,-0.040,5922.400
119.480,152.920,1007.478,141.580,-0.330,0.021,-0.042,0.510,0.250,5923.190
119.500,153.147,1008.125,140.620,-1.200,-0.016,-0.061,0.130,-0.190,5923.970
119.520,153.373,1008.767,139.590,0.020,-0.005,-0.035,1.060,-0.180,5924.750
119.540,153.604,1009.428,143.170,0.200,-0.043,0.241,-0.430,0.250,5925.540
119.560,153.835,1010.086,142.710,0.560,0.011,-0.023,-0.260,-0.590,5926.330
119.580,154.066,1010.745,142.890,0.760,-0.079,0.263,0.560,0.230,5927.130
119.600,154.295,1011.398,141.570,1.960,0.053,-0.052,-0.640,0.160,5927.910
119.620,154.525,1012.054,142.400,-0.600,-0.048,0.227,0.660,-0.160,5928.710
119.640,154.758,1012.719,143.950,-0.690,0.008,0.284,-0.600,0.010,5929.500
119.660,154.991,1013.386,144.380,-1.850,0.016,0.267,0.310,0.050,5930.310
119.680,155.219,1014.037,141.290,0.660,0.058,0.013,-0.920,0.070,5931.090
119.700,155.449,1014.693,142.250,-0.890,-0.084,0.266,0.020,0.210,5931.880
119.720,155.678,1015.343,141.260,0.890,-0.016,-0.032,-0.680,-0.240,5932.670
119.740,155.910,1016.008,143.800,-0.490,0.027,0.206,0.960,0.810,5933.470
119.760,156.145,1016.678,144.970,1.730,0.088,0.259,-0.540,-0.060,5934.270
119.780,156.377,1017.340,143.370,-1.430,-0.002,-0.059,-0.410,-0.040,5935.070
119.800,156.608,1017.999,142.940,1.020,-0.030,-0.025,0.270,0.580,5935.860
119.820,156.840,1018.662,143.580,0.900,0.101,0.260,-0.300,-0.550,5936.660
119.840,157.079,1019.347,147.690,0.530,0.040,0.280,0.350,0.580,5937.480
119.860,157.316,1020.023,146.160,-1.120,0.069,0.014,-0.360,0.030,5938.290
119.880,157.551,1020.697,145.620,0.530,-0.060,-0.074,-0.390,-0.160,5939.100
119.900,157.786,1021.368,145.150,0.130,0.026,-0.022,-0.010,-0.340,5939.910
119.920,158.020,1022.037,144.800,-1.830,-0.054,-0.029,-0.610,-0.380,5940.710
119.940,158.253,1022.700,143.600,1.560,-0.065,0.009,0.200,-0.100,5941.510
119.960,158.485,1023.363,143.520,-0.350,0.029,-0.029,0.440,0.080,5942.310
119.980,158.718,1024.030,144.400,1.480,0.033,0.268,0.280,0.190,5943.110
120.000,158.951,1024.695,143.970,-0.070,-0.024,-0.024,0.320,0.080,5943.910
120.020,159.185,1025.364,144.640,0.980,0.072,0.278,-0.960,-0.150,5944.710
120.040,159.421,1026.037,145.540,-0.860,-0.018,0.294,-0.230,0.400,5945.520
120.060,159.657,1026.712,145.800,0.210,-0.013,0.225,-0.110,0.800,5946.330
120.080,159.891,1027.382,145.060,0.140,-0.002,-0.062,0.730,0.450,5947.140
120.100,160.129,1028.063,146.880,-0.320,-0.012,0.302,-0.290,-0.110,5947.950
120.120,160.365,1028.738,146.000,-0.870,0.064,-0.109,-1.150,0.150,5948.760
120.140,160.603,1029.418,146.750,-3.070,-0.052,0.247,-0.500,0.170,5949.580
120.160,160.838,1030.091,145.460,-0.850,-0.038,-0.046,-0.330,0.480,5950.390
120.180,161.077,1030.776,147.760,0.700,-0.060,0.245,-1.080,-0.100,5951.210
120.200,161.314,1031.452,146.070,-1.400,0.094,-0.003,0.480,-0.290,5952.020
120.220,161.556,1032.146,149.430,-1.190,-0.016,0.264,-0.780,0.340,5952.850
120.240,161.793,1032.826,146.820,-1.430,-0.038,-0.062,0.220,0.120,5953.670
120.260,162.032,1033.508,147.170,0.210,-0.014,0.231,-0.550,-0.330,5954.480
120.280,162.272,1034.196,148.340,-0.890,0.042,0.258,0.750,0.210,5955.310
120.300,162.513,1034.886,148.820,1.220,0.033,0.285,-0.140,0.550,5956.130
120.320,162.754,1035.579,149.130,0.730,-0.029,0.254,-0.240,-0.210,5956.960
120.340,162.998,1036.279,150.560,0.200,-0.020,0.246,0.260,-0.270,5957.800
120.360,163.240,1036.970,149.030,0.300,-0.073,-0.071,-0.500,0.010,5958.630
120.380,163.480,1037.657,148.090,-0.760,0.007,-0.039,0.290,0.200,5959.450
120.400,163.718,1038.341,147.540,-0.760,0.064,-0.040,-0.240,-0.020,5960.270
120.420,163.959,1039.029,148.280,0.710,-0.029,0.228,-0.300,0.340,5961.090
120.440,164.203,1039.730,150.850,0.910,0.032,0.281,-0.040,0.080,5961.930
120.460,164.440,1040.409,146.690,0.700,-0.029,0.001,-0.540,0.300,5962.750
120.480,164.680,1041.094,147.690,-0.470,-0.055,0.251,-0.100,-0.220,5963.570
120.500,164.920,1041.784,148.740,-0.390,0.034,0.259,0.170,-0.370,5964.390
120.520,165.160,1042.470,147.960,-0.930,0.117,-0.083,-1.150,-0.100,5965.220
120.540,165.401,1043.161,148.750,0.770,0.027,0.272,0.550,-0.400,5966.040
120.560,165.648,1043.869,152.220,-1.960,-0.021,0.264,0.410,0.120,5966.890
120.580,165.889,1044.562,149.210,-2.200,-0.017,-0.060,-0.930,-0.610,5967.720
120.600,166.133,1045.261,150.420,-2.000,0.095,0.228,-1.010,-0.140,5968.550
120.620,166.372,1045.944,147.460,-2.140,0.015,0.005,0.420,-0.090,5969.370
120.640,166.612,1046.633,148.440,1.360,-0.038,0.261,0.380,-0.310,5970.200
120.660,166.858,1047.339,151.640,0.790,-0.003,0.222,0.310,-0.090,5971.040
120.680,167.106,1048.051,152.890,-1.200,0.011,0.276,-0.710,0.000,5971.890
120.700,167.350,1048.752,150.860,-0.110,0.023,-0.043,0.910,0.380,5972.730
120.720,167.594,1049.450,150.220,1.470,0.076,-0.048,-0.380,-0.310,5973.560
120.740,167.839,1050.155,151.570,0.500,0.064,0.279,0.120,0.110,5974.400
120.760,168.077,1050.837,147.080,2.110,0.010,-0.128,0.130,0.170,5975.220
120.780,168.323,1051.541,151.460,-0.110,-0.002,0.196,0.800,-0.010,5976.060
120.800,168.565,1052.237,149.700,-0.660,0.020,-0.009,0.060,-0.150,5976.890
120.820,168.813,1052.947,152.600,-1.080,-0.030,0.246,0.210,-0.340,5977.740
120.840,169.053,1053.635,148.270,0.020,0.049,-0.063,-0.040,0.570,5978.560
120.860,169.297,1054.336,150.760,0.940,-0.010,0.210,-0.600,0.020,5979.400
120.880,169.543,1055.042,151.790,0.100,0.025,0.256,-1.160,-0.090,5980.240
120.900,169.788,1055.744,150.860,-0.360,0.086,-0.040,0.020,0.640,5981.080
120.920,170.033,1056.449,151.580,1.260,0.028,0.293,-0.710,0.070,5981.920
120.940,170.283,1057.165,153.650,0.530,0.012,0.261,0.180,0.760,5982.780
120.960,170.530,1057.875,152.400,-0.110,-0.026,-0.059,0.070,-0.420,5983.630
120.980,170.775,1058.578,151.190,-0.770,-0.004,-0.038,0.060,-0.070,5984.470
121.000,171.025,1059.297,154.140,-0.250,-0.057,0.283,-0.530,-0.410,5985.320
121.020,171.273,1060.011,153.250,0.470,0.027,-0.023,0.520,-0.040,5986.170
121.040,171.522,1060.726,153.460,-0.780,-0.107,0.269,0.240,-0.040,5987.030
121.060,171.768,1061.433,151.830,-1.230,0.048,-0.042,-0.590,-0.140,5987.870
121.080,172.010,1062.127,149.500,-0.480,0.037,-0.067,1.030,0.020,5988.700
121.100,172.257,1062.835,152.110,-0.050,0.005,0.219,-0.110,-0.120,5989.540
121.120,172.503,1063.543,152.100,1.360,-0.027,-0.086,-0.670,-0.030,5990.390
121.140,172.751,1064.255,152.840,-1.160,-0.001,0.262,-0.380,-0.230,5991.240
121.160,172.999,1064.966,152.640,0.230,-0.089,-0.035,-0.750,0.430,5992.090
121.180,173.249,1065.685,154.220,-0.280,0.041,0.283,0.680,-0.330,5992.940
121.200,173.501,1066.411,155.520,-0.230,-0.008,0.267,0.540,0.060,5993.810
121.220,173.754,1067.139,155.960,1.540,0.076,0.282,0.370,-0.360,5994.670
121.240,174.007,1067.867,155.750,0.080,0.020,-0.054,0.280,-0.250,5995.540
121.260,174.255,1068.581,153.290,-0.910,0.012,-0.027,0.620,-0.220,5996.390
121.280,174.507,1069.304,154.870,0.890,0.020,0.220,-0.120,-0.040,5997.250
121.300,174.762,1070.039,157.280,0.820,-0.049,0.248,0.210,0.050,5998.120
121.320,175.009,1070.750,152.700,-1.000,-0.023,-0.105,-0.410,-0.330,5998.970
121.340,175.265,1071.485,157.250,-1.190,0.007,0.251,-0.080,-0.120,5999.850
121.360,175.514,1072.203,153.880,0.410,-0.015,-0.013,0.230,-0.300,6000.700
121.380,175.767,1072.931,155.960,-0.030,-0.029,0.252,-1.540,-0.310,6001.570
121.400,176.021,1073.661,156.280,-0.470,-0.014,0.272,-0.310,0.340,6002.440
121.420,176.274,1074.391,156.100,1.060,0.002,-0.042,0.080,-0.420,6003.300
121.440,176.533,1075.137,159.300,-0.590,0.116,0.233,-0.040,0.020,6004.190
121.460,176.785,1075.863,155.650,0.420,-0.016,-0.056,-0.230,0.510,6005.050
121.480,177.035,1076.580,153.790,1.170,-0.034,-0.015,0.290,0.360,6005.910
121.500,177.290,1077.314,156.930,-0.340,-0.008,0.272,-0.350,0.130,6006.780
121.520,177.543,1078.044,156.290,-1.830,0.075,-0.069,-0.610,-0.000,6007.650
121.540,177.799,1078.781,157.520,-0.400,0.079,0.208,0.590,0.220,6008.520
121.560,178.056,1079.521,158.160,0.190,0.097,0.256,0.520,0.110,6009.400
121.580,178.310,1080.255,156.930,1.000,0.003,-0.067,-0.300,0.430,6010.270
121.600,178.566,1080.993,157.780,-0.520,0.032,0.245,-0.030,-0.040,6011.150
121.620,178.822,1081.729,157.490,1.720,-0.053,-0.094,0.420,0.300,6012.030
121.640,179.082,1082.480,160.110,-1.300,-0.018,0.281,0.020,-0.100,6012.910
121.660,179.337,1083.214,157.010,0.160,-0.056,-0.053,0.270,0.570,6013.790
121.680,179.591,1083.946,156.690,-0.240,0.024,-0.048,0.240,-0.050,6014.660
121.700,179.850,1084.691,159.180,1.350,0.002,0.225,-0.160,-0.490,6015.540
121.720,180.104,1085.423,156.620,-1.470,0.011,-0.058,0.260,0.020,6016.410
121.740,180.362,1086.166,158.740,0.430,-0.042,0.254,-0.480,0.230,6017.290
121.760,180.618,1086.906,158.050,-0.240,0.043,-0.068,0.200,0.490,6018.170
121.780,180.875,1087.647,158.300,1.530,-0.120,0.244,-0.040,-0.300,6019.050
121.800,181.139,1088.408,162.250,-0.830,-0.013,0.292,-0.180,-0.520,6019.950
121.820,181.400,1089.161,160.590,0.420,-0.005,-0.103,-0.620,0.150,6020.840
121.840,181.660,1089.913,160.420,-0.840,-0.101,-0.044,0.070,0.140,6021.740
121.860,181.920,1090.662,159.830,0.190,0.019,-0.074,0.020,-0.420,6022.620
121.880,182.177,1091.402,158.140,-0.370,-0.009,-0.010,-0.420,-0.100,6023.500
121.900,182.436,1092.151,159.720,-0.390,0.028,0.245,-0.800,-0.090,6024.390
121.920,182.697,1092.902,160.350,-1.990,0.100,0.219,-0.820,0.250,6025.280
121.940,182.956,1093.652,159.920,0.410,0.016,-0.056,-0.130,-0.120,6026.170
121.960,183.216,1094.401,159.910,-1.080,0.049,-0.040,0.150,-0.130,6027.060
121.980,183.475,1095.147,159.320,-1.120,0.069,0.033,0.920,0.030,6027.940
122.000,183.735,1095.900,160.470,-1.560,0.025,0.187,-0.020,-0.410,6028.830
122.020,183.994,1096.646,159.420,-1.060,-0.043,-0.086,-0.810,0.570,6029.720
122.040,184.256,1097.404,161.410,0.500,-0.082,0.289,-0.100,0.280,6030.620
122.060,184.512,1098.140,157.480,0.450,0.019,-0.095,0.630,-0.210,6031.490
122.080,184.776,1098.904,162.690,0.660,-0.020,0.250,-0.340,-0.340,6032.400
122.100,185.034,1099.648,158.830,-1.030,0.064,-0.065,0.560,-0.310,6033.280
122.120,185.293,1100.394,159.340,0.210,-0.024,0.231,0.090,0.180,6034.160
122.140,185.556,1101.153,161.700,-0.620,-0.001,0.245,0.320,-0.300,6035.060
122.160,185.819,1101.913,162.040,0.950,-0.058,0.240,0.930,-0.070,6035.960
122.180,186.087,1102.687,164.500,0.430,-0.017,0.282,-0.920,-0.510,6036.880
122.200,186.350,1103.447,161.970,-0.660,-0.047,-0.010,0.450,0.160,6037.780
122.220,186.612,1104.206,161.610,1.040,-0.043,-0.037,-0.050,0.170,6038.670
122.240,186.876,1104.967,162.110,0.510,-0.003,0.243,-0.470,-0.060,6039.570
122.260,187.143,1105.740,164.350,-1.390,-0.030,0.258,-0.050,0.060,6040.490
122.280,187.413,1106.520,165.750,-1.670,0.131,0.274,0.850,0.240,6041.410
122.300,187.676,1107.280,161.980,-1.350,0.042,-0.020,0.670,0.050,6042.310
122.320,187.941,1108.047,163.220,1.650,0.054,0.261,-1.000,0.230,6043.210
122.340,188.205,1108.810,162.440,-1.020,-0.006,-0.004,-0.380,-0.350,6044.120
122.360,188.469,1109.573,162.560,1.880,0.005,0.232,0.470,0.110,6045.020
122.380,188.739,1110.353,165.670,-1.070,-0.021,0.284,-0.010,0.060,6045.940
122.400,189.001,1111.111,161.610,-1.170,0.131,-0.029,-0.010,0.360,6046.840
122.420,189.261,1111.859,159.640,0.880,-0.005,-0.068,-0.780,0.010,6047.720
122.440,189.527,1112.629,163.760,0.930,-0.030,0.257,-0.370,-0.030,6048.630
122.460,189.795,1113.406,165.230,0.560,-0.038,0.259,-0.680,-0.170,6049.550
122.480,190.062,1114.177,163.910,0.680,0.017,-0.054,-0.830,0.450,6050.460
122.500,190.329,1114.950,164.480,-0.800,0.071,0.245,-0.630,-0.710,6051.380
122.520,190.598,1115.727,165.000,0.830,0.054,0.204,-0.460,0.150,6052.290
122.540,190.865,1116.499,164.190,0.240,-0.038,-0.071,-0.380,-0.010,6053.210
122.560,191.133,1117.275,165.000,-0.370,-0.039,0.243,-0.420,-0.060,6054.120
122.580,191.401,1118.052,165.120,0.090,0.062,0.233,0.510,-0.100,6055.040
122.600,191.664,1118.810,161.520,1.060,0.105,-0.076,-0.450,-0.020,6055.940
122.620,191.932,1119.585,164.780,0.390,-0.007,0.282,0.710,0.140,6056.850
122.640,192.196,1120.347,162.390,-2.160,0.060,-0.053,-0.240,-0.240,6057.750
122.660,192.464,1121.123,164.840,0.890,-0.073,0.315,0.220,0.040,6058.670
122.680,192.731,1121.895,164.300,0.810,-0.042,-0.043,0.240,0.110,6059.580
122.700,193.002,1122.681,166.740,-0.380,-0.050,0.281,-0.450,-0.290,6060.510
122.720,193.271,1123.461,165.710,0.120,0.021,-0.056,-0.160,0.150,6061.430
122.740,193.542,1124.244,166.200,0.110,-0.009,0.230,-0.250,0.110,6062.350
122.760,193.811,1125.022,165.350,-1.980,0.012,-0.042,0.190,-0.240,6063.270
122.780,194.083,1125.810,167.360,-0.400,0.061,0.289,-0.060,-0.360,6064.200
122.800,194.349,1126.579,163.530,-0.360,-0.033,-0.053,-0.370,-0.240,6065.110
122.820,194.617,1127.354,164.730,-0.160,0.005,0.263,0.060,0.040,6066.030
122.840,194.890,1128.147,168.150,-0.530,-0.067,0.258,0.170,-0.020,6066.960
122.860,195.160,1128.927,165.710,0.660,0.058,-0.053,0.930,0.420,6067.880
122.880,195.425,1129.694,163.290,-0.810,0.055,-0.051,0.030,-0.110,6068.790
122.900,195.700,1130.491,168.840,0.910,0.018,0.220,0.010,-0.270,6069.730
122.920,195.974,1131.285,168.420,0.620,0.006,-0.050,0.210,0.200,6070.660
122.940,196.247,1132.077,168.020,1.360,-0.025,-0.030,-0.470,-0.290,6071.590
122.960,196.519,1132.865,167.240,1.730,-0.070,-0.041,-0.860,-0.240,6072.520
122.980,196.796,1133.667,169.740,1.740,0.015,0.256,-0.160,-0.230,6073.470
123.000,197.071,1134.466,169.280,-1.190,0.038,-0.028,0.540,-0.900,6074.410
123.020,197.348,1135.268,169.860,0.340,0.101,0.256,0.620,0.170,6075.350
123.040,197.622,1136.064,168.730,-0.720,-0.020,-0.050,-0.940,0.280,6076.290
123.060,197.896,1136.856,168.020,3.280,0.014,-0.028,0.330,0.280,6077.220
123.080,198.168,1137.645,167.380,0.610,0.056,-0.046,-1.090,0.570,6078.150
123.100,198.438,1138.428,166.220,1.420,0.057,-0.057,0.230,0.450,6079.070
123.120,198.713,1139.225,169.020,0.440,-0.031,0.264,0.200,-0.100,6080.010
123.140,198.989,1140.024,169.300,-2.640,-0.014,0.249,-0.860,0.330,6080.950
123.160,199.262,1140.817,168.040,-0.780,-0.026,-0.058,0.500,-0.030,6081.890
123.180,199.538,1141.617,169.630,-0.690,-0.045,0.255,0.870,-0.130,6082.830
123.200,199.812,1142.411,168.360,-0.390,0.074,-0.045,-0.030,-0.230,6083.770
123.220,200.090,1143.216,170.310,0.360,0.003,0.217,0.070,-0.080,6084.710
123.240,200.363,1144.007,167.830,0.500,-0.004,-0.040,0.740,0.100,6085.640
123.260,200.636,1144.798,167.710,-2.630,0.012,0.005,-0.560,0.470,6086.580
123.280,200.911,1145.596,169.080,-0.240,0.003,0.221,-0.550,0.220,6087.520
123.300,201.189,1146.403,170.830,-0.490,-0.011,0.235,-0.420,-0.230,6088.460
123.320,201.462,1147.195,168.000,1.380,-0.038,0.033,0.020,-0.310,6089.400
123.340,201.741,1148.005,171.460,0.590,0.078,0.225,0.020,0.170,6090.350
123.360,202.014,1148.795,167.570,-0.180,-0.029,-0.011,-0.280,0.270,6091.280
123.380,202.290,1149.597,169.810,0.220,-0.047,0.243,-0.150,0.370,6092.220
123.400,202.564,1150.390,168.200,-1.690,-0.004,-0.048,-0.270,-0.080,6093.160
123.420,202.835,1151.175,166.560,0.660,0.108,-0.054,-0.250,0.140,6094.080
123.440,203.114,1151.984,171.170,-0.400,-0.041,0.263,-0.380,0.260,6095.040
123.460,203.391,1152.789,170.500,-0.810,0.035,-0.097,-0.380,-0.410,6095.980
123.480,203.666,1153.586,168.810,1.310,-0.012,-0.044,-1.000,0.080,6096.920
123.500,203.943,1154.390,170.280,0.270,0.012,0.238,-0.110,0.270,6097.870
123.520,204.223,1155.202,171.870,-0.670,0.046,0.194,-0.980,0.150,6098.820
123.540,204.501,1156.009,170.800,-0.600,-0.086,-0.016,0.380,-0.020,6099.770
123.560,204.780,1156.818,171.200,0.370,-0.045,0.187,-0.280,0.780,6100.720
123.580,205.058,1157.627,171.050,0.290,0.045,0.014,-0.060,0.580,6101.670
123.600,205.337,1158.434,170.920,0.030,0.005,-0.031,-0.190,0.000,6102.620
123.620,205.615,1159.243,171.040,-1.200,0.011,0.209,-0.120,-0.060,6103.570
123.640,205.894,1160.051,171.150,-1.060,0.036,0.290,0.630,0.210,6104.520
123.660,206.172,1160.860,171.100,-0.750,-0.044,-0.073,-0.680,-0.020,6105.470
123.680,206.450,1161.667,170.850,-0.200,0.053,-0.071,-0.810,0.380,6106.420
123.700,206.730,1162.480,171.950,-0.040,0.041,0.196,0.060,-0.380,6107.380
123.720,207.010,1163.292,171.710,-0.160,0.012,-0.076,-0.250,-0.070,6108.330
123.740,207.289,1164.101,171.210,-0.110,0.023,-0.072,0.180,0.210,6109.280
123.760,207.572,1164.926,174.110,1.880,0.058,0.275,0.360,0.300,6110.250
123.780,207.858,1165.755,174.960,0.850,-0.030,0.285,-0.550,-0.440,6111.220
123.800,208.140,1166.575,173.260,1.190,0.033,-0.087,0.300,-0.290,6112.180
123.820,208.422,1167.396,173.500,0.460,0.087,0.258,-0.510,-0.500,6113.150
123.840,208.703,1168.212,172.510,0.070,0.032,-0.105,0.040,-0.260,6114.110
123.860,208.989,1169.043,175.300,0.410,-0.011,0.258,-0.620,-0.380,6115.080
123.880,209.277,1169.880,176.450,0.230,0.116,0.315,0.070,0.160,6116.060
123.900,209.560,1170.702,173.740,0.810,0.012,-0.103,-0.010,0.070,6117.030
123.920,209.842,1171.523,173.350,-0.980,0.070,-0.080,-0.550,-0.050,6117.990
123.940,210.127,1172.351,174.790,0.720,-0.021,0.272,-0.680,0.010,6118.960
123.960,210.411,1173.178,174.620,0.170,0.053,-0.025,0.380,0.360,6119.930
123.980,210.694,1174.001,173.820,-1.810,-0.027,-0.078,-0.230,-0.310,6120.900
124.000,210.980,1174.833,175.430,0.090,0.016,0.294,0.510,-0.580,6121.870
124.020,211.268,1175.669,176.280,-1.310,-0.030,0.226,-0.270,0.210,6122.850
124.040,211.551,1176.492,173.840,-0.530,0.095,0.000,0.650,-0.120,6123.820
124.060,211.843,1177.342,178.970,-0.160,-0.011,0.264,-0.470,-0.310,6124.810
124.080,212.124,1178.161,173.010,-1.510,-0.055,-0.012,0.740,0.170,6125.770
124.100,212.408,1178.985,174.180,-0.050,0.005,0.261,0.090,-0.590,6126.740
124.120,212.695,1179.820,175.950,0.070,0.027,0.270,0.200,-0.260,6127.720
124.140,212.987,1180.671,179.120,0.760,-0.001,0.271,-0.500,-0.720,6128.710
124.160,213.272,1181.500,175.050,-0.450,-0.041,-0.016,0.360,0.080,6129.680
124.180,213.557,1182.327,174.440,0.270,0.052,-0.051,0.380,0.470,6130.650
124.200,213.845,1183.166,177.010,-0.100,0.063,0.223,-0.160,-0.170,6131.640
124.220,214.132,1184.001,175.960,-0.420,-0.082,-0.052,-1.070,-0.240,6132.610
124.240,214.421,1184.843,177.480,-1.670,-0.044,0.230,-0.560,0.540,6133.600
124.260,214.709,1185.680,176.520,-0.110,-0.008,-0.068,-0.560,0.190,6134.580
124.280,214.995,1186.512,175.490,0.740,-0.027,-0.000,0.220,0.710,6135.560
124.300,215.289,1187.370,180.440,-0.930,0.026,0.269,-0.230,0.050,6136.560
124.320,215.570,1188.187,172.640,-0.220,0.092,-0.033,-0.220,0.070,6137.520
124.340,215.864,1189.042,179.940,-0.070,-0.019,0.282,-0.280,0.430,6138.520
124.360,216.155,1189.891,178.760,1.100,0.079,-0.031,0.730,-0.040,6139.510
124.380,216.443,1190.728,176.390,0.030,-0.073,0.006,0.020,0.070,6140.490
124.400,216.737,1191.586,180.460,0.290,0.023,0.187,0.100,-0.730,6141.490
124.420,217.024,1192.419,175.740,-0.010,-0.030,-0.080,-0.310,0.520,6142.470
124.440,217.316,1193.272,179.460,-0.490,0.024,0.229,-0.010,0.120,6143.470
124.460,217.601,1194.101,174.970,-1.130,-0.088,-0.091,-0.490,-0.030,6144.440
124.480,217.889,1194.938,176.520,-0.290,-0.064,0.253,0.170,0.270,6145.420
124.500,218.177,1195.776,176.660,0.390,0.024,0.255,-0.570,-0.350,6146.400
124.520,218.466,1196.618,177.410,0.120,-0.032,0.309,0.370,-0.170,6147.390
124.540,218.758,1197.467,178.700,1.480,-0.016,0.277,-0.370,0.170,6148.380
124.560,219.047,1198.310,177.590,0.950,0.092,-0.065,0.470,0.010,6149.360
124.580,219.334,1199.144,175.920,1.240,0.007,-0.035,0.950,0.130,6150.340
124.600,219.627,1199.999,179.810,-2.030,0.045,0.195,0.000,0.070,6151.340
124.620,219.920,1200.851,179.340,1.580,-0.038,-0.046,0.660,0.190,6152.340
124.640,220.213,1201.707,180.030,0.270,-0.067,0.253,0.380,-0.400,6153.340
124.660,220.506,1202.562,179.820,0.410,-0.004,-0.077,-0.720,0.380,6154.340
124.680,220.802,1203.423,181.140,0.900,-0.075,0.244,0.060,-0.150,6155.340
124.700,221.095,1204.278,179.740,0.020,-0.035,-0.071,0.250,0.020,6156.340
124.720,221.391,1205.141,181.520,-1.070,0.012,0.222,0.300,-0.180,6157.350
124.740,221.683,1205.992,178.980,1.450,-0.006,-0.030,0.090,-0.090,6158.340
124.760,221.975,1206.843,179.210,-0.770,0.017,0.281,0.080,0.070,6159.340
124.780,222.273,1207.712,182.500,-0.990,0.030,0.265,0.000,0.220,6160.350
124.800,222.571,1208.582,182.620,-0.230,-0.060,0.237,0.070,0.270,6161.370
124.820,222.867,1209.446,181.590,-0.390,-0.047,-0.070,-0.610,0.130,6162.380
124.840,223.160,1210.299,179.540,0.000,-0.109,-0.062,-0.120,-0.180,6163.370
124.860,223.453,1211.152,179.570,-0.100,-0.019,0.243,-0.730,0.110,6164.370
124.880,223.752,1212.025,183.160,1.350,0.037,0.224,-0.250,0.070,6165.390
124.900,224.051,1212.898,183.230,0.460,0.075,0.282,-0.300,0.020,6166.410
124.920,224.347,1213.761,181.370,-0.860,0.010,-0.056,-0.330,0.160,6167.420
124.940,224.649,1214.643,185.120,-0.720,0.069,0.273,-0.530,-0.380,6168.440
124.960,224.947,1215.512,182.450,-0.390,0.019,-0.092,0.130,-0.610,6169.460
124.980,225.241,1216.369,180.240,-0.380,0.005,-0.071,-0.160,0.360,6170.460
125.000,225.537,1217.233,181.640,-0.510,-0.031,0.276,-0.210,-0.040,6171.470
125.020,225.834,1218.101,182.210,-1.100,-0.119,0.276,-0.700,0.120,6172.480
125.040,226.132,1218.970,182.470,0.290,0.061,0.214,-0.150,-0.260,6173.490
125.060,226.433,1219.848,184.370,-0.460,-0.003,0.259,0.570,0.380,6174.520
125.080,226.729,1220.710,181.200,-0.950,0.069,-0.040,0.580,0.110,6175.520
125.100,227.024,1221.570,180.790,0.490,-0.047,-0.071,0.190,-0.050,6176.530
125.120,227.324,1222.446,183.830,0.850,0.121,0.261,-0.150,0.090,6177.550
125.140,227.621,1223.314,182.320,-0.250,-0.012,-0.097,0.280,-0.520,6178.560
125.160,227.926,1224.206,186.860,1.780,-0.035,0.222,-0.330,0.110,6179.600
125.180,228.228,1225.087,184.790,2.220,-0.011,-0.032,-0.150,0.450,6180.630
125.200,228.526,1225.957,182.730,0.500,0.009,-0.049,-0.370,0.090,6181.640
125.220,228.829,1226.842,185.480,-0.470,-0.003,0.252,0.450,0.060,6182.670
125.240,229.131,1227.724,184.910,0.270,-0.026,-0.055,0.390,-0.100,6183.700
125.260,229.433,1228.605,184.910,-1.220,-0.090,0.266,-0.020,0.320,6184.730
125.280,229.733,1229.482,183.920,-0.870,-0.040,-0.032,0.870,0.370,6185.750
125.300,230.035,1230.363,184.880,-1.680,0.054,0.274,0.210,-0.130,6186.780
125.320,230.330,1231.226,181.240,-0.630,-0.044,-0.046,0.180,0.110,6187.780
125.340,230.635,1232.116,186.520,-1.230,-0.086,0.238,0.120,0.070,6188.820
125.360,230.928,1232.969,179.540,0.620,-0.053,-0.067,-0.630,0.120,6189.820
125.380,231.228,1233.847,184.170,-0.750,-0.004,0.218,-0.450,-0.230,6190.840
125.400,231.526,1234.716,182.590,0.280,-0.038,-0.062,-0.030,0.340,6191.850
125.420,231.827,1235.595,184.380,0.750,-0.014,0.232,-0.020,0.170,6192.880
125.440,232.129,1236.478,185.170,1.170,-0.040,0.298,0.290,0.360,6193.910
125.460,232.429,1237.353,183.630,-0.350,0.050,-0.081,-0.330,-0.330,6194.930
125.480,232.725,1238.216,181.410,0.310,0.025,-0.019,0.040,-0.320,6195.940
125.500,233.029,1239.104,186.030,0.340,0.111,0.242,0.040,0.620,6196.970
125.520,233.337,1240.007,188.990,1.270,-0.019,0.244,0.060,0.340,6198.020
125.540,233.640,1240.892,185.480,0.780,-0.014,-0.038,0.010,-0.240,6199.050
125.560,233.947,1241.788,187.600,1.300,0.059,0.207,-0.700,0.260,6200.090
125.580,234.255,1242.689,188.560,-1.660,0.020,0.226,-1.130,-0.140,6201.140
125.600,234.554,1243.563,183.600,-0.660,-0.047,-0.087,-0.470,-0.510,6202.160
125.620,234.858,1244.450,185.910,1.030,0.028,0.239,-0.270,-0.630,6203.190
125.640,235.160,1245.332,184.830,0.580,0.020,-0.077,-0.590,-0.010,6204.220
125.660,235.463,1246.217,185.680,-0.130,-0.090,0.290,-0.030,0.470,6205.250
125.680,235.772,1247.124,189.590,-0.470,-0.033,0.232,0.550,0.460,6206.300
125.700,236.079,1248.019,187.520,0.790,0.010,-0.121,0.360,0.380,6207.350
125.720,236.387,1248.920,188.510,-1.980,0.072,0.240,0.230,0.250,6208.390
125.740,236.693,1249.815,187.410,0.790,0.035,-0.026,0.490,0.100,6209.430
125.760,236.996,1250.701,185.810,0.090,-0.028,-0.001,-0.460,0.350,6210.470
125.780,237.304,1251.604,188.790,-0.490,-0.035,0.243,-0.230,-0.600,6211.520
125.800,237.615,1252.511,189.790,0.500,0.040,0.234,0.310,0.300,6212.570
125.820,237.923,1253.412,188.540,-0.390,-0.121,-0.050,-0.240,-0.340,6213.620
125.840,238.231,1254.315,188.940,0.030,-0.040,0.262,-0.210,-0.270,6214.670
125.860,238.536,1255.205,186.500,-0.050,0.070,-0.084,0.930,0.210,6215.700
125.880,238.845,1256.111,189.560,0.740,0.015,0.243,0.050,0.280,6216.760
125.900,239.157,1257.024,190.670,0.160,-0.038,0.249,0.880,-0.180,6217.820
125.920,239.466,1257.929,189.400,-1.910,-0.060,-0.049,-0.910,0.190,6218.870
125.940,239.770,1258.818,186.250,-1.390,0.042,-0.054,-0.320,0.170,6219.900
125.960,240.084,1259.735,191.540,-1.080,0.004,0.222,0.200,-0.090,6220.970
125.980,240.390,1260.632,187.820,0.460,-0.011,-0.040,0.050,0.050,6222.010
126.000,240.701,1261.540,189.960,0.560,0.019,0.249,-1.030,0.620,6223.070
126.020,241.013,1262.454,190.960,1.670,0.008,0.249,-0.110,-0.080,6224.130
126.040,241.325,1263.369,191.290,-1.010,0.004,0.218,1.240,-0.070,6225.190
126.060,241.631,1264.263,187.120,1.310,-0.066,-0.031,0.120,0.050,6226.230
126.080,241.942,1265.172,190.140,-1.940,-0.051,0.222,0.300,-0.050,6227.280
126.100,242.252,1266.082,190.190,0.020,0.037,0.298,-0.320,0.240,6228.340
126.120,242.567,1267.003,192.420,0.250,0.028,0.215,0.120,0.440,6229.410
126.140,242.879,1267.918,191.100,0.240,0.019,-0.027,-0.010,-0.070,6230.470
126.160,243.194,1268.841,192.730,-0.310,-0.029,0.193,0.560,-0.260,6231.540
126.180,243.507,1269.757,191.510,0.120,0.038,-0.118,0.540,0.590,6232.610
126.200,243.819,1270.670,190.740,-1.240,-0.019,-0.067,0.200,0.040,6233.670
126.220,244.131,1271.585,191.280,0.870,0.065,0.182,0.040,-0.510,6234.730
126.240,244.448,1272.512,193.430,0.250,-0.037,0.272,-0.840,0.560,6235.800
126.260,244.757,1273.417,189.340,0.360,-0.026,-0.051,-0.860,0.340,6236.860
126.280,245.072,1274.341,192.790,-0.280,-0.008,0.292,0.040,0.480,6237.930
126.300,245.384,1275.253,190.640,-0.330,0.042,-0.055,0.440,0.430,6238.990
126.320,245.695,1276.164,190.460,0.520,-0.002,-0.043,0.670,0.790,6240.040
126.340,246.011,1277.090,193.410,1.590,0.002,0.242,-0.440,-0.310,6241.120
126.360,246.323,1278.003,190.700,-1.390,-0.020,-0.076,-0.750,-0.240,6242.180
126.380,246.638,1278.926,192.730,-1.440,0.013,0.238,0.470,-0.150,6243.250
126.400,246.951,1279.843,191.580,0.270,-0.004,-0.086,-0.410,-0.160,6244.310
126.420,247.259,1280.746,188.920,-0.330,-0.039,-0.038,-0.790,0.040,6245.360
126.440,247.575,1281.672,193.320,0.120,0.006,0.241,-0.250,-0.150,6246.440
126.460,247.891,1282.596,192.940,-0.020,0.008,-0.053,-0.260,-0.360,6247.510
126.480,248.201,1283.505,190.030,0.620,0.117,0.035,0.660,-0.260,6248.560
126.500,248.515,1284.424,192.000,-0.290,-0.031,0.238,0.430,-0.090,6249.630
126.520,248.826,1285.335,190.480,-1.210,-0.042,-0.041,-0.370,0.340,6250.690
126.540,249.144,1286.267,194.440,-0.790,0.014,0.248,0.700,-0.170,6251.770
126.560,249.464,1287.205,195.570,-0.160,-0.050,0.285,0.060,0.240,6252.860
126.580,249.783,1288.140,194.910,-1.250,-0.054,-0.043,0.530,-0.400,6253.940
126.600,250.102,1289.076,195.260,-0.040,-0.072,0.242,0.660,-0.960,6255.020
126.620,250.418,1290.002,193.150,0.060,-0.039,0.019,-0.130,-0.040,6256.100
126.640,250.736,1290.936,194.890,-0.360,-0.037,0.224,0.290,-0.180,6257.180
126.660,251.054,1291.867,194.210,0.210,-0.064,-0.056,-0.200,-0.260,6258.260
126.680,251.372,1292.800,194.640,-1.610,-0.013,0.277,0.470,-0.300,6259.340
126.700,251.693,1293.741,195.950,-0.950,-0.118,0.225,0.050,-0.210,6260.430
126.720,252.014,1294.683,196.420,-1.140,0.025,0.273,0.480,-0.300,6261.520
126.740,252.331,1295.614,194.220,0.880,-0.028,-0.064,0.760,-0.270,6262.600
126.760,252.647,1296.538,192.840,2.310,-0.020,-0.020,0.270,-0.410,6263.670
126.780,252.965,1297.472,194.820,-0.880,0.029,0.279,-0.050,-0.640,6264.750
126.800,253.284,1298.407,194.920,-0.240,0.019,0.247,-0.040,-0.660,6265.830
126.820,253.604,1299.346,195.820,-0.690,-0.031,0.220,-1.480,0.740,6266.920
126.840,253.926,1300.291,196.790,0.220,0.023,0.238,-0.360,-0.020,6268.020
126.860,254.241,1301.214,192.810,-0.610,0.077,-0.050,0.470,0.460,6269.090
126.880,254.560,1302.148,194.830,0.280,-0.051,0.277,0.480,-0.050,6270.170
126.900,254.878,1303.081,194.530,0.670,0.038,-0.040,-0.370,-0.040,6271.250
126.920,255.202,1304.032,198.000,-1.220,-0.056,0.266,0.080,0.090,6272.350
126.940,255.522,1304.972,195.960,0.270,0.059,-0.040,-0.090,0.190,6273.440
126.960,255.842,1305.911,195.650,-1.790,-0.036,-0.025,0.340,-0.370,6274.530
126.980,256.165,1306.858,197.370,-0.260,-0.038,0.244,1.100,-0.110,6275.620
127.000,256.485,1307.798,195.820,-0.320,0.057,-0.045,0.350,0.090,6276.710
127.020,256.807,1308.742,196.830,-0.230,0.036,0.251,-0.340,-0.580,6277.800
127.040,257.134,1309.703,199.730,-0.310,-0.034,0.237,-0.040,0.390,6278.910
127.060,257.461,1310.663,199.830,-0.490,0.006,0.280,0.700,0.320,6280.020
127.080,257.783,1311.607,196.690,-0.270,-0.035,-0.020,-0.700,-0.630,6281.120
127.100,258.105,1312.554,197.170,0.240,-0.080,0.286,-0.310,-0.260,6282.210
127.120,258.427,1313.498,196.660,0.270,0.009,-0.073,0.350,0.030,6283.300
127.140,258.746,1314.432,194.850,0.120,-0.018,-0.039,0.650,0.250,6284.390
127.160,259.072,1315.391,199.440,-0.570,-0.047,0.283,0.300,0.460,6285.490
127.180,259.402,1316.361,201.660,1.080,0.065,0.295,-0.300,-0.190,6286.610
127.200,259.725,1317.309,197.510,1.530,-0.046,-0.095,0.270,0.700,6287.710
127.220,260.047,1318.256,197.100,-1.290,0.007,-0.050,0.210,-0.010,6288.810
127.240,260.371,1319.207,198.060,0.160,0.054,0.244,0.180,-0.070,6289.910
127.260,260.697,1320.162,198.740,-0.470,-0.013,0.298,-0.050,0.170,6291.010
127.280,261.019,1321.108,197.060,0.930,-0.037,-0.116,0.030,0.090,6292.110
127.300,261.343,1322.060,198.220,-0.010,0.015,0.219,-0.450,0.080,6293.210
127.320,261.672,1323.025,200.580,0.050,0.023,0.293,1.240,0.600,6294.320
127.340,261.998,1323.983,199.390,0.490,0.044,-0.064,0.080,0.070,6295.430
127.360,262.327,1324.951,201.260,-0.300,0.094,0.211,0.270,-0.300,6296.550
127.380,262.655,1325.913,200.040,1.680,-0.023,-0.005,-0.110,-0.250,6297.660
127.400,262.979,1326.864,198.010,0.510,0.010,-0.093,0.420,0.440,6298.760
127.420,263.304,1327.820,198.930,0.930,-0.063,0.281,-0.650,0.210,6299.860
127.440,263.632,1328.783,200.310,-0.220,0.033,0.203,-0.870,-0.470,6300.980
127.460,263.956,1329.736,198.400,-0.120,0.009,-0.093,-0.020,-0.480,6302.080
127.480,264.281,1330.689,198.350,0.810,-0.009,-0.044,1.030,0.010,6303.180
127.500,264.606,1331.643,198.590,0.710,-0.031,0.225,0.600,0.180,6304.280
127.520,264.935,1332.611,201.300,-1.250,-0.017,0.258,-0.400,-0.200,6305.400
127.540,265.263,1333.574,200.120,0.130,0.012,0.004,0.260,-0.500,6306.510
127.560,265.594,1334.549,202.590,0.470,-0.048,0.245,-0.320,-0.340,6307.640
127.580,265.921,1335.508,199.620,-0.130,-0.015,-0.001,0.210,0.490,6308.750
127.600,266.244,1336.456,197.420,0.380,0.001,-0.040,0.250,0.150,6309.850
127.620,266.573,1337.424,201.060,-0.090,-0.077,0.279,0.460,0.300,6310.960
127.640,266.907,1338.406,203.870,-2.250,-0.053,0.179,-0.780,0.350,6312.100
127.660,267.237,1339.376,201.600,-1.310,-0.033,-0.031,-0.630,-0.190,6313.220
127.680,267.564,1340.335,199.640,0.970,0.078,-0.036,-0.040,-0.110,6314.320
127.700,267.890,1341.294,199.410,-0.240,-0.042,-0.061,-0.520,-0.050,6315.430
127.720,268.223,1342.275,203.790,0.190,-0.003,0.307,-0.550,0.130,6316.560
127.740,268.552,1343.242,200.920,-0.000,-0.052,-0.065,0.140,0.330,6317.680
127.760,268.887,1344.228,204.590,-0.830,-0.039,0.202,-0.460,0.560,6318.820
127.780,269.220,1345.207,203.410,-0.470,-0.072,-0.027,1.130,0.240,6319.950
127.800,269.550,1346.176,201.420,0.330,0.034,-0.093,-0.270,0.250,6321.070
127.820,269.885,1347.162,204.470,0.430,-0.066,0.252,-0.140,0.580,6322.200
127.840,270.215,1348.131,201.480,2.190,0.045,-0.010,0.150,-0.060,6323.320
127.860,270.543,1349.097,200.840,-0.480,0.023,-0.035,-0.750,0.360,6324.440
127.880,270.874,1350.068,201.860,1.670,-0.004,0.243,0.250,0.170,6325.560
127.900,271.209,1351.054,204.460,-0.860,0.047,0.239,0.170,0.180,6326.700
127.920,271.545,1352.042,205.160,0.490,0.155,0.288,-0.170,-0.060,6327.830
127.940,271.877,1353.020,203.010,0.180,0.024,-0.087,0.140,-0.420,6328.960
127.960,272.206,1353.987,200.950,-0.130,-0.056,-0.027,0.210,0.100,6330.080
127.980,272.536,1354.956,201.560,-0.010,0.074,0.316,0.720,0.100,6331.200
128.000,272.867,1355.931,202.440,-0.620,0.009,0.266,1.250,-0.170,6332.320
128.020,273.198,1356.904,202.250,0.900,0.106,-0.057,-0.530,-0.030,6333.450
128.040,273.534,1357.891,204.730,-0.840,-0.025,0.245,-0.650,-0.260,6334.580
128.060,273.873,1358.892,207.390,0.320,0.064,0.236,0.050,-0.260,6335.740
128.080,274.210,1359.884,205.820,0.760,-0.000,-0.070,-1.040,-0.140,6336.880
128.100,274.543,1360.862,203.080,1.380,0.133,-0.046,0.320,-0.400,6338.010
128.120,274.877,1361.844,203.880,0.970,-0.014,0.270,0.060,-0.180,6339.140
128.140,275.211,1362.828,204.320,0.570,0.150,0.298,0.180,0.210,6340.280
128.160,275.548,1363.821,205.800,-0.640,0.022,0.191,-0.150,0.440,6341.420
128.180,275.889,1364.823,207.720,-0.790,0.042,0.177,0.130,0.620,6342.570
128.200,276.224,1365.810,204.810,-1.140,0.085,-0.001,0.240,-0.120,6343.710
128.220,276.565,1366.814,207.960,-1.230,-0.039,0.252,0.100,0.360,6344.870
128.240,276.907,1367.823,208.960,-0.000,0.048,0.253,-0.670,0.100,6346.030
128.260,277.243,1368.813,205.420,-0.730,-0.015,-0.035,0.090,-0.070,6347.170
128.280,277.580,1369.804,205.530,1.200,0.008,0.244,0.930,0.120,6348.310
128.300,277.917,1370.796,205.700,-0.580,0.004,0.309,0.120,0.330,6349.450
128.320,278.255,1371.791,206.480,0.090,0.029,0.265,0.070,-0.150,6350.600
128.340,278.593,1372.785,206.000,-0.260,0.027,-0.063,0.780,-0.160,6351.740
128.360,278.933,1373.789,208.010,-1.400,-0.029,0.239,-0.370,-0.120,6352.900
128.380,279.268,1374.774,204.500,1.090,0.006,-0.054,0.440,-0.190,6354.040
128.400,279.606,1375.768,206.170,0.700,-0.117,0.227,-0.270,0.360,6355.180
128.420,279.946,1376.770,207.610,0.810,0.050,0.301,0.540,-0.230,6356.340
128.440,280.288,1377.777,208.570,0.590,0.085,0.254,0.400,-0.180,6357.490
128.460,280.633,1378.795,210.710,-0.760,0.010,0.215,-0.210,0.090,6358.660
128.480,280.970,1379.787,205.630,-0.740,-0.080,-0.038,-0.130,0.070,6359.810
128.500,281.308,1380.784,206.730,0.450,0.037,0.293,0.490,-0.120,6360.960
128.520,281.643,1381.769,204.450,1.540,-0.038,-0.018,-0.930,0.510,6362.090
128.540,281.981,1382.764,206.330,0.390,0.009,0.227,-0.220,-0.190,6363.240
128.560,282.318,1383.755,205.490,0.980,0.034,-0.083,0.310,-0.050,6364.380
128.580,282.658,1384.756,207.510,-0.530,0.027,0.293,-0.150,-0.580,6365.530
128.600,282.999,1385.760,208.100,1.100,0.054,0.201,0.070,-0.090,6366.690
128.620,283.342,1386.771,209.290,-0.420,0.007,0.261,-1.020,-0.400,6367.850
128.640,283.683,1387.777,208.280,0.240,0.009,-0.067,-0.430,-0.270,6369.010
128.660,284.026,1388.789,209.580,-0.370,0.037,0.289,0.340,-0.590,6370.170
128.680,284.369,1389.799,209.200,0.890,-0.004,-0.082,-0.380,-0.270,6371.330
128.700,284.709,1390.801,207.620,0.900,-0.034,-0.074,-0.650,-0.020,6372.490
128.720,285.048,1391.799,206.790,-1.480,0.023,-0.031,0.530,-0.070,6373.640
128.740,285.393,1392.815,210.340,1.330,-0.056,0.274,0.260,-0.120,6374.810
128.760,285.740,1393.840,212.080,2.380,-0.004,0.291,-0.540,-0.100,6375.980
128.780,286.090,1394.874,213.560,-0.360,-0.069,0.264,0.070,-0.150,6377.170
128.800,286.437,1395.895,211.310,-0.130,-0.028,-0.040,-0.530,-0.010,6378.340
128.820,286.785,1396.922,212.240,1.240,-0.026,0.281,-0.080,-0.030,6379.520
128.840,287.130,1397.941,210.890,0.070,-0.049,-0.091,0.090,0.080,6380.690
128.860,287.476,1398.959,210.800,-0.000,0.055,-0.076,-0.400,-0.060,6381.870
128.880,287.821,1399.977,210.660,1.900,0.051,-0.089,0.370,-0.130,6383.040
128.900,288.166,1400.994,210.480,-1.350,0.066,-0.131,0.450,0.230,6384.210
128.920,288.513,1402.018,211.700,-0.790,-0.009,0.275,0.130,0.180,6385.380
128.940,288.857,1403.033,210.150,0.420,-0.022,-0.007,0.210,-0.010,6386.550
128.960,289.203,1404.052,210.860,-1.620,0.040,0.267,-0.730,0.360,6387.720
128.980,289.546,1405.064,209.460,-0.370,0.006,-0.039,0.680,0.020,6388.880
129.000,289.894,1406.089,212.080,-0.380,0.006,0.253,-0.050,-0.050,6390.060
129.020,290.238,1407.104,210.080,0.960,-0.127,-0.048,-0.470,-0.020,6391.230
129.040,290.585,1408.128,211.710,0.690,0.038,0.301,0.070,0.050,6392.410
129.060,290.934,1409.156,212.560,-1.680,0.031,0.296,0.370,-0.280,6393.590
129.080,291.283,1410.185,212.840,-0.690,-0.000,0.232,0.260,-0.560,6394.770
129.100,291.632,1411.217,213.260,-0.690,0.041,0.283,-0.540,0.080,6395.950
129.120,291.980,1412.242,211.930,-0.220,0.030,-0.013,0.380,0.250,6397.130
129.140,292.329,1413.273,213.130,-1.100,-0.035,0.270,-0.030,-0.300,6398.320
129.160,292.676,1414.297,211.810,0.450,-0.011,-0.038,0.250,0.320,6399.490
129.180,293.020,1415.310,209.730,-0.690,-0.050,-0.039,-0.400,-0.490,6400.660
129.200,293.370,1416.344,213.630,0.590,0.073,0.206,0.520,-0.170,6401.840
129.220,293.720,1417.377,213.430,-0.000,0.049,-0.097,0.090,0.510,6403.030
129.240,294.072,1418.416,214.650,-0.970,-0.041,0.273,0.590,0.110,6404.220
129.260,294.422,1419.447,213.240,1.390,0.031,-0.083,-0.770,-0.090,6405.410
129.280,294.768,1420.467,211.020,1.420,0.014,-0.092,-0.700,0.080,6406.580
129.300,295.117,1421.500,213.430,0.290,-0.034,0.188,-0.120,0.360,6407.760
129.320,295.470,1422.541,215.050,-0.240,0.006,0.236,0.730,-0.430,6408.960
129.340,295.822,1423.580,214.580,-1.060,0.043,-0.039,0.980,0.400,6410.150
129.360,296.173,1424.614,213.790,1.070,0.047,-0.036,-0.440,-0.150,6411.340
129.380,296.519,1425.638,211.660,0.820,0.117,-0.024,0.030,0.210,6412.520
129.400,296.868,1426.667,212.760,-0.810,0.005,0.238,0.080,-0.180,6413.700
129.420,297.221,1427.709,215.170,-0.690,-0.012,0.253,0.360,0.510,6414.890
129.440,297.569,1428.734,212.100,0.460,0.028,-0.025,0.440,-0.010,6416.070
129.460,297.920,1429.771,214.270,-1.180,-0.009,0.264,-0.560,-0.400,6417.260
129.480,298.273,1430.812,214.950,-0.630,-0.029,0.232,0.030,0.140,6418.460
129.500,298.628,1431.862,216.760,-1.040,-0.046,0.259,-1.000,0.390,6419.660
129.520,298.983,1432.909,216.100,-1.010,-0.171,-0.110,0.410,0.360,6420.860
129.540,299.338,1433.960,216.770,-0.720,0.037,0.250,-0.170,0.030,6422.060
129.560,299.692,1435.005,215.930,0.910,-0.082,-0.069,-0.600,0.240,6423.260
129.580,300.044,1436.043,214.350,-1.750,-0.044,-0.004,0.170,-0.130,6424.460
129.600,300.396,1437.083,214.850,0.430,0.015,0.221,-0.180,0.180,6425.650
129.620,300.748,1438.122,214.520,0.260,-0.016,-0.046,0.630,0.110,6426.840
129.640,301.104,1439.173,216.950,0.970,0.107,0.237,-0.450,-0.870,6428.050
129.660,301.457,1440.215,215.170,0.260,-0.075,-0.067,1.110,-0.300,6429.240
129.680,301.810,1441.260,215.760,-0.380,0.112,0.261,0.430,0.060,6430.440
129.700,302.166,1442.309,216.540,-0.820,0.069,0.237,0.640,0.050,6431.640
129.720,302.525,1443.372,219.110,0.990,0.045,0.306,-0.510,-0.010,6432.860
129.740,302.882,1444.427,217.780,0.500,0.072,-0.109,0.890,0.030,6434.070
129.760,303.236,1445.472,215.780,-0.490,0.020,-0.031,-0.610,0.360,6435.270
129.780,303.593,1446.526,217.320,0.910,-0.085,0.247,-0.100,0.110,6436.480
129.800,303.953,1447.591,219.710,-0.450,0.026,0.248,0.650,-0.700,6437.700
129.820,304.311,1448.650,218.300,-0.000,-0.074,-0.041,0.250,0.580,6438.910
129.840,304.664,1449.692,215.130,-0.600,-0.026,-0.020,-0.620,-0.570,6440.100
129.860,305.019,1450.739,216.300,0.530,-0.004,0.258,0.570,0.290,6441.310
129.880,305.374,1451.787,216.330,-0.990,-0.046,0.280,0.170,-0.470,6442.510
129.900,305.735,1452.856,220.130,-0.300,0.047,0.251,-0.210,0.430,6443.730
129.920,306.096,1453.923,220.000,-0.650,-0.011,-0.081,-0.770,-0.080,6444.950
129.940,306.452,1454.976,217.320,0.260,0.020,-0.053,0.220,0.120,6446.160
129.960,306.809,1456.030,217.440,0.390,-0.000,0.285,-0.080,-0.600,6447.370
129.980,307.168,1457.090,218.620,-1.100,0.006,0.238,0.080,0.220,6448.580
130.000,307.527,1458.151,218.810,0.410,-0.044,0.218,-0.790,0.120,6449.800
130.020,307.883,1459.205,217.400,-1.480,-0.059,-0.031,-0.210,0.190,6451.010
130.040,308.242,1460.265,218.620,2.190,-0.008,0.260,0.240,0.280,6452.220
130.060,308.598,1461.317,216.960,-0.510,-0.048,-0.073,0.940,0.050,6453.430
130.080,308.961,1462.390,221.200,1.050,0.070,0.243,-0.100,-0.060,6454.660
130.100,309.316,1463.441,216.790,0.200,-0.069,-0.055,0.720,-0.240,6455.860
130.120,309.672,1464.492,216.920,0.240,0.117,0.250,0.390,-0.130,6457.060
130.140,310.034,1465.561,220.380,-1.170,0.015,0.269,0.120,0.360,6458.290
130.160,310.392,1466.618,218.020,0.840,0.003,-0.062,-0.510,-0.250,6459.500
130.180,310.751,1467.682,219.270,0.050,-0.027,0.271,-0.490,-0.550,6460.720
130.200,311.113,1468.751,220.260,0.470,0.033,0.234,0.310,-0.300,6461.940
130.220,311.476,1469.825,221.330,-0.090,-0.010,0.300,-0.260,0.180,6463.170
130.240,311.837,1470.893,220.130,0.130,0.015,0.001,-0.310,-0.090,6464.390
130.260,312.204,1471.978,223.280,-0.890,0.042,0.224,-0.090,0.180,6465.640
130.280,312.566,1473.050,220.750,-0.150,0.033,-0.087,-0.080,-0.600,6466.860
130.300,312.932,1474.131,222.690,-0.420,0.062,0.279,0.450,-0.890,6468.100
130.320,313.295,1475.206,221.460,-0.710,0.027,-0.042,-0.250,0.080,6469.330
130.340,313.663,1476.297,224.390,0.130,-0.048,0.267,0.400,0.300,6470.580
130.360,314.029,1477.380,222.930,0.360,-0.104,-0.070,0.220,-0.510,6471.810
130.380,314.393,1478.456,221.550,0.250,0.011,-0.054,-0.840,0.160,6473.050
130.400,314.758,1479.537,222.580,-0.100,0.011,0.240,0.150,0.360,6474.280
130.420,315.122,1480.611,221.390,0.410,0.096,-0.041,-1.330,-0.000,6475.510
130.440,315.485,1481.687,221.520,0.240,-0.006,0.213,-0.450,0.270,6476.740
130.460,315.846,1482.755,220.120,0.100,0.019,-0.053,0.230,0.060,6477.970
130.480,316.209,1483.828,221.010,0.170,0.039,0.212,-0.010,-0.080,6479.190
130.500,316.579,1484.924,225.460,1.180,0.026,0.235,-0.880,0.250,6480.450
130.520,316.941,1485.995,220.710,-1.210,0.042,-0.053,-0.560,0.570,6481.670
130.540,317.305,1487.072,221.680,-0.320,-0.041,0.265,-1.300,-0.170,6482.900
130.560,317.671,1488.153,222.670,0.340,-0.049,0.268,-0.670,-0.030,6484.140
130.580,318.037,1489.236,222.860,-1.580,-0.014,0.273,0.290,-0.300,6485.380
130.600,318.404,1490.323,223.670,1.380,-0.109,0.206,-0.280,0.050,6486.620
130.620,318.769,1491.404,222.540,0.250,-0.002,-0.012,0.080,-0.050,6487.860
130.640,319.137,1492.492,224.060,0.960,-0.033,0.231,0.010,0.350,6489.100
130.660,319.507,1493.588,225.250,1.120,0.016,0.233,0.020,0.430,6490.350
130.680,319.877,1494.685,225.590,0.410,-0.013,0.258,0.510,0.240,6491.610
130.700,320.244,1495.770,223.430,-2.230,-0.051,-0.060,-0.100,0.310,6492.850
130.720,320.613,1496.864,224.900,0.150,0.066,0.261,0.460,-0.210,6494.100
130.740,320.978,1497.944,222.410,0.210,0.004,-0.034,-1.240,-0.290,6495.330
130.760,321.345,1499.028,223.190,-1.090,0.043,0.227,0.560,0.130,6496.570
130.780,321.710,1500.110,222.660,-1.790,0.009,-0.056,-0.650,0.010,6497.810
130.800,322.079,1501.201,224.500,0.460,0.023,0.245,-0.540,0.600,6499.060
130.820,322.445,1502.286,223.420,-1.250,-0.068,-0.021,-0.350,-0.580,6500.300
130.840,322.811,1503.368,222.580,2.060,0.064,-0.064,0.540,0.190,6501.530
130.860,323.179,1504.458,224.430,0.260,0.044,0.235,-0.440,0.180,6502.780
130.880,323.544,1505.539,222.560,1.350,-0.001,-0.081,-0.330,-0.230,6504.020
130.900,323.918,1506.645,227.290,0.030,0.014,0.223,-0.480,-0.290,6505.280
130.920,324.287,1507.737,224.610,0.750,0.050,-0.091,0.130,-0.100,6506.530
130.940,324.659,1508.842,227.070,0.050,-0.019,0.229,0.370,-0.490,6507.790
130.960,325.029,1509.936,225.000,1.010,-0.079,-0.002,0.850,0.440,6509.040
130.980,325.397,1511.025,224.090,-2.040,-0.018,-0.029,1.200,0.810,6510.290
131.000,325.771,1512.134,227.790,0.890,0.008,0.288,0.330,-0.100,6511.550
131.020,326.143,1513.235,226.310,0.670,-0.002,-0.079,0.180,-0.190,6512.810
131.040,326.519,1514.350,229.150,-0.150,0.066,0.192,-0.610,-0.390,6514.080
131.060,326.890,1515.448,225.770,-0.410,-0.048,-0.041,0.950,-0.330,6515.340
131.080,327.261,1516.547,225.950,-0.300,-0.042,0.306,0.110,-0.180,6516.590
131.100,327.636,1517.659,228.270,0.280,-0.053,0.235,-0.140,0.360,6517.860
131.120,328.011,1518.771,228.430,1.210,0.021,0.253,0.190,0.960,6519.130
131.140,328.384,1519.877,227.290,-0.530,-0.076,-0.097,-0.320,-0.220,6520.390
131.160,328.766,1521.009,232.210,-1.700,0.037,0.251,-1.170,-0.270,6521.680
131.180,329.138,1522.113,226.930,2.480,-0.047,-0.054,0.290,-0.350,6522.940
131.200,329.509,1523.210,225.590,0.670,-0.039,-0.113,0.670,0.140,6524.190
131.220,329.880,1524.310,226.140,-0.390,0.089,0.219,0.280,0.100,6525.450
131.240,330.254,1525.416,227.380,1.190,0.062,0.216,-0.000,0.030,6526.710
131.260,330.632,1526.538,230.210,0.930,0.006,0.203,0.010,-0.130,6527.990
131.280,331.006,1527.647,227.800,0.490,-0.066,-0.072,0.090,0.410,6529.260
131.300,331.385,1528.770,230.580,-0.480,0.101,0.265,0.070,0.230,6530.540
131.320,331.761,1529.885,229.030,0.670,-0.010,-0.069,-0.030,0.220,6531.810
131.340,332.139,1531.006,230.150,1.090,0.012,0.284,0.010,0.110,6533.090
131.360,332.516,1532.123,229.250,-1.720,0.046,-0.061,0.780,-0.060,6534.360
131.380,332.892,1533.240,229.380,0.220,-0.098,0.260,0.240,-0.210,6535.640
131.400,333.270,1534.361,230.090,0.300,-0.032,0.265,0.050,0.160,6536.920
131.420,333.645,1535.472,228.260,0.270,-0.003,-0.004,0.330,0.130,6538.190
131.440,334.021,1536.584,228.420,0.050,0.007,0.229,0.330,0.170,6539.450
131.460,334.398,1537.704,229.930,1.190,-0.065,0.263,0.470,-0.470,6540.730
131.480,334.780,1538.837,232.460,-0.210,0.016,0.222,-0.380,0.100,6542.020
131.500,335.154,1539.944,227.380,-0.000,0.002,0.002,-0.240,-0.090,6543.290
131.520,335.526,1541.047,226.800,0.320,0.083,-0.081,-0.410,-0.260,6544.550
131.540,335.903,1542.166,229.590,-0.180,0.050,0.262,0.380,0.220,6545.820
131.560,336.284,1543.295,231.680,-1.390,-0.013,0.297,0.360,0.050,6547.110
131.580,336.662,1544.417,230.360,0.210,-0.010,-0.086,-0.640,0.710,6548.390
131.600,337.038,1545.530,228.670,0.230,0.051,-0.032,0.200,0.150,6549.660
131.620,337.417,1546.655,230.690,-0.370,0.014,0.220,0.690,-0.090,6550.940
131.640,337.792,1547.765,228.120,-0.130,-0.069,0.020,-0.120,-0.030,6552.210
131.660,338.173,1548.895,231.810,-3.180,0.105,0.193,0.160,-0.350,6553.500
131.680,338.551,1550.018,230.550,1.210,-0.049,-0.096,0.370,0.370,6554.780
131.700,338.931,1551.144,231.040,0.900,0.124,0.216,-0.660,0.090,6556.060
131.720,339.312,1552.275,231.950,-1.340,0.021,0.217,0.080,0.100,6557.350
131.740,339.693,1553.404,231.760,-0.680,-0.032,-0.034,0.640,-0.320,6558.640
131.760,340.072,1554.529,230.790,1.450,-0.118,0.004,-0.300,0.230,6559.920
131.780,340.456,1555.667,233.300,-1.150,0.039,0.285,0.420,-0.280,6561.210
131.800,340.839,1556.804,233.090,0.480,-0.078,-0.043,0.010,-0.170,6562.510
131.820,341.216,1557.921,229.380,-0.490,0.018,-0.050,-0.340,0.040,6563.780
131.840,341.596,1559.051,231.840,0.410,0.097,0.232,-0.050,-0.170,6565.070
131.860,341.976,1560.175,230.710,0.050,-0.057,-0.038,-0.260,-0.240,6566.350
131.880,342.354,1561.298,230.580,-0.280,0.037,-0.056,-0.440,-0.020,6567.630
131.900,342.738,1562.437,233.430,0.390,-0.041,0.256,-0.130,0.300,6568.930
131.920,343.119,1563.569,232.150,-0.490,0.057,-0.072,0.030,0.270,6570.220
131.940,343.502,1564.703,232.710,-1.780,0.003,0.214,-0.080,0.210,6571.510
131.960,343.883,1565.835,232.060,-0.930,-0.001,-0.049,-0.130,0.150,6572.800
131.980,344.267,1566.975,233.770,-1.050,0.060,0.250,0.110,-0.140,6574.100
132.000,344.653,1568.119,234.380,-1.600,0.031,0.232,0.270,0.340,6575.400
132.020,345.042,1569.275,236.760,0.370,-0.040,0.227,-0.570,-0.520,6576.720
132.040,345.425,1570.413,233.380,-0.170,0.089,-0.033,-0.130,0.130,6578.020
132.060,345.806,1571.542,231.630,0.350,-0.077,-0.036,-0.990,0.250,6579.300
132.080,346.189,1572.679,233.190,0.520,0.014,0.306,-0.080,-0.030,6580.600
132.100,346.576,1573.828,235.360,0.760,-0.041,0.291,0.080,-0.220,6581.910
132.120,346.959,1574.965,233.080,0.410,-0.074,-0.086,0.280,-0.010,6583.200
132.140,347.341,1576.097,232.160,-0.980,-0.057,-0.056,0.080,-0.230,6584.490
132.160,347.724,1577.235,233.410,0.580,-0.002,0.209,0.270,0.150,6585.790
132.180,348.109,1578.376,233.880,0.220,0.017,0.195,0.030,0.280,6587.090
132.200,348.492,1579.513,233.200,2.190,0.053,0.016,-0.340,0.130,6588.380
132.220,348.879,1580.662,235.300,0.010,0.074,0.294,-0.560,0.120,6589.690
132.240,349.265,1581.808,235.000,0.380,0.014,-0.069,-0.130,0.230,6590.990
132.260,349.654,1582.963,236.450,-0.090,-0.022,0.287,-0.380,0.260,6592.310
132.280,350.040,1584.108,234.740,0.050,0.052,-0.008,-0.060,-0.230,6593.610
132.300,350.428,1585.263,236.400,-0.020,-0.031,0.192,-0.250,-0.460,6594.930
132.320,350.814,1586.409,234.970,-0.430,-0.080,-0.024,0.210,0.080,6596.230
132.340,351.199,1587.552,234.160,0.180,0.047,-0.065,0.020,0.280,6597.530
132.360,351.586,1588.700,235.180,0.620,0.066,0.261,0.220,-0.470,6598.840
132.380,351.970,1589.840,233.720,-0.420,-0.041,0.040,0.220,0.020,6600.140
132.400,352.363,1591.008,238.970,0.840,0.098,0.298,-0.090,0.340,6601.460
132.420,352.752,1592.163,236.650,0.710,0.029,-0.054,-0.060,-0.030,6602.780
132.440,353.139,1593.312,235.390,-0.880,0.022,-0.007,0.250,0.460,6604.090
132.460,353.527,1594.465,236.170,-0.960,-0.026,0.192,1.220,0.400,6605.400
132.480,353.910,1595.602,233.200,0.450,0.051,-0.035,-0.490,-0.050,6606.690
132.500,354.304,1596.771,239.180,-0.590,-0.076,0.266,0.020,-0.110,6608.020
132.520,354.697,1597.940,239.180,-1.050,-0.017,-0.029,-0.600,-0.100,6609.350
132.540,355.088,1599.100,237.480,1.720,-0.037,-0.065,-0.010,0.040,6610.670
132.560,355.479,1600.263,237.940,-0.970,-0.065,0.261,-0.340,-0.350,6611.990
132.580,355.866,1601.413,235.710,-1.520,0.043,-0.024,-0.060,-0.410,6613.300
132.600,356.254,1602.565,235.970,-0.780,0.017,0.180,0.080,-0.680,6614.610
132.620,356.641,1603.714,235.360,0.230,0.040,-0.059,-0.240,-0.010,6615.920
132.640,357.032,1604.876,237.810,0.070,-0.014,0.223,-0.890,0.610,6617.240
132.660,357.426,1606.048,239.790,1.890,0.049,0.270,0.710,-0.600,6618.580
132.680,357.817,1607.209,237.770,-0.770,0.004,-0.009,0.420,-0.060,6619.900
132.700,358.210,1608.378,239.010,0.240,-0.024,0.232,-0.070,-0.060,6621.220
132.720,358.605,1609.551,240.110,1.130,-0.032,0.217,-0.450,-0.050,6622.560
132.740,358.994,1610.705,236.350,-0.660,-0.099,-0.046,0.040,0.380,6623.870
132.760,359.391,1611.888,241.700,0.700,0.058,0.215,0.180,-0.270,6625.210
132.780,359.787,1613.065,240.810,-1.830,0.053,-0.057,0.390,-0.580,6626.550
132.800,360.182,1614.239,240.000,1.760,0.146,-0.060,0.430,-0.160,6627.880
132.820,360.578,1615.416,240.760,0.990,-0.017,0.267,0.530,-0.200,6629.220
132.840,360.975,1616.594,240.970,-0.680,-0.033,0.259,-0.870,-0.670,6630.560
132.860,361.369,1617.768,240.100,0.830,-0.085,-0.045,-0.150,0.070,6631.890
132.880,361.767,1618.952,241.950,1.310,0.048,0.299,0.500,-0.360,6633.240
132.900,362.161,1620.121,239.280,-1.290,0.036,-0.042,-0.460,-0.020,6634.570
132.920,362.557,1621.299,240.800,-0.600,0.078,0.237,0.610,-0.110,6635.910
132.940,362.955,1622.484,242.230,1.350,-0.046,0.241,0.910,-0.320,6637.250
132.960,363.344,1623.638,236.360,0.070,0.036,-0.073,0.600,0.270,6638.570
132.980,363.741,1624.818,241.200,0.440,-0.026,0.219,0.330,-0.080,6639.910
133.000,364.138,1626.000,241.780,0.070,0.067,0.208,-0.220,0.020,6641.250
133.020,364.530,1627.165,238.270,0.890,0.027,-0.016,0.140,0.180,6642.570
133.040,364.927,1628.345,241.410,0.510,-0.078,0.228,-0.670,0.090,6643.910
133.060,365.322,1629.518,239.940,0.110,-0.007,-0.041,-0.390,0.040,6645.250
133.080,365.720,1630.702,241.870,-2.100,-0.097,0.241,-0.360,-0.250,6646.590
133.100,366.117,1631.882,241.280,0.640,-0.058,-0.051,0.030,-0.330,6647.930
133.120,366.512,1633.056,240.150,0.730,-0.055,-0.015,-0.200,0.050,6649.260
133.140,366.912,1634.247,243.380,-1.240,-0.032,0.255,0.130,-0.290,6650.620
133.160,367.309,1635.427,241.240,-1.170,-0.013,-0.078,0.440,0.240,6651.960
133.180,367.708,1636.613,242.410,0.520,0.008,0.233,-0.350,-0.040,6653.300
133.200,368.109,1637.808,244.130,0.190,0.006,0.276,0.070,0.190,6654.660
133.220,368.505,1638.986,240.930,-1.970,-0.001,-0.036,-0.210,-0.300,6656.000
133.240,368.904,1640.173,242.460,-0.820,0.017,0.278,0.100,-0.340,6657.350
133.260,369.302,1641.356,241.850,0.310,-0.062,-0.057,0.340,0.500,6658.690
133.280,369.701,1642.541,242.330,0.680,0.004,0.208,0.460,-0.040,6660.040
133.300,370.106,1643.747,246.120,-0.580,0.072,0.265,0.340,0.270,6661.400
133.320,370.507,1644.940,243.720,-0.150,-0.008,-0.042,0.210,-0.420,6662.760
133.340,370.908,1646.133,243.650,-0.880,0.025,-0.042,-0.710,-0.080,6664.110
133.360,371.309,1647.328,244.120,1.320,0.020,0.209,-0.540,0.390,6665.470
133.380,371.711,1648.523,244.120,0.170,0.043,0.231,-0.410,-0.470,6666.820
133.400,372.107,1649.701,240.880,-0.670,0.014,-0.078,0.180,0.680,6668.160
133.420,372.514,1650.913,247.210,-1.160,0.042,0.262,-0.650,0.060,6669.530
133.440,372.912,1652.095,241.720,-1.270,0.025,-0.037,0.170,-0.250,6670.880
133.460,373.318,1653.304,246.660,1.810,0.033,0.249,0.130,0.110,6672.250
133.480,373.721,1654.504,245.140,-0.170,0.022,-0.021,-0.970,0.330,6673.610
133.500,374.123,1655.702,244.630,-0.400,-0.050,-0.005,-0.540,-0.250,6674.970
133.520,374.525,1656.897,244.040,-0.210,-0.059,-0.039,0.520,-0.200,6676.320
133.540,374.934,1658.115,248.560,-0.630,-0.018,0.270,0.350,0.070,6677.710
133.560,375.338,1659.319,245.700,-0.110,0.078,-0.066,-0.430,0.140,6679.070
133.580,375.741,1660.518,244.970,0.030,-0.009,-0.072,-0.520,-0.060,6680.430
133.600,376.143,1661.714,244.290,0.020,0.015,-0.020,-1.230,0.120,6681.790
133.620,376.545,1662.910,244.250,-1.260,-0.098,-0.076,0.740,0.260,6683.150
133.640,376.949,1664.112,245.460,0.890,0.010,0.271,0.020,0.050,6684.510
133.660,377.351,1665.308,244.130,-0.550,0.004,0.002,0.940,-0.210,6685.870
133.680,377.757,1666.516,246.690,-0.660,-0.134,0.270,-0.100,-0.010,6687.240
133.700,378.160,1667.715,244.850,-0.700,0.015,-0.052,0.140,0.530,6688.600
133.720,378.567,1668.928,247.480,-1.050,-0.083,0.210,0.450,0.100,6689.970
133.740,378.975,1670.142,247.590,0.270,-0.036,0.255,0.820,0.370,6691.350
133.760,379.380,1671.348,246.180,0.890,0.050,-0.020,0.250,-0.150,6692.710
133.780,379.787,1672.559,247.280,-0.720,0.008,0.245,0.000,0.080,6694.090
133.800,380.194,1673.773,247.500,-1.840,-0.022,0.281,0.010,0.240,6695.460
133.820,380.596,1674.970,244.510,-1.030,-0.027,-0.039,-0.520,0.450,6696.820
133.840,381.007,1676.193,249.450,-0.450,-0.021,0.259,-0.190,0.370,6698.210
133.860,381.413,1677.401,246.610,-1.230,0.008,-0.060,0.030,-0.340,6699.580
133.880,381.821,1678.618,248.180,-0.600,-0.060,0.206,0.690,0.350,6700.960
133.900,382.230,1679.836,248.370,-0.550,0.056,0.237,-0.220,0.510,6702.340
133.920,382.631,1681.028,243.700,-0.020,-0.057,-0.063,0.530,-0.170,6703.690
133.940,383.037,1682.237,246.600,-1.450,-0.086,0.267,-0.040,-0.270,6705.060
133.960,383.447,1683.458,248.990,0.580,0.050,0.250,0.620,-0.010,6706.440
133.980,383.855,1684.673,247.970,1.660,-0.022,-0.018,0.340,0.050,6707.820
134.000,384.265,1685.894,249.050,1.430,0.004,0.258,0.300,-0.110,6709.200
134.020,384.673,1687.112,248.310,-0.580,0.033,-0.065,0.490,-0.360,6710.580
134.040,385.085,1688.339,250.160,0.670,-0.036,0.226,0.420,0.440,6711.970
134.060,385.495,1689.558,248.630,0.550,0.007,-0.068,0.530,-0.260,6713.350
134.080,385.907,1690.788,250.740,-0.040,0.032,0.255,1.070,-0.150,6714.750
134.100,386.314,1692.000,247.280,0.180,0.082,-0.061,0.810,0.030,6716.120
134.120,386.724,1693.219,248.710,0.680,-0.026,0.218,0.230,-0.440,6717.500
134.140,387.132,1694.436,248.160,0.880,-0.023,-0.020,-0.220,-0.460,6718.880
134.160,387.543,1695.661,249.780,-0.810,0.028,0.255,0.180,-0.130,6720.270
134.180,387.953,1696.881,248.920,0.750,0.010,-0.042,-0.960,0.250,6721.650
134.200,388.363,1698.103,249.140,1.670,-0.007,0.225,0.410,0.060,6723.040
134.220,388.772,1699.322,248.580,0.880,0.080,-0.081,-0.530,-0.620,6724.420
134.240,389.182,1700.543,249.090,1.540,-0.084,0.245,0.560,0.420,6725.800
134.260,389.594,1701.769,249.910,-2.580,-0.071,0.189,0.990,0.240,6727.190
134.280,390.000,1702.979,247.040,0.600,-0.084,-0.027,-0.730,0.060,6728.560
134.300,390.406,1704.189,246.770,0.260,0.060,-0.071,-0.030,0.050,6729.930
134.320,390.819,1705.417,250.450,1.030,0.026,0.242,-0.530,0.200,6731.320
134.340,391.224,1706.624,246.360,-1.130,-0.069,-0.037,-0.860,0.700,6732.690
134.360,391.636,1707.852,250.370,-0.510,-0.006,0.243,-0.050,0.260,6734.080
134.380,392.048,1709.080,250.240,0.900,-0.001,-0.085,0.320,0.090,6735.470
134.400,392.463,1710.315,251.770,-1.060,-0.110,0.295,0.380,-0.370,6736.870
134.420,392.875,1711.542,250.090,0.240,0.009,-0.096,0.080,0.050,6738.260
134.440,393.292,1712.788,253.600,-0.020,-0.059,0.183,-0.830,0.230,6739.670
134.460,393.708,1714.028,252.660,-0.200,0.035,-0.024,0.060,-0.030,6741.070
134.480,394.119,1715.250,249.270,0.570,-0.057,-0.094,-0.750,-0.160,6742.460
134.500,394.532,1716.483,251.260,-1.120,0.011,0.288,-0.710,0.170,6743.860
134.520,394.951,1717.731,254.120,-0.780,0.065,0.261,-0.500,-0.300,6745.270
134.540,395.364,1718.962,250.930,-0.140,0.049,-0.042,0.520,0.260,6746.660
134.560,395.779,1720.200,252.050,-1.200,0.025,0.233,0.270,-0.130,6748.060
134.580,396.198,1721.449,254.380,1.230,-0.004,0.225,0.160,-0.640,6749.470
134.600,396.612,1722.684,251.610,-0.800,-0.075,-0.061,-0.430,-0.140,6750.870
134.620,397.031,1723.932,254.250,0.790,-0.022,0.224,-0.190,-0.020,6752.290
134.640,397.445,1725.166,251.350,-0.880,-0.011,-0.014,-0.690,0.170,6753.680
134.660,397.854,1726.384,248.530,0.700,-0.015,-0.072,0.680,0.130,6755.060
134.680,398.274,1727.636,254.850,-1.610,-0.077,0.265,1.100,-0.390,6756.480
134.700,398.692,1728.883,253.810,1.410,0.022,-0.020,0.280,0.040,6757.890
134.720,399.110,1730.130,254.050,1.140,-0.059,0.224,0.370,-0.160,6759.300
134.740,399.525,1731.366,251.810,-0.550,0.077,-0.039,-0.080,-0.110,6760.700
134.760,399.940,1732.603,252.070,-0.830,0.007,0.223,-0.810,-0.300,6762.100
134.780,400.360,1733.858,255.460,0.460,0.049,0.245,-0.420,-0.020,6763.520
134.800,400.779,1735.107,254.250,-1.530,0.048,-0.064,-0.230,0.940,6764.930
134.820,401.197,1736.354,253.850,0.030,0.104,-0.071,-0.190,0.560,6766.340
134.840,401.616,1737.604,254.510,-0.810,0.009,0.255,-0.310,-0.300,6767.750
134.860,402.039,1738.865,256.590,-0.250,-0.020,0.214,0.020,0.020,6769.180
134.880,402.460,1740.121,255.560,-0.640,-0.019,-0.022,-0.430,-0.090,6770.600
134.900,402.878,1741.368,253.910,-0.800,0.075,-0.082,1.080,0.040,6772.010
134.920,403.294,1742.608,252.660,1.700,-0.066,-0.088,-0.680,0.270,6773.410
134.940,403.715,1743.865,255.790,0.780,-0.044,0.242,0.440,-0.040,6774.840
134.960,404.133,1745.111,253.670,-1.480,0.012,-0.061,-0.130,-0.210,6776.240
134.980,404.550,1746.355,253.430,-0.880,-0.008,-0.039,0.230,0.350,6777.650
135.000,404.974,1747.620,257.320,0.860,0.048,0.253,0.250,-0.370,6779.080
135.020,405.397,1748.882,256.810,0.970,-0.067,-0.099,0.080,0.060,6780.510
135.040,405.819,1750.141,256.220,-1.390,-0.003,-0.020,-0.570,-0.450,6781.930
135.060,406.238,1751.389,253.930,0.700,-0.009,-0.058,-0.170,-0.310,6783.340
135.080,406.664,1752.660,258.620,0.270,-0.054,0.257,0.080,0.220,6784.780
135.100,407.088,1753.927,257.630,-1.940,0.044,0.016,0.050,-0.200,6786.210
135.120,407.509,1755.184,255.770,-0.400,-0.005,-0.011,-0.510,-0.560,6787.630
135.140,407.930,1756.440,255.600,-0.140,-0.007,-0.044,0.650,-0.220,6789.050
135.160,408.353,1757.701,256.640,0.050,-0.041,0.209,-1.250,-0.250,6790.480
135.180,408.775,1758.959,255.950,-1.320,-0.018,-0.091,-0.130,-0.380,6791.900
135.200,409.203,1760.239,260.130,-0.760,-0.051,0.285,-0.460,0.170,6793.350
135.220,409.626,1761.499,256.380,-0.620,0.043,-0.062,0.090,-0.460,6794.770
135.240,410.047,1762.754,255.510,-0.540,0.052,-0.055,0.510,-0.180,6796.190
135.260,410.474,1764.032,259.640,-0.520,0.084,0.216,-0.700,0.040,6797.630
135.280,410.897,1765.292,256.550,-0.130,0.022,-0.037,1.180,-0.100,6799.060
135.300,411.323,1766.565,258.730,0.310,-0.017,0.284,0.100,-0.120,6800.490
135.320,411.749,1767.837,258.710,1.770,-0.023,-0.004,0.190,-0.220,6801.930
135.340,412.174,1769.105,257.750,0.870,0.025,-0.063,-0.720,-0.370,6803.360
135.360,412.597,1770.365,256.530,1.320,0.010,-0.031,-0.020,-0.190,6804.790
135.380,413.022,1771.634,258.060,-0.480,-0.009,0.247,0.490,0.200,6806.220
135.400,413.444,1772.895,256.530,-1.000,-0.013,-0.024,0.100,-0.130,6807.650
135.420,413.870,1774.166,258.390,0.800,0.059,0.250,0.070,0.050,6809.080
135.440,414.298,1775.444,259.730,-0.020,-0.022,0.225,-0.030,0.340,6810.530
135.460,414.729,1776.730,261.300,0.730,0.067,0.290,-0.690,0.180,6811.980
135.480,415.152,1777.994,257.240,-0.880,0.009,-0.047,-0.690,-0.380,6813.410
135.500,415.579,1779.266,258.640,0.650,-0.018,0.239,0.580,0.130,6814.840
135.520,416.004,1780.537,258.370,-0.180,-0.039,-0.045,0.440,0.310,6816.280
135.540,416.432,1781.814,259.720,-0.460,-0.008,0.228,0.520,-0.170,6817.720
135.560,416.856,1783.079,257.170,-0.370,0.025,-0.038,-0.410,-0.480,6819.150
135.580,417.281,1784.348,258.210,0.490,-0.019,0.244,-0.080,-0.130,6820.580
135.600,417.705,1785.613,257.210,0.770,0.043,-0.074,0.620,0.060,6822.010
135.620,418.130,1786.880,257.740,-0.370,-0.021,0.321,-0.610,0.180,6823.450
135.640,418.556,1788.154,259.050,0.340,-0.006,0.220,0.560,-0.160,6824.880
135.660,418.989,1789.448,262.690,0.340,-0.064,0.261,-0.290,-0.610,6826.340
135.680,419.419,1790.731,260.860,0.740,0.028,-0.048,-0.430,-0.380,6827.790
135.700,419.849,1792.014,260.580,0.990,-0.013,-0.081,-0.020,0.110,6829.240
135.720,420.281,1793.307,262.650,1.810,0.079,0.240,-0.560,0.600,6830.700
135.740,420.712,1794.593,261.350,-0.470,0.035,-0.090,-0.950,-0.010,6832.150
135.760,421.143,1795.881,261.640,1.460,0.004,0.312,0.040,0.390,6833.610
135.780,421.572,1797.162,260.360,0.120,0.061,-0.058,0.270,-0.320,6835.050
135.800,422.001,1798.443,260.260,-1.090,0.020,-0.055,0.610,-0.190,6836.500
135.820,422.429,1799.719,259.390,-0.650,0.050,0.008,0.300,-0.700,6837.940
135.840,422.858,1801.001,260.610,0.470,-0.043,0.225,0.980,0.110,6839.390
135.860,423.288,1802.287,261.230,0.720,0.023,0.289,0.680,-0.270,6840.840
135.880,423.721,1803.578,262.320,-1.020,0.025,0.268,0.370,0.180,6842.300
135.900,424.152,1804.867,261.890,-0.760,-0.077,-0.109,0.230,-0.150,6843.750
135.920,424.583,1806.155,261.550,-0.530,0.075,-0.061,0.620,0.610,6845.200
135.940,425.013,1807.439,260.870,-0.860,-0.058,-0.037,-1.110,0.540,6846.650
135.960,425.447,1808.734,262.990,-1.880,-0.065,0.251,-0.240,-0.690,6848.110
135.980,425.878,1810.022,261.790,-2.220,-0.142,-0.049,-0.930,0.180,6849.570
136.000,426.312,1811.318,263.210,-0.380,0.024,0.232,0.330,-0.220,6851.030
136.020,426.740,1812.597,259.960,0.250,-0.082,-0.071,-0.370,0.190,6852.470
136.040,427.175,1813.895,263.480,0.660,-0.026,0.241,1.510,-0.400,6853.940
136.060,427.610,1815.197,264.240,-1.360,0.042,0.309,-0.260,0.430,6855.410
136.080,428.046,1816.498,264.200,-1.350,0.010,-0.077,0.050,0.310,6856.870
136.100,428.479,1817.794,263.120,-0.530,-0.031,-0.064,-0.200,-0.420,6858.340
136.120,428.916,1819.099,264.930,0.000,-0.080,0.251,-0.240,-0.050,6859.810
136.140,429.348,1820.388,261.800,1.010,-0.005,-0.094,-0.620,0.050,6861.260
136.160,429.782,1821.687,263.720,0.720,0.043,0.263,-0.640,0.220,6862.730
136.180,430.217,1822.985,263.710,-0.370,0.035,-0.089,-1.090,-0.000,6864.190
136.200,430.655,1824.295,265.700,0.360,0.089,0.217,0.270,0.240,6865.670
136.220,431.085,1825.581,261.260,-0.840,-0.033,-0.084,-0.210,-0.020,6867.120
136.240,431.519,1826.875,262.850,0.070,-0.066,0.201,0.970,0.180,6868.580
136.260,431.959,1828.192,267.210,-0.060,0.015,0.288,-0.620,-0.410,6870.060
136.280,432.389,1829.477,261.090,1.400,0.011,-0.034,0.740,-0.010,6871.520
136.300,432.828,1830.789,266.100,0.490,-0.000,0.278,0.790,0.350,6872.990
136.320,433.263,1832.089,263.980,-0.770,-0.037,-0.025,0.640,0.420,6874.460
136.340,433.701,1833.397,265.550,-0.760,-0.133,0.245,0.120,0.050,6875.940
136.360,434.142,1834.716,267.440,-0.330,-0.050,0.249,-0.170,-0.030,6877.420
136.380,434.580,1836.026,265.910,-1.560,0.028,-0.020,0.640,0.410,6878.900
136.400,435.022,1837.347,267.760,-0.230,0.014,0.299,-0.400,-0.030,6880.390
136.420,435.459,1838.652,265.020,-0.140,0.048,-0.088,0.140,0.340,6881.860
136.440,435.896,1839.960,265.370,0.470,0.017,0.326,-0.020,-0.030,6883.330
136.460,436.337,1841.278,267.230,0.610,0.037,0.211,-0.450,0.010,6884.820
136.480,436.775,1842.586,265.540,0.100,0.038,-0.064,0.140,-0.330,6886.290
136.500,437.215,1843.904,267.240,-1.630,0.001,0.252,0.370,-0.370,6887.780
136.520,437.658,1845.227,268.270,-1.220,0.001,0.255,-0.470,0.290,6889.270
136.540,438.099,1846.548,267.940,-0.610,-0.145,0.009,0.230,0.520,6890.760
136.560,438.535,1847.850,264.420,0.650,-0.033,-0.020,-1.110,0.030,6892.230
136.580,438.974,1849.163,266.420,0.620,-0.031,0.262,-0.520,-0.050,6893.710
136.600,439.416,1850.482,267.500,-0.250,-0.005,0.281,-0.230,0.310,6895.190
136.620,439.855,1851.798,266.860,2.360,-0.047,-0.040,0.180,0.100,6896.670
136.640,440.297,1853.117,267.490,1.560,0.047,0.230,0.430,-0.720,6898.160
136.660,440.738,1854.438,267.960,1.240,-0.044,0.265,0.040,0.300,6899.650
136.680,441.178,1855.754,266.870,0.700,0.055,-0.048,0.280,-0.400,6901.130
136.700,441.619,1857.073,267.520,0.460,-0.048,0.225,-0.080,-0.000,6902.620
136.720,442.058,1858.385,266.190,0.390,-0.030,-0.012,0.200,-0.130,6904.100
136.740,442.499,1859.703,267.390,-1.810,-0.034,0.248,0.180,-0.190,6905.580
136.760,442.938,1861.014,265.960,-1.050,-0.025,-0.084,-0.250,0.010,6907.060
136.780,443.380,1862.338,268.570,-0.220,0.059,0.221,-0.180,0.270,6908.550
136.800,443.823,1863.661,268.250,0.130,-0.016,-0.034,0.300,0.010,6910.040
136.820,444.264,1864.979,267.320,-0.120,-0.015,-0.019,0.910,0.420,6911.530
136.840,444.711,1866.319,271.520,0.270,-0.037,0.264,0.600,0.460,6913.040
136.860,445.154,1867.644,268.620,-2.100,-0.013,-0.035,-0.560,0.460,6914.530
136.880,445.599,1868.974,269.560,0.510,0.011,0.226,-0.560,-0.020,6916.030
136.900,446.041,1870.297,268.320,0.060,-0.011,-0.047,-0.270,-0.140,6917.520
136.920,446.485,1871.623,268.800,-0.190,-0.008,0.240,0.050,-0.010,6919.010
136.940,446.930,1872.955,270.060,0.930,0.051,0.244,0.020,0.340,6920.510
136.960,447.374,1874.283,269.220,-1.050,0.014,-0.053,0.620,0.320,6922.010
136.980,447.819,1875.614,269.870,-0.240,-0.058,0.230,0.650,-0.780,6923.500
137.000,448.266,1876.953,271.220,0.280,-0.004,0.273,0.000,0.090,6925.010
137.020,448.710,1878.282,269.380,-0.850,-0.027,-0.080,-0.110,-0.710,6926.510
137.040,449.153,1879.605,268.310,-2.000,0.026,-0.089,0.260,-0.010,6928.000
137.060,449.595,1880.927,268.160,-1.150,0.005,-0.074,0.530,-0.160,6929.490
137.080,450.045,1882.274,272.750,-0.060,0.057,0.277,0.280,-0.250,6931.000
137.100,450.494,1883.618,272.140,-0.250,-0.037,-0.040,-0.220,0.250,6932.520
137.120,450.942,1884.960,271.870,-0.020,-0.010,-0.103,-0.310,-0.190,6934.030
137.140,451.388,1886.294,270.380,-0.660,-0.053,-0.032,-0.560,-0.000,6935.530
137.160,451.832,1887.622,269.180,-1.310,-0.002,-0.051,0.100,-0.280,6937.020
137.180,452.279,1888.959,270.910,0.140,-0.077,0.237,0.310,0.020,6938.530
137.200,452.726,1890.298,271.340,-0.170,0.016,0.243,0.370,0.290,6940.040
137.220,453.172,1891.629,269.930,0.640,-0.003,-0.090,0.580,-0.260,6941.540
137.240,453.616,1892.959,269.560,-0.750,0.008,-0.045,0.740,0.190,6943.030
137.260,454.060,1894.288,269.320,-2.020,0.039,-0.088,-0.690,0.020,6944.530
137.280,454.511,1895.636,273.050,-2.600,0.011,0.239,0.200,0.010,6946.050
137.300,454.957,1896.970,270.400,-0.400,-0.064,-0.060,0.220,-0.110,6947.550
137.320,455.407,1898.317,272.820,0.130,-0.028,0.273,-0.040,0.230,6949.060
137.340,455.855,1899.660,271.910,-0.230,-0.004,-0.049,-0.410,0.200,6950.570
137.360,456.306,1901.010,273.530,-0.570,-0.016,0.271,0.720,-0.040,6952.090
137.380,456.757,1902.360,273.300,-1.590,-0.010,-0.086,-0.290,0.060,6953.610
137.400,457.207,1903.706,272.590,-1.890,0.081,-0.053,-1.100,0.220,6955.130
137.420,457.658,1905.055,273.280,0.370,0.005,0.266,0.010,0.160,6956.650
137.440,458.108,1906.404,273.070,-0.230,0.019,-0.013,-0.120,-0.090,6958.160
137.460,458.557,1907.749,272.460,-0.360,-0.100,-0.084,0.930,0.350,6959.680
137.480,459.011,1909.107,275.000,-1.540,0.037,0.225,0.240,0.260,6961.200
137.500,459.461,1910.456,273.040,-0.970,0.143,-0.035,-0.150,0.630,6962.720
137.520,459.913,1911.807,273.690,0.050,0.067,0.298,-0.100,-0.470,6964.240
137.540,460.361,1913.149,271.850,0.280,-0.022,-0.041,-0.100,0.210,6965.750
137.560,460.814,1914.505,274.530,-0.160,0.114,0.217,1.110,0.350,6967.280
137.580,461.265,1915.855,273.350,1.380,0.001,-0.083,0.340,0.300,6968.800
137.600,461.717,1917.207,273.690,-0.580,0.015,0.254,-0.700,-0.080,6970.320
137.620,462.167,1918.556,273.300,1.290,-0.013,-0.039,-0.120,-0.410,6971.830
137.640,462.620,1919.912,274.520,0.220,-0.015,0.243,-0.010,0.460,6973.360
137.660,463.069,1921.254,271.840,0.110,-0.112,-0.082,-0.550,-0.140,6974.870
137.680,463.524,1922.618,276.020,0.930,0.039,0.283,-0.890,-0.090,6976.400
137.700,463.978,1923.977,275.080,-0.620,-0.015,-0.060,0.300,0.620,6977.930
137.720,464.431,1925.334,274.590,-0.330,-0.009,-0.034,-0.400,-0.380,6979.460
137.740,464.881,1926.682,273.110,-1.220,0.014,-0.103,0.620,0.250,6980.970
137.760,465.337,1928.047,276.230,0.940,-0.021,0.286,0.000,-0.230,6982.510
137.780,465.791,1929.405,274.780,0.340,0.013,-0.071,-0.240,-0.230,6984.030
137.800,466.249,1930.778,277.830,1.100,0.060,0.290,-1.210,0.050,6985.580
137.820,466.706,1932.146,276.750,0.200,0.020,-0.032,0.610,0.200,6987.120
137.840,467.165,1933.523,278.470,1.100,-0.008,0.207,0.150,0.290,6988.660
137.860,467.621,1934.890,276.520,-0.750,-0.006,-0.043,-0.220,0.320,6990.200
137.880,468.080,1936.265,278.080,0.990,0.010,0.300,-0.450,-0.210,6991.740
137.900,468.538,1937.635,277.300,-0.400,-0.042,-0.068,0.800,-0.340,6993.280
137.920,468.993,1939.000,276.080,0.000,0.010,-0.000,-0.530,-0.100,6994.820
137.940,469.451,1940.370,277.180,0.730,0.034,0.262,-0.180,0.100,6996.360
137.960,469.906,1941.733,275.800,2.330,0.004,-0.010,0.280,-0.060,6997.890
137.980,470.368,1943.119,280.300,0.820,-0.021,0.255,0.730,-1.090,6999.450
138.000,470.826,1944.489,277.190,0.910,-0.014,-0.054,-0.110,-0.550,7000.990
138.020,471.284,1945.861,277.530,-0.550,0.033,0.305,-0.370,-0.070,7002.530
138.040,471.743,1947.237,278.220,0.160,-0.055,0.272,-0.050,0.260,7004.070
138.060,472.199,1948.602,276.150,-0.100,-0.041,-0.057,0.450,-0.270,7005.610
138.080,472.661,1949.986,279.910,1.410,-0.080,0.263,0.560,0.220,7007.160
138.100,473.117,1951.353,276.540,-0.150,0.002,-0.067,-0.690,-0.450,7008.700
138.120,473.573,1952.719,276.340,1.330,0.043,-0.047,0.060,0.080,7010.240
138.140,474.032,1954.094,278.120,-1.300,0.067,0.286,-0.720,0.080,7011.780
138.160,474.488,1955.461,276.590,1.400,0.077,-0.055,0.440,0.140,7013.320
138.180,474.952,1956.851,281.000,-0.860,-0.035,0.224,0.210,-0.300,7014.880
138.200,475.411,1958.228,278.460,0.850,0.013,-0.079,-0.460,-0.460,7016.430
138.220,475.864,1959.582,274.120,-0.860,-0.020,-0.048,0.770,0.220,7017.950
138.240,476.325,1960.964,279.400,0.620,0.082,0.226,0.170,-0.460,7019.500
138.260,476.787,1962.349,280.080,-0.960,0.065,0.207,0.110,-0.230,7021.060
138.280,477.247,1963.728,278.760,1.040,0.008,-0.086,-0.090,0.420,7022.610
138.300,477.705,1965.100,277.510,0.850,-0.031,-0.015,-0.000,0.050,7024.150
138.320,478.166,1966.482,279.530,-0.600,-0.172,0.246,-0.190,0.110,7025.700
138.340,478.627,1967.863,279.110,0.580,-0.072,-0.048,-0.370,0.190,7027.250
138.360,479.087,1969.240,278.520,0.950,-0.093,-0.079,0.610,0.180,7028.800
138.380,479.546,1970.617,278.530,-0.920,-0.072,0.233,-0.250,-0.010,7030.350
138.400,480.009,1972.005,280.510,-1.030,0.094,0.232,-0.260,-0.270,7031.900
138.420,480.474,1973.399,281.770,-1.070,-0.065,0.242,-0.060,0.810,7033.470
138.440,480.939,1974.791,281.260,-1.210,-0.053,-0.100,0.710,-0.090,7035.030
138.460,481.398,1976.166,278.120,-1.080,-0.046,-0.017,0.570,0.100,7036.580
138.480,481.863,1977.561,281.780,0.920,0.130,0.250,-0.200,0.130,7038.140
138.500,482.328,1978.957,282.160,0.560,-0.003,0.256,0.610,-0.160,7039.710
138.520,482.796,1980.359,283.240,-1.700,0.050,0.277,0.050,-0.130,7041.280
138.540,483.258,1981.744,279.870,-0.510,0.009,-0.025,-0.420,0.450,7042.840
138.560,483.722,1983.136,281.360,-1.160,-0.099,0.233,-0.240,-0.220,7044.400
138.580,484.189,1984.534,282.440,0.860,0.077,0.268,0.690,0.120,7045.970
138.600,484.652,1985.924,280.950,-0.450,0.020,-0.032,1.040,0.270,7047.530
138.620,485.119,1987.323,282.710,-1.540,-0.006,0.259,0.160,-0.060,7049.100
138.640,485.584,1988.719,282.000,0.170,0.088,-0.018,-0.280,-0.030,7050.670
138.660,486.048,1990.109,280.910,0.610,-0.017,-0.026,-0.060,0.290,7052.230
138.680,486.512,1991.500,281.180,-0.950,-0.007,0.272,-0.380,-0.040,7053.790
138.700,486.982,1992.908,284.340,-0.260,-0.017,0.291,-0.310,-0.620,7055.370
138.720,487.446,1994.299,281.120,-0.900,0.054,-0.049,-0.360,0.450,7056.930
138.740,487.910,1995.690,281.010,1.240,0.041,-0.048,-0.040,-0.290,7058.490
138.760,488.377,1997.093,283.430,-0.430,0.014,0.275,0.060,0.060,7060.070
138.780,488.845,1998.494,283.010,-0.720,-0.053,-0.055,-0.070,-0.400,7061.640
138.800,489.309,1999.886,281.240,-0.050,-0.019,-0.036,-0.110,-0.150,7063.200
138.820,489.775,2001.284,282.570,-0.210,-0.053,0.233,0.380,-0.130,7064.770
138.840,490.241,2002.681,282.270,0.690,0.058,-0.118,-0.110,0.050,7066.340
138.860,490.708,2004.081,282.680,1.220,-0.079,0.268,-0.080,-0.260,7067.910
138.880,491.183,2005.506,287.580,1.220,0.080,0.204,-0.090,0.590,7069.510
138.900,491.651,2006.909,283.480,-0.380,0.064,-0.071,0.770,0.010,7071.080
138.920,492.118,2008.309,282.760,0.310,-0.046,-0.025,-0.250,0.260,7072.660
138.940,492.592,2009.732,287.260,1.490,-0.021,0.275,0.300,-0.000,7074.250
138.960,493.064,2011.148,285.710,1.530,-0.036,-0.015,-0.370,0.300,7075.840
138.980,493.535,2012.562,285.610,-0.880,0.022,-0.111,0.170,-0.630,7077.420
139.000,494.003,2013.966,283.420,0.590,0.071,-0.041,0.270,-0.210,7079.000
139.020,494.476,2015.386,286.600,0.420,0.059,0.242,0.540,-0.160,7080.590
139.040,494.949,2016.803,286.190,0.930,-0.022,-0.020,-0.190,-0.160,7082.180
139.060,495.420,2018.217,285.330,1.240,0.063,-0.006,-0.560,0.160,7083.770
139.080,495.887,2019.616,282.680,-1.040,0.059,-0.089,-0.390,0.180,7085.340
139.100,496.358,2021.030,285.370,-0.690,-0.009,0.250,0.480,-0.020,7086.920
139.120,496.834,2022.458,288.140,0.910,-0.000,0.275,1.040,-0.010,7088.520
139.140,497.306,2023.875,286.030,0.150,0.077,-0.060,0.420,0.730,7090.110
139.160,497.777,2025.288,285.280,-2.230,0.053,0.002,-0.630,0.100,7091.700
139.180,498.249,2026.703,285.650,-1.670,0.061,0.238,0.400,-0.670,7093.280
139.200,498.721,2028.119,285.900,0.660,0.129,0.241,-0.470,0.230,7094.870
139.220,499.191,2029.531,285.080,0.840,0.027,-0.082,-0.170,0.170,7096.460
139.240,499.664,2030.950,286.370,-1.350,0.016,0.255,0.090,0.350,7098.050
139.260,500.141,2032.381,288.740,1.100,0.068,0.159,0.180,0.180,7099.650
139.280,500.618,2033.812,288.720,-0.200,0.099,-0.057,0.030,-0.270,7101.260
139.300,501.090,2035.228,285.740,-1.020,-0.031,-0.012,-0.300,0.270,7102.840
139.320,501.567,2036.660,288.930,-0.560,-0.010,0.208,0.530,0.030,7104.450
139.340,502.043,2038.089,288.300,-1.220,-0.051,-0.099,-0.260,0.310,7106.050
139.360,502.519,2039.518,288.260,-0.620,0.017,-0.017,0.630,0.460,7107.650
139.380,502.995,2040.946,288.100,-1.870,0.044,-0.012,-0.680,-0.040,7109.250
139.400,503.467,2042.364,286.210,-0.070,-0.047,-0.091,0.110,0.260,7110.840
139.420,503.942,2043.786,287.140,0.590,0.057,0.302,-0.610,0.310,7112.440
139.440,504.419,2045.220,289.140,-1.350,-0.023,0.263,-0.420,0.050,7114.040
139.460,504.892,2046.638,286.230,0.020,-0.027,-0.019,-0.260,0.590,7115.630
139.480,505.365,2048.058,286.630,-0.800,0.056,0.226,0.760,0.310,7117.230
139.500,505.842,2049.490,288.790,0.670,-0.031,0.295,0.650,-0.180,7118.830
139.520,506.316,2050.913,287.300,-2.310,-0.070,-0.058,0.440,0.080,7120.430
139.540,506.795,2052.351,289.860,0.710,0.037,0.241,0.020,0.260,7122.040
139.560,507.270,2053.776,287.640,-1.820,-0.007,-0.036,0.090,0.580,7123.630
139.580,507.748,2055.210,289.290,-0.210,0.060,0.238,0.630,0.190,7125.240
139.600,508.226,2056.646,289.560,-0.710,0.042,0.204,0.350,0.090,7126.850
139.620,508.703,2058.076,288.490,-0.360,-0.087,-0.046,0.010,0.380,7128.450
139.640,509.180,2059.509,289.000,-1.530,0.066,0.240,0.740,-0.070,7130.060
139.660,509.656,2060.939,288.490,1.660,0.095,-0.073,0.410,-0.300,7131.660
139.680,510.135,2062.375,289.630,-1.290,0.052,0.287,0.120,0.210,7133.270
139.700,510.611,2063.804,288.360,-1.210,0.054,0.022,-0.230,-0.110,7134.870
139.720,511.089,2065.240,289.610,1.790,-0.012,0.222,-0.270,0.810,7136.480
139.740,511.570,2066.684,291.220,0.320,-0.024,0.256,-0.170,0.080,7138.100
139.760,512.047,2068.115,288.540,-1.250,0.011,-0.062,0.230,0.210,7139.700
139.780,512.525,2069.551,289.660,-0.130,0.046,0.319,0.420,-0.190,7141.310
139.800,513.006,2070.996,291.310,-0.240,0.045,0.265,-0.720,0.380,7142.930
139.820,513.481,2072.421,287.560,-1.690,-0.022,-0.022,-0.970,-0.010,7144.530
139.840,513.966,2073.878,293.610,-0.760,-0.027,0.285,-0.480,-0.040,7146.160
139.860,514.450,2075.330,292.540,-0.030,-0.075,-0.046,-0.200,-0.030,7147.780
139.880,514.927,2076.761,288.810,1.270,0.032,-0.056,0.600,-0.390,7149.390
139.900,515.402,2078.189,288.110,-0.190,-0.019,-0.004,-0.140,-0.080,7150.990
139.920,515.884,2079.635,291.460,-0.110,-0.015,0.273,0.130,0.160,7152.610
139.940,516.363,2081.072,289.880,-0.820,0.086,-0.075,0.210,-0.460,7154.220
139.960,516.847,2082.527,293.150,1.100,0.030,0.228,-0.510,0.310,7155.850
139.980,517.330,2083.978,292.440,0.900,0.016,-0.062,0.730,-0.080,7157.470
140.000,517.813,2085.427,292.180,0.790,0.042,-0.015,-0.330,0.070,7159.100
140.020,518.294,2086.872,291.290,0.110,0.071,-0.006,0.780,-0.670,7160.710
140.040,518.781,2088.335,294.690,-1.600,-0.081,0.315,-0.060,0.070,7162.350
140.060,519.266,2089.792,293.570,1.090,-0.028,-0.071,-0.170,-0.310,7163.980
140.080,519.751,2091.248,293.490,0.060,-0.012,-0.046,-0.560,-0.110,7165.610
140.100,520.237,2092.710,294.530,-0.310,-0.049,0.238,0.100,-0.470,7167.250
140.120,520.718,2094.156,291.350,0.450,-0.013,-0.055,1.130,-0.260,7168.870
140.140,521.206,2095.620,294.950,0.220,-0.078,0.278,0.210,-0.050,7170.510
140.160,521.689,2097.073,292.780,-1.070,0.046,-0.051,0.140,-0.080,7172.130
140.180,522.175,2098.531,293.820,-0.320,-0.026,0.289,-0.330,0.270,7173.760
140.200,522.659,2099.986,293.230,-1.900,0.010,-0.065,0.300,-0.560,7175.390
140.220,523.140,2101.428,290.800,0.090,0.003,-0.028,0.080,-0.020,7177.010
140.240,523.627,2102.894,295.200,1.330,0.028,0.237,-0.030,-0.030,7178.650
140.260,524.108,2104.338,291.170,-1.800,-0.123,-0.105,0.250,-0.140,7180.270
140.280,524.592,2105.790,292.600,0.130,0.023,0.219,-0.910,-0.270,7181.890
140.300,525.077,2107.246,293.520,0.670,-0.014,0.254,-0.050,0.330,7183.520
140.320,525.558,2108.692,291.410,0.820,0.020,0.008,-0.600,0.610,7185.140
140.340,526.042,2110.145,292.840,-0.750,-0.059,0.236,0.010,-0.510,7186.770
140.360,526.529,2111.609,295.010,-1.100,0.021,0.245,-0.360,-0.280,7188.410
140.380,527.015,2113.070,294.270,-0.590,0.065,-0.035,-0.330,-0.300,7190.040
140.400,527.502,2114.532,294.540,1.190,0.009,0.232,-0.670,-0.080,7191.680
140.420,527.987,2115.989,293.710,-1.710,-0.036,-0.065,0.560,0.380,7193.310
140.440,528.475,2117.455,295.290,-1.220,-0.034,0.252,-0.340,0.160,7194.950
140.460,528.962,2118.919,294.880,-0.460,0.029,-0.063,-0.310,-0.050,7196.590
140.480,529.446,2120.373,293.060,-0.980,0.028,-0.103,0.770,0.000,7198.220
140.500,529.934,2121.840,295.360,-0.040,0.018,0.230,0.280,-0.100,7199.860
140.520,530.420,2123.299,293.950,1.410,-0.002,-0.032,-1.020,0.220,7201.490
140.540,530.911,2124.775,297.300,-1.200,0.010,0.269,0.690,0.260,7203.140
140.560,531.400,2126.243,295.520,-0.150,-0.003,-0.010,0.820,0.180,7204.780
140.580,531.895,2127.734,300.030,-0.010,-0.019,0.288,0.780,-0.660,7206.450
140.600,532.388,2129.213,297.850,-0.330,0.038,-0.077,0.330,0.000,7208.110
140.620,532.877,2130.685,296.350,-1.580,0.016,-0.072,-0.550,-0.060,7209.750
140.640,533.369,2132.163,297.560,-0.640,0.065,0.229,-0.020,0.300,7211.410
140.660,533.854,2133.620,293.700,-0.630,0.056,-0.055,-0.720,0.070,7213.040
140.680,534.347,2135.103,298.430,0.630,0.014,0.231,-0.430,0.170,7214.700
140.700,534.836,2136.572,295.900,0.420,0.030,-0.055,-0.560,-0.150,7216.340
140.720,535.328,2138.050,297.410,-1.550,-0.048,0.224,-0.310,0.280,7217.990
140.740,535.818,2139.521,296.330,-0.390,-0.004,-0.026,0.080,0.370,7219.640
140.760,536.308,2140.994,296.640,-0.500,0.017,0.222,-0.220,-0.490,7221.290
140.780,536.799,2142.472,297.450,1.950,-0.079,0.220,-0.240,-0.390,7222.940
140.800,537.292,2143.952,297.980,0.290,0.021,0.266,-0.150,0.230,7224.590
140.820,537.784,2145.432,297.970,-1.080,-0.048,-0.028,0.750,-0.050,7226.250
140.840,538.277,2146.913,298.150,-0.780,-0.042,0.243,1.080,0.310,7227.910
140.860,538.766,2148.382,295.860,-0.380,-0.026,-0.024,-0.230,0.070,7229.550
140.880,539.265,2149.883,301.950,0.360,-0.002,0.274,0.170,0.210,7231.230
140.900,539.759,2151.369,298.940,0.480,-0.066,0.007,-0.420,-0.220,7232.890
140.920,540.254,2152.857,299.400,0.200,0.043,0.272,0.380,0.100,7234.550
140.940,540.747,2154.339,298.380,-0.210,0.009,0.001,-0.240,0.100,7236.210
140.960,541.239,2155.818,297.730,-0.140,0.096,-0.048,-0.360,-0.210,7237.860
140.980,541.734,2157.306,299.410,-0.130,0.015,0.292,1.000,0.300,7239.530
141.000,542.229,2158.795,299.760,-1.780,0.029,0.293,-0.680,-0.570,7241.190
141.020,542.727,2160.294,301.430,-0.060,-0.043,0.246,-1.230,0.060,7242.870
141.040,543.228,2161.799,302.740,-0.580,-0.059,0.229,0.370,-0.390,7244.550
141.060,543.727,2163.301,301.990,-1.650,0.031,-0.065,-0.180,-0.310,7246.230
141.080,544.218,2164.777,297.270,2.420,-0.055,-0.038,-0.320,0.300,7247.880
141.100,544.713,2166.265,299.370,0.310,0.032,0.216,1.370,-0.330,7249.540
141.120,545.210,2167.759,300.710,0.010,0.085,0.236,0.370,-0.340,7251.210
141.140,545.705,2169.249,299.760,-0.370,0.047,-0.014,-0.030,0.170,7252.880
141.160,546.202,2170.742,300.440,0.730,0.029,0.270,-0.350,-0.330,7254.550
141.180,546.693,2172.220,297.430,-1.160,0.013,-0.121,0.220,0.310,7256.200
141.200,547.193,2173.722,302.170,-0.310,-0.019,0.210,-0.870,0.190,7257.880
141.220,547.686,2175.203,298.130,-0.950,-0.006,0.015,-0.260,-0.230,7259.530
141.240,548.179,2176.687,298.730,0.720,-0.028,0.285,-0.020,0.290,7261.190
141.260,548.675,2178.177,299.710,-0.830,-0.066,0.233,0.110,-0.580,7262.860
141.280,549.173,2179.674,301.240,1.100,0.002,0.205,-0.070,0.140,7264.530
141.300,549.667,2181.160,299.090,-0.100,0.055,-0.087,-0.350,-0.370,7266.190
141.320,550.163,2182.652,300.080,0.770,-0.064,0.265,0.460,-0.160,7267.860
141.340,550.665,2184.161,303.550,0.400,0.070,0.309,-0.830,-0.140,7269.550
141.360,551.163,2185.662,301.800,1.060,0.061,0.007,-0.140,0.380,7271.220
141.380,551.664,2187.167,302.770,-0.940,0.020,0.203,-0.260,-0.150,7272.900
141.400,552.161,2188.661,300.410,0.910,0.020,-0.059,0.510,-0.020,7274.570
141.420,552.660,2190.164,302.330,-1.860,-0.009,0.224,-0.230,-0.130,7276.250
141.440,553.160,2191.667,302.350,0.040,0.002,0.254,0.220,-0.290,7277.930
141.460,553.658,2193.166,301.510,-0.550,-0.023,-0.090,0.170,-0.310,7279.610
141.480,554.159,2194.672,302.770,-1.400,0.002,0.234,-0.920,0.090,7281.290
141.500,554.655,2196.163,300.160,-0.890,0.007,-0.076,-0.030,-0.010,7282.960
141.520,555.157,2197.675,303.800,-0.640,0.094,0.266,-0.870,0.230,7284.650
141.540,555.658,2199.180,302.690,-0.200,0.028,-0.065,0.180,-0.070,7286.330
141.560,556.159,2200.687,303.050,-0.520,-0.010,0.239,-0.370,-0.060,7288.010
141.580,556.663,2202.203,304.860,0.080,-0.005,0.265,0.590,0.230,7289.700
141.600,557.166,2203.718,304.380,-0.830,-0.036,-0.001,-0.090,-0.110,7291.400
141.620,557.667,2205.226,303.400,-0.480,-0.027,0.013,-0.390,-0.430,7293.080
141.640,558.167,2206.730,302.350,-0.290,0.046,-0.036,0.600,0.250,7294.760
141.660,558.673,2208.253,306.160,0.180,-0.025,0.247,-0.440,-0.200,7296.460
141.680,559.173,2209.756,302.300,0.850,-0.031,-0.011,0.450,0.020,7298.140
141.700,559.678,2211.276,305.400,0.850,-0.030,0.285,0.230,-0.190,7299.840
141.720,560.178,2212.779,302.210,0.240,-0.036,-0.024,-0.180,-0.290,7301.520
141.740,560.684,2214.302,306.130,0.430,0.056,0.203,-0.670,-0.570,7303.220
141.760,561.190,2215.827,306.420,0.310,0.007,0.286,0.620,0.100,7304.920
141.780,561.690,2217.329,302.180,-0.310,-0.014,-0.039,0.250,-1.020,7306.600
141.800,562.196,2218.851,305.870,0.900,0.001,0.223,-0.390,0.390,7308.300
141.820,562.701,2220.374,305.890,-0.910,0.011,0.230,0.120,0.310,7310.000
141.840,563.208,2221.899,306.540,-2.050,-0.037,0.267,0.500,-0.270,7311.700
141.860,563.715,2223.423,306.180,-1.040,-0.069,-0.125,0.060,0.480,7313.400
141.880,564.218,2224.937,304.340,1.400,0.067,-0.054,0.120,0.620,7315.090
141.900,564.723,2226.457,305.600,-0.300,0.049,0.230,0.520,-0.080,7316.790
141.920,565.233,2227.994,308.570,0.270,0.019,0.227,0.770,0.120,7318.500
141.940,565.737,2229.509,304.560,-0.270,0.046,-0.064,-0.060,0.040,7320.200
141.960,566.244,2231.036,306.850,0.560,0.096,0.206,-0.670,0.450,7321.900
141.980,566.754,2232.570,308.240,0.070,-0.027,0.282,-0.650,-0.420,7323.610
142.000,567.258,2234.089,305.170,-0.070,-0.056,-0.114,-0.350,-0.070,7325.310
142.020,567.762,2235.604,304.680,0.610,0.033,-0.045,-0.470,0.280,7327.000
142.040,568.266,2237.122,305.050,-0.470,-0.073,0.225,-0.840,0.240,7328.700
142.060,568.775,2238.654,307.690,0.370,0.002,0.310,0.920,-0.010,7330.410
142.080,569.280,2240.173,305.330,-0.170,-0.015,-0.049,0.260,0.420,7332.100
142.100,569.788,2241.702,307.190,-0.110,0.034,0.186,-0.260,0.070,7333.810
142.120,570.300,2243.244,309.600,-0.820,-0.024,0.266,-0.020,0.030,7335.530
142.140,570.809,2244.775,307.610,-0.220,0.060,-0.083,-0.890,0.210,7337.240
142.160,571.316,2246.301,306.670,-0.540,-0.037,-0.020,0.580,-0.020,7338.940
142.180,571.825,2247.835,308.170,1.130,0.035,0.269,-0.970,0.020,7340.650
142.200,572.335,2249.369,308.020,-1.680,-0.033,-0.006,0.260,-0.240,7342.360
142.220,572.846,2250.907,308.950,0.890,0.027,0.256,-0.920,0.880,7344.080
142.240,573.360,2252.455,310.850,-1.740,-0.051,0.275,-0.210,-0.140,7345.810
142.260,573.871,2253.995,309.160,0.540,-0.001,-0.049,0.620,0.220,7347.520
142.280,574.387,2255.548,311.760,-0.840,0.066,0.232,-0.820,0.570,7349.260
142.300,574.899,2257.089,309.540,0.570,0.006,-0.018,-0.070,-0.400,7350.980
142.320,575.408,2258.622,307.850,-0.120,0.059,-0.087,0.310,0.180,7352.690
142.340,575.925,2260.179,312.580,-1.430,-0.001,0.249,0.230,0.010,7354.420
142.360,576.436,2261.719,309.110,1.360,-0.025,-0.067,0.040,0.540,7356.140
142.380,576.945,2263.251,307.860,0.780,0.009,-0.025,0.250,-0.270,7357.850
142.400,577.463,2264.811,313.080,0.500,0.031,0.222,-0.310,-0.230,7359.590
142.420,577.973,2266.348,308.640,-0.640,-0.095,-0.062,0.970,-0.010,7361.310
142.440,578.484,2267.885,308.730,0.810,0.026,0.251,-0.810,-0.150,7363.020
142.460,578.995,2269.425,309.200,-1.280,-0.047,0.295,0.580,-0.140,7364.740
142.480,579.509,2270.971,310.420,-2.230,-0.059,0.234,0.090,0.610,7366.460
142.500,580.024,2272.524,311.720,-1.560,0.027,0.238,0.310,0.040,7368.190
142.520,580.531,2274.049,306.500,-0.920,0.067,-0.090,0.400,-0.240,7369.900
142.540,581.047,2275.604,312.010,-0.750,0.011,0.221,0.280,-0.120,7371.630
142.560,581.560,2277.147,309.930,-0.430,-0.068,-0.038,-0.410,0.120,7373.350
142.580,582.073,2278.693,310.290,-0.390,-0.034,0.251,-0.140,0.100,7375.080
142.600,582.592,2280.256,313.630,-0.650,-0.021,0.251,-0.730,-0.170,7376.820
142.620,583.107,2281.808,311.520,-2.120,0.010,0.002,-0.150,-0.490,7378.550
142.640,583.623,2283.362,312.020,0.190,-0.004,0.200,0.160,-0.020,7380.280
142.660,584.138,2284.914,311.420,-0.260,0.025,0.020,0.300,-0.020,7382.010
142.680,584.655,2286.472,312.790,-0.700,0.050,0.285,0.200,-0.190,7383.750
142.700,585.175,2288.038,314.220,1.400,0.017,0.240,-0.880,0.380,7385.500
142.720,585.685,2289.573,308.220,-0.240,0.045,-0.038,-0.280,0.170,7387.210
142.740,586.204,2291.136,313.710,0.060,-0.013,0.230,-0.330,0.040,7388.950
142.760,586.724,2292.704,314.550,0.800,0.165,0.260,-0.660,-0.110,7390.700
142.780,587.242,2294.265,313.130,-1.490,0.028,0.014,-0.420,0.520,7392.440
142.800,587.757,2295.817,311.510,-0.020,0.034,-0.069,0.000,-0.350,7394.170
142.820,588.272,2297.366,310.940,0.790,0.088,-0.057,0.710,-0.150,7395.900
142.840,588.795,2298.943,316.360,-0.090,0.004,0.227,-0.480,-0.140,7397.650
142.860,589.310,2300.495,311.610,-1.300,-0.032,-0.068,-0.560,0.090,7399.390
142.880,589.832,2302.068,315.390,-0.480,0.065,0.238,-0.300,0.200,7401.140
142.900,590.351,2303.632,313.840,0.190,0.068,-0.083,0.170,-0.400,7402.880
142.920,590.875,2305.210,316.470,-2.110,0.008,0.242,0.610,-0.210,7404.640
142.940,591.393,2306.770,313.070,-1.350,0.088,-0.048,-0.040,0.130,7406.380
142.960,591.908,2308.321,311.280,1.970,-0.004,-0.062,-0.720,-0.200,7408.110
142.980,592.427,2309.885,313.850,0.480,0.047,0.181,-0.620,-0.120,7409.850
143.000,592.943,2311.438,311.760,1.480,0.076,-0.055,0.090,0.050,7411.580
143.020,593.469,2313.025,318.150,0.870,0.005,0.249,0.500,-0.290,7413.350
143.040,593.990,2314.597,315.230,0.390,0.023,0.007,0.910,0.080,7415.100
143.060,594.513,2316.170,315.600,-0.310,0.051,0.251,-0.590,0.180,7416.860
143.080,595.035,2317.745,315.740,0.380,-0.018,0.278,0.070,0.010,7418.610
143.100,595.554,2319.308,313.680,1.450,-0.041,-0.063,-0.510,0.430,7420.350
143.120,596.074,2320.877,314.670,0.830,0.067,0.289,-0.450,0.220,7422.100
143.140,596.596,2322.448,315.180,0.170,0.015,0.222,-0.490,-0.010,7423.850
143.160,597.122,2324.035,318.080,-0.170,-0.025,0.265,-0.170,-0.100,7425.620
143.180,597.641,2325.597,313.570,0.500,0.005,-0.025,-0.440,0.530,7427.360
143.200,598.161,2327.164,314.360,-0.530,0.025,0.271,1.240,-0.200,7429.110
143.220,598.682,2328.735,315.060,0.500,-0.078,0.315,-0.230,-0.080,7430.860
143.240,599.203,2330.304,314.740,-0.700,0.036,-0.068,0.490,-0.120,7432.610
143.260,599.722,2331.867,313.710,-0.350,0.020,-0.008,-0.330,0.120,7434.350
143.280,600.238,2333.422,311.980,-1.030,0.083,-0.015,1.120,0.680,7436.080
143.300,600.756,2334.984,313.450,-0.440,-0.011,0.251,0.170,0.070,7437.820
143.320,601.282,2336.570,317.980,-0.680,0.069,0.305,0.420,-0.100,7439.590
143.340,601.806,2338.148,316.470,1.690,-0.002,-0.054,-0.300,0.060,7441.350
143.360,602.332,2339.734,317.880,-0.890,0.007,0.251,0.490,-0.390,7443.110
143.380,602.855,2341.309,315.900,0.380,0.014,-0.050,0.170,-0.060,7444.870
143.400,603.379,2342.889,316.770,-0.950,0.105,0.212,-0.190,0.510,7446.630
143.420,603.907,2344.483,319.490,0.050,-0.062,0.273,-0.540,0.200,7448.400
143.440,604.436,2346.077,319.540,0.290,0.025,0.268,-0.120,0.370,7450.180
143.460,604.964,2347.667,318.770,-1.850,0.002,-0.053,-0.160,0.300,7451.950
143.480,605.489,2349.253,317.810,-1.400,-0.001,0.003,0.430,-0.210,7453.720
143.500,606.016,2350.841,318.430,-0.950,0.029,0.237,-0.120,0.570,7455.480
143.520,606.543,2352.429,318.360,-1.300,0.055,-0.102,-0.960,-0.530,7457.250
143.540,607.069,2354.014,317.700,0.080,0.027,0.007,0.320,0.100,7459.020
143.560,607.594,2355.597,317.490,0.240,0.062,-0.020,0.650,-0.620,7460.780
143.580,608.124,2357.194,319.920,-1.060,-0.013,0.269,-0.830,-0.510,7462.560
143.600,608.647,2358.772,316.440,0.120,-0.002,-0.060,0.900,0.280,7464.320
143.620,609.177,2360.369,320.000,-0.420,-0.050,0.260,0.700,-0.210,7466.100
143.640,609.703,2361.956,318.270,-0.100,0.099,-0.088,-0.320,0.370,7467.860
143.660,610.228,2363.536,316.860,-0.630,-0.009,-0.057,-0.560,-0.650,7469.620
143.680,610.754,2365.123,318.160,0.490,-0.015,0.223,0.530,-0.030,7471.390
143.700,611.280,2366.709,317.810,1.630,0.030,-0.042,-0.680,-0.360,7473.160
143.720,611.807,2368.297,318.400,0.770,0.055,0.278,-0.330,-0.100,7474.930
143.740,612.334,2369.886,318.520,1.390,-0.035,0.219,-0.660,0.460,7476.700
143.760,612.861,2371.475,318.610,-1.400,0.059,0.272,0.000,0.540,7478.470
143.780,613.389,2373.068,319.240,-0.680,-0.015,0.256,0.730,0.150,7480.240
143.800,613.918,2374.664,319.760,0.570,0.072,0.271,0.190,-0.480,7482.020
143.820,614.448,2376.261,320.000,1.510,-0.027,0.243,0.510,-0.360,7483.790
143.840,614.938,2377.885,78.010,-0.670,0.657,0.013,-0.120,0.140,7484.220
143.860,615.384,2379.521,78.240,-0.380,0.645,0.038,0.120,1.850,7484.660
143.880,615.785,2381.169,79.120,2.480,0.659,0.430,0.580,3.060,7485.100
143.900,616.142,2382.826,80.400,-1.750,0.669,0.828,1.100,6.200,7485.540
143.920,616.453,2384.492,81.210,1.500,0.678,0.962,1.670,5.180,7486.000
143.940,616.719,2386.166,82.240,1.010,0.716,1.009,2.290,3.060,7486.450
143.960,616.940,2387.847,83.330,-2.580,0.734,1.197,2.980,4.840,7486.920
143.980,617.115,2389.532,84.700,0.150,0.730,1.468,3.620,7.720,7487.390
144.000,617.245,2391.222,86.160,0.510,0.744,1.587,4.280,4.310,7487.860
144.020,617.328,2392.915,87.600,5.880,0.789,1.697,5.000,5.400,7488.350
144.040,617.366,2394.610,89.190,4.100,0.819,1.858,5.650,7.580,7488.850
144.060,617.358,2396.305,90.630,3.820,0.869,1.927,6.360,9.870,7489.350
144.080,617.304,2398.000,91.940,-4.530,0.906,1.774,6.950,7.700,7489.860
144.100,617.204,2399.693,93.260,0.780,0.916,1.857,7.610,9.020,7490.380
144.120,617.059,2401.383,94.560,6.620,0.967,1.942,8.290,8.740,7490.900
144.140,616.867,2403.069,95.800,7.320,1.014,1.867,9.010,8.350,7491.440
144.160,616.630,2404.750,96.890,4.890,0.988,1.783,9.740,7.240,7491.970
144.180,616.348,2406.424,97.880,7.040,1.011,1.540,10.400,8.670,7492.520
144.200,616.020,2408.091,99.150,7.540,1.024,1.671,11.110,6.010,7493.070
144.220,615.648,2409.749,100.230,8.620,1.045,1.638,11.850,7.470,7493.630
144.240,615.230,2411.397,101.480,8.210,1.057,1.711,12.550,9.820,7494.190
144.260,614.768,2413.035,102.560,11.260,1.069,1.702,13.190,6.950,7494.760
144.280,614.261,2414.660,103.570,12.520,1.121,1.631,13.880,5.620,7495.340
144.300,613.711,2416.272,104.720,9.080,1.126,1.556,14.560,4.520,7495.920
144.320,613.117,2417.869,105.300,9.280,1.158,1.324,15.210,7.950,7496.500
144.340,612.480,2419.451,106.540,10.780,1.160,1.562,15.910,8.890,7497.090
144.360,611.800,2421.016,106.830,13.150,1.216,1.140,16.570,5.900,7497.690
144.380,611.078,2422.564,107.930,14.470,1.240,1.213,17.260,4.820,7498.290
144.400,610.314,2424.093,108.630,16.040,1.277,1.179,17.910,6.460,7498.890
144.420,609.508,2425.602,109.120,17.090,1.296,1.124,18.560,8.290,7499.500
144.440,608.662,2427.090,109.390,16.560,1.303,0.791,19.270,3.470,7500.100
144.460,607.775,2428.556,109.840,16.990,1.318,0.757,19.980,6.870,7500.710
144.480,606.849,2429.999,110.320,20.520,1.360,0.698,20.650,2.620,7501.330
144.500,605.884,2431.418,110.770,17.940,1.347,0.776,21.370,3.700,7501.940
144.520,604.879,2432.813,111.360,19.820,1.308,0.770,22.060,5.480,7502.560
144.540,603.838,2434.181,111.490,19.990,1.314,0.639,22.770,6.290,7503.180
144.560,602.758,2435.522,111.550,19.700,1.311,0.526,23.480,6.670,7503.800
144.580,601.643,2436.836,111.600,20.330,1.353,0.233,23.950,5.010,7504.420
144.600,600.492,2438.121,111.380,23.810,1.360,0.089,24.270,5.360,7505.040
144.620,599.305,2439.376,111.130,21.390,1.383,-0.039,24.480,3.180,7505.660
144.640,598.085,2440.600,110.840,21.170,1.383,-0.129,24.650,2.280,7506.270
144.660,596.831,2441.793,110.650,20.660,1.382,-0.143,24.850,5.040,7506.890
144.680,595.544,2442.954,110.080,23.160,1.380,-0.392,24.970,6.180,7507.500
144.700,594.226,2444.082,109.620,21.410,1.402,-0.491,25.050,5.920,7508.110
144.720,592.876,2445.176,109.330,23.180,1.391,-0.382,25.120,5.040,7508.720
144.740,591.497,2446.235,108.700,22.910,1.398,-0.539,25.190,6.770,7509.320
144.760,590.088,2447.258,108.360,21.720,1.399,-0.529,25.240,5.160,7509.920
144.780,588.651,2448.246,107.850,19.800,1.373,-0.729,25.380,5.270,7510.520
144.800,587.187,2449.196,107.560,20.550,1.353,-0.471,25.460,5.440,7511.120
144.820,585.697,2450.110,107.400,20.880,1.332,-0.438,25.490,4.910,7511.710
144.840,584.181,2450.984,106.770,20.600,1.345,-0.589,25.570,6.080,7512.310
144.860,582.641,2451.820,106.450,23.520,1.308,-0.592,25.690,4.490,7512.900
144.880,581.077,2452.617,105.980,26.860,1.282,-0.619,25.740,6.090,7513.490
144.900,579.491,2453.373,105.390,21.540,1.268,-0.710,25.800,6.310,7514.070
144.920,577.884,2454.089,104.910,21.770,1.237,-0.784,25.890,5.540,7514.660
144.940,576.256,2454.763,104.690,21.350,1.224,-0.608,25.990,3.450,7515.240
144.960,574.609,2455.396,104.110,24.210,1.245,-0.732,26.040,6.920,7515.820
144.980,572.944,2455.987,103.850,23.330,1.250,-0.557,26.100,2.640,7516.390
145.000,571.262,2456.535,103.260,22.410,1.229,-0.709,26.200,3.500,7516.970
145.020,569.564,2457.040,102.440,19.960,1.233,-0.754,26.240,5.350,7517.540
145.040,567.851,2457.501,101.960,20.390,1.258,-0.863,26.320,1.770,7518.100
145.060,566.124,2457.919,101.210,22.610,1.238,-0.780,26.400,7.520,7518.660
145.080,564.385,2458.293,100.760,22.650,1.242,-0.734,26.510,5.080,7519.220
145.100,562.634,2458.622,100.310,22.130,1.231,-0.808,26.570,7.600,7519.780
145.120,560.873,2458.907,100.280,23.480,1.200,-0.538,26.670,6.990,7520.340
145.140,559.103,2459.146,100.100,19.710,1.186,-0.500,26.770,3.890,7520.890
145.160,557.324,2459.341,99.540,22.740,1.178,-0.516,26.820,6.190,7521.450
145.180,555.539,2459.490,99.230,22.630,1.145,-0.410,26.980,2.130,7522.000
145.200,553.748,2459.593,98.560,20.200,1.080,-0.577,27.060,4.830,7522.550
145.220,551.953,2459.651,97.730,20.850,1.062,-0.847,27.110,4.380,7523.090
145.240,550.154,2459.663,97.380,23.390,1.020,-0.705,27.160,5.550,7523.630
145.260,548.352,2459.629,96.970,19.670,1.014,-0.582,27.200,5.390,7524.170
145.280,546.550,2459.550,96.280,26.820,0.987,-0.731,27.320,4.290,7524.700
145.300,544.748,2459.424,95.660,22.940,1.015,-0.739,27.390,5.430,7525.240
145.320,542.948,2459.253,95.560,21.660,0.994,-0.563,27.380,5.380,7525.770
145.340,541.149,2459.035,95.020,21.120,1.010,-0.646,27.060,4.560,7526.290
145.360,539.355,2458.772,95.130,22.990,1.027,-0.415,26.600,7.310,7526.820
145.380,537.565,2458.464,95.090,20.300,1.039,-0.374,25.990,3.180,7527.350
145.400,535.781,2458.110,95.300,20.010,0.997,-0.167,25.250,5.060,7527.880
145.420,534.005,2457.710,95.610,23.230,1.027,-0.009,24.450,3.800,7528.410
145.440,532.236,2457.265,95.530,18.880,1.035,-0.024,23.600,-0.640,7528.940
145.460,530.478,2456.776,95.480,19.540,1.049,-0.018,22.770,4.400,7529.470
145.480,528.729,2456.242,96.020,17.200,1.082,0.207,21.940,4.500,7530.010
145.500,526.993,2455.663,96.180,18.660,1.087,0.233,21.110,3.160,7530.540
145.520,525.270,2455.040,96.450,18.700,1.053,0.305,20.250,3.730,7531.080
145.540,523.560,2454.374,96.820,20.310,1.066,0.320,19.400,3.990,7531.610
145.560,521.866,2453.664,96.790,14.430,1.033,0.272,18.530,5.080,7532.150
145.580,520.188,2452.912,97.200,12.780,1.039,0.402,17.650,2.870,7532.690
145.600,518.527,2452.117,97.520,14.500,1.036,0.394,16.790,5.830,7533.230
145.620,516.884,2451.280,97.980,13.140,1.047,0.423,15.850,1.950,7533.780
145.640,515.261,2450.401,98.390,13.680,1.027,0.549,14.950,1.340,7534.330
145.660,513.659,2449.481,98.480,14.090,1.015,0.412,14.130,4.360,7534.870
145.680,512.078,2448.521,98.750,16.890,1.026,0.418,13.180,5.410,7535.420
145.700,510.520,2447.521,98.870,10.760,1.040,0.410,12.290,3.250,7535.970
145.720,508.986,2446.481,99.040,6.550,1.047,0.338,11.420,-0.120,7536.520
145.740,507.476,2445.403,98.970,9.780,1.090,0.274,10.480,0.900,7537.070
145.760,505.991,2444.287,99.170,10.240,1.102,0.199,9.590,3.560,7537.620
145.780,504.534,2443.133,99.060,6.900,1.110,0.075,8.780,2.470,7538.170
145.800,503.103,2441.942,99.380,8.600,1.103,0.272,7.890,5.080,7538.720
145.820,501.702,2440.716,99.960,7.700,1.080,0.333,6.980,3.430,7539.280
145.840,500.329,2439.454,100.360,7.230,1.093,0.555,6.100,3.020,7539.840
145.860,498.987,2438.158,100.580,7.580,1.140,0.483,5.200,4.430,7540.400
145.880,497.676,2436.828,100.750,5.120,1.145,0.360,4.370,5.070,7540.950
145.900,496.397,2435.465,100.870,5.660,1.167,0.371,3.440,5.660,7541.520
145.920,495.151,2434.070,100.940,0.230,1.186,0.281,2.540,3.190,7542.080
145.940,493.938,2432.644,101.410,1.160,1.190,0.289,1.620,3.490,7542.640
145.960,493.546,2432.124,102.580,-0.320,-0.040,-0.099,0.480,-0.400,7543.210
145.980,493.160,2431.611,100.910,-0.330,0.056,-0.033,-0.480,-0.180,7543.770
146.000,492.764,2431.087,103.750,-0.320,0.064,0.245,-0.680,0.020,7544.350
146.020,492.370,2430.566,102.920,-1.300,0.098,-0.025,0.730,0.260,7544.920
146.040,491.974,2430.041,103.770,1.740,0.018,0.252,0.590,0.180,7545.500
146.060,491.574,2429.513,104.510,1.000,0.093,0.209,0.860,-0.320,7546.080
146.080,491.172,2428.982,105.320,0.250,-0.035,0.239,-0.040,0.190,7546.660
146.100,490.757,2428.438,108.610,0.810,0.011,0.277,0.630,0.220,7547.260
146.120,490.353,2427.905,105.660,0.750,-0.053,-0.058,-1.280,0.150,7547.850
146.140,489.947,2427.370,106.360,-0.990,0.029,0.286,0.270,0.740,7548.440
146.160,489.528,2426.821,109.770,0.640,0.014,0.236,0.520,0.220,7549.050
146.180,489.112,2426.275,108.890,1.270,-0.123,-0.028,-0.340,0.290,7549.660
146.200,488.693,2425.725,109.990,-0.680,0.055,0.197,0.530,0.560,7550.270
146.220,488.280,2425.183,107.910,-1.530,0.043,-0.057,-0.090,0.260,7550.870
146.240,487.859,2424.631,110.450,-1.160,-0.028,0.238,-0.040,-0.170,7551.480
146.260,487.432,2424.073,111.910,-0.100,0.014,0.208,-0.130,0.370,7552.100
146.280,487.011,2423.521,110.310,-1.220,-0.075,-0.017,0.790,-0.120,7552.720
146.300,486.580,2422.959,112.880,-0.170,-0.039,0.231,-0.230,-0.290,7553.340
146.320,486.152,2422.399,112.250,-0.650,0.083,-0.072,-0.290,-0.270,7553.970
146.340,485.724,2421.840,112.210,-0.000,-0.058,-0.011,-0.430,0.370,7554.590
146.360,485.284,2421.268,115.310,-0.510,0.000,0.255,-0.180,0.190,7555.230
146.380,484.842,2420.692,116.120,-0.040,-0.070,0.273,0.100,0.320,7555.880
146.400,484.402,2420.120,115.230,0.600,0.017,-0.101,0.320,0.190,7556.520
146.420,483.959,2419.544,116.330,-0.960,0.028,0.226,-0.380,0.060,7557.160
146.440,483.508,2418.960,118.260,0.280,0.036,0.313,0.190,0.100,7557.820
146.460,483.065,2418.383,116.300,-0.850,0.023,-0.024,0.310,0.180,7558.470
146.480,482.615,2417.800,118.030,-0.010,0.071,0.218,-0.470,-0.180,7559.120
146.500,482.167,2417.219,117.550,-0.080,-0.028,-0.043,0.030,-0.390,7559.770
146.520,481.720,2416.639,117.220,0.360,-0.053,-0.080,-0.040,-0.150,7560.430
146.540,481.268,2416.052,118.780,0.180,-0.029,0.292,0.040,0.160,7561.080
146.560,480.817,2415.468,118.300,1.240,-0.067,-0.118,-0.260,-0.190,7561.740
146.580,480.355,2414.871,121.240,-0.030,0.004,0.258,-0.070,0.640,7562.420
146.600,479.898,2414.279,120.070,-0.630,-0.007,-0.042,0.020,0.130,7563.080
146.620,479.442,2413.689,119.750,0.930,0.024,-0.083,0.930,0.040,7563.750
146.640,478.971,2413.083,123.580,0.330,-0.081,0.242,0.020,-0.180,7564.430
146.660,478.499,2412.474,124.100,0.880,-0.001,0.261,0.670,0.270,7565.120
146.680,478.030,2411.870,123.210,-0.120,0.061,-0.103,0.710,-0.360,7565.810
146.700,477.552,2411.256,125.380,-1.310,0.029,0.212,-0.660,0.090,7566.500
146.720,477.081,2410.649,123.730,2.240,-0.095,-0.055,-0.150,-0.130,7567.190
146.740,476.606,2410.037,125.000,-0.600,-0.001,0.225,0.710,0.040,7567.890
146.760,476.123,2409.418,126.790,-1.160,-0.037,0.236,0.090,0.150,7568.590
146.780,475.635,2408.792,128.350,0.720,0.001,0.249,-0.060,-0.340,7569.300
146.800,475.152,2408.172,126.840,-0.950,-0.019,-0.077,0.380,-0.500,7570.010
146.820,474.669,2407.551,127.140,-0.390,0.087,0.249,0.530,-0.280,7570.720
146.840,474.174,2406.918,130.130,0.120,0.004,0.259,-0.010,0.260,7571.440
146.860,473.678,2406.284,130.190,-0.140,0.016,0.273,-0.140,0.110,7572.160
146.880,473.184,2405.651,130.120,-0.360,-0.002,-0.087,-1.180,-0.120,7572.880
146.900,472.681,2405.009,132.290,1.590,0.024,0.231,0.020,0.590,7573.620
146.920,472.171,2404.360,134.050,-0.110,-0.011,0.268,-0.190,0.390,7574.360
146.940,471.668,2403.718,132.300,-0.900,0.039,-0.094,-0.500,0.310,7575.100
146.960,471.168,2403.079,131.490,0.980,-0.020,-0.047,-0.100,-0.220,7575.830
146.980,470.660,2402.431,133.740,-0.720,0.069,0.251,-0.210,0.310,7576.570
147.000,470.157,2401.788,132.380,-0.110,0.025,-0.128,0.080,0.100,7577.310
147.020,469.639,2401.130,136.090,-0.900,-0.008,0.235,-0.140,-0.220,7578.060
147.040,469.131,2400.482,133.800,0.210,0.042,-0.040,0.220,-0.030,7578.810
147.060,468.617,2399.828,135.180,0.040,0.025,0.244,0.090,-0.310,7579.560
147.080,468.105,2399.176,134.830,-0.030,0.041,-0.064,0.640,-0.210,7580.310
147.100,467.584,2398.514,136.980,0.150,0.004,0.255,-0.270,-0.340,7581.070
147.120,467.061,2397.850,137.650,0.820,-0.012,0.280,0.890,0.290,7581.830
147.140,466.533,2397.180,139.060,0.700,0.007,0.266,0.530,-0.020,7582.610
147.160,466.006,2396.511,138.740,-1.040,-0.025,-0.073,0.740,-0.280,7583.380
147.180,465.477,2395.840,139.250,-0.670,0.049,0.206,0.130,0.160,7584.150
147.200,464.950,2395.171,138.940,0.920,0.073,-0.034,-0.140,0.000,7584.920
147.220,464.418,2394.497,139.990,-0.780,0.029,0.215,-0.270,0.320,7585.700
147.240,463.890,2393.828,138.950,0.490,0.071,-0.066,0.880,0.040,7586.470
147.260,463.344,2393.138,143.750,0.840,0.056,0.256,0.550,-0.430,7587.270
147.280,462.805,2392.456,142.140,-1.640,-0.013,-0.016,-0.500,-0.150,7588.060
147.300,462.253,2391.760,145.360,-0.410,0.042,0.289,0.490,-0.350,7588.870
147.320,461.709,2391.072,143.340,0.820,-0.064,-0.048,-0.410,0.170,7589.660
147.340,461.173,2390.393,141.280,-0.150,0.009,-0.065,0.160,0.330,7590.450
147.360,460.626,2389.702,144.080,-0.400,-0.059,0.214,0.410,-0.460,7591.250
147.380,460.074,2389.006,145.370,0.830,-0.005,0.309,0.730,-0.040,7592.060
147.400,459.520,2388.307,146.090,1.100,-0.072,0.241,0.120,0.350,7592.870
147.420,458.959,2387.602,147.630,-0.680,0.055,0.270,-0.070,-0.470,7593.690
147.440,458.400,2386.897,147.490,1.770,-0.020,-0.044,0.020,-0.130,7594.510
147.460,457.841,2386.193,147.350,-1.780,0.045,-0.065,0.530,-0.000,7595.330
147.480,457.283,2385.490,147.100,-1.510,-0.004,-0.066,0.390,0.320,7596.140
147.500,456.719,2384.781,148.480,-0.450,-0.092,0.209,-0.010,0.160,7596.970
147.520,456.148,2384.063,150.620,-0.330,-0.024,0.284,-0.930,0.220,7597.810
147.540,455.573,2383.342,151.620,-0.290,-0.027,0.246,-1.220,0.180,7598.650
147.560,455.004,2382.627,149.940,-0.530,-0.001,-0.007,0.110,-0.110,7599.480
147.580,454.424,2381.899,153.080,-0.730,0.075,0.237,-0.590,0.490,7600.330
147.600,453.843,2381.172,153.040,-0.220,0.084,-0.059,-0.260,-0.200,7601.180
147.620,453.269,2380.450,151.480,-0.590,-0.012,-0.084,-0.110,-0.830,7602.020
147.640,452.686,2379.720,153.800,0.680,-0.063,0.241,1.040,-0.540,7602.880
147.660,452.100,2378.986,154.600,0.030,-0.037,0.213,0.060,-0.040,7603.740
147.680,451.519,2378.258,153.070,-0.220,0.024,-0.038,0.360,-0.100,7604.590
147.700,450.938,2377.530,153.250,-0.070,-0.005,0.253,0.250,-0.160,7605.440
147.720,450.345,2376.787,156.610,1.110,-0.079,0.294,-1.210,0.050,7606.310
147.740,449.754,2376.048,155.840,-0.480,-0.025,-0.094,-0.200,0.360,7607.170
147.760,449.150,2375.294,159.410,-1.270,0.066,0.286,-0.610,0.140,7608.060
147.780,448.542,2374.537,160.340,-0.980,0.015,0.221,0.860,0.190,7608.950
147.800,447.940,2373.784,159.090,-0.230,0.002,-0.040,-0.910,-0.320,7609.830
147.820,447.332,2373.026,160.430,0.480,-0.019,0.216,-0.210,-0.160,7610.730
147.840,446.733,2372.278,158.080,0.880,-0.023,-0.044,-0.130,0.210,7611.600
147.860,446.133,2371.529,158.240,1.650,0.027,0.175,-0.490,0.030,7612.480
147.880,445.524,2370.770,160.640,0.740,0.007,0.230,0.050,0.140,7613.380
147.900,444.920,2370.015,159.550,-0.880,0.039,-0.047,-0.020,0.180,7614.260
147.920,444.304,2369.249,162.560,-0.200,0.027,0.303,0.080,0.050,7615.160
147.940,443.692,2368.486,161.540,-2.160,0.001,-0.114,0.250,0.470,7616.060
147.960,443.072,2367.715,163.620,-0.310,0.019,0.250,0.120,-0.160,7616.970
147.980,442.452,2366.943,163.690,-0.610,-0.030,0.234,0.190,-0.250,7617.880
148.000,441.825,2366.164,165.530,-2.310,-0.002,0.193,0.560,-0.530,7618.800
148.020,441.198,2365.385,165.680,2.110,0.067,0.216,-0.820,0.220,7619.720
148.040,440.572,2364.607,165.200,-0.380,0.001,-0.064,0.350,-0.170,7620.640
148.060,439.950,2363.833,164.380,-2.110,-0.011,-0.036,-0.520,0.380,7621.550
148.080,439.316,2363.047,167.290,-0.270,0.011,0.253,-0.320,0.070,7622.480
148.100,438.691,2362.269,165.050,1.650,-0.058,-0.089,0.060,-0.100,7623.400
148.120,438.047,2361.471,170.160,1.910,0.011,0.195,0.210,-0.320,7624.340
148.140,437.405,2360.675,169.700,0.060,0.085,-0.037,0.260,0.250,7625.290
148.160,436.758,2359.874,170.790,0.100,-0.040,0.244,-0.470,-0.020,7626.230
148.180,436.120,2359.082,168.690,1.230,0.013,-0.002,0.820,0.080,7627.170
148.200,435.471,2358.280,171.300,-0.150,-0.001,0.239,-0.210,0.180,7628.120
148.220,434.826,2357.481,170.380,0.460,-0.002,-0.016,-0.360,0.080,7629.070
148.240,434.174,2356.674,172.230,0.840,-0.003,0.266,-0.640,-0.250,7630.030
148.260,433.527,2355.872,171.120,-1.080,0.036,-0.025,-0.690,0.160,7630.980
148.280,432.872,2355.062,173.120,1.540,-0.055,0.263,-0.700,0.250,7631.940
148.300,432.221,2354.257,171.790,-0.880,0.034,-0.036,0.160,0.110,7632.890
148.320,431.562,2353.442,174.240,-0.630,0.003,0.181,0.300,0.190,7633.860
148.340,430.909,2352.634,172.630,0.100,-0.088,-0.057,-0.430,0.220,7634.820
148.360,430.234,2351.802,178.340,0.940,0.019,0.230,-0.570,-0.120,7635.810
148.380,429.566,2350.977,176.580,0.680,0.006,-0.012,-0.110,-0.130,7636.790
148.400,428.897,2350.151,176.960,-0.050,-0.044,0.220,0.050,0.670,7637.780
148.420,428.221,2349.318,178.590,0.280,0.008,0.242,0.130,0.400,7638.770
148.440,427.554,2348.495,176.250,1.070,-0.066,-0.026,-0.480,-0.010,7639.750
148.460,426.882,2347.666,177.640,0.010,-0.034,0.259,-0.080,0.200,7640.730
148.480,426.201,2346.826,180.230,-0.810,0.002,0.255,0.780,-0.280,7641.740
148.500,425.519,2345.987,180.290,-0.600,-0.084,0.283,-0.600,-0.180,7642.740
148.520,424.839,2345.150,179.590,0.910,-0.058,-0.042,-0.010,-0.370,7643.730
148.540,424.150,2344.302,182.260,-0.810,-0.050,0.234,0.250,0.090,7644.750
148.560,423.461,2343.453,182.360,-1.570,0.004,0.211,-0.480,0.090,7645.760
148.580,422.768,2342.601,183.290,-0.300,0.022,0.265,0.310,0.330,7646.780
148.600,422.073,2341.747,183.730,-0.080,-0.045,0.227,-0.670,-0.060,7647.800
148.620,421.382,2340.897,182.750,0.860,-0.047,-0.057,0.320,0.320,7648.810
148.640,420.685,2340.041,184.270,-1.460,0.007,0.282,0.020,0.200,7649.840
148.660,419.996,2339.193,182.220,0.350,0.006,-0.057,-0.710,0.740,7650.850
148.680,419.297,2338.334,184.860,1.150,-0.035,0.237,0.340,0.500,7651.880
148.700,418.594,2337.472,185.880,-0.820,0.091,0.242,-0.450,0.450,7652.910
148.720,417.884,2336.601,187.800,0.080,0.009,0.242,-0.080,0.250,7653.950
148.740,417.173,2335.728,188.250,-2.150,-0.009,0.220,0.320,-0.270,7655.000
148.760,416.466,2334.861,186.970,0.870,-0.019,0.000,-0.480,0.090,7656.040
148.780,415.757,2333.991,187.560,0.800,0.050,0.234,-0.260,0.670,7657.080
148.800,415.034,2333.106,191.300,-0.020,0.027,0.274,0.560,0.150,7658.140
148.820,414.318,2332.228,189.520,-1.330,-0.087,-0.081,-1.030,-0.250,7659.200
148.840,413.597,2331.345,190.750,0.670,-0.035,0.266,0.710,0.100,7660.260
148.860,412.870,2330.455,192.380,-0.240,-0.022,0.255,-0.730,-0.300,7661.320
148.880,412.146,2329.569,191.700,-2.780,-0.001,-0.049,-0.350,-0.260,7662.390
148.900,411.419,2328.680,192.210,0.780,0.031,0.255,0.140,0.120,7663.460
148.920,410.692,2327.789,192.580,1.160,-0.054,0.262,0.300,0.220,7664.530
148.940,409.963,2326.897,192.910,1.340,-0.004,0.243,0.150,-0.240,7665.600
148.960,409.228,2325.999,194.510,-1.280,0.085,0.245,0.020,-0.170,7666.680
148.980,408.502,2325.110,192.180,-1.920,0.001,-0.033,-0.220,-0.430,7667.750
149.000,407.765,2324.210,194.990,-0.410,-0.035,0.216,0.780,-0.040,7668.830
149.020,407.021,2323.301,196.960,0.520,-0.067,0.211,0.390,-0.580,7669.920
149.040,406.275,2322.391,197.410,-0.940,-0.024,0.255,0.590,-0.090,7671.020
149.060,405.522,2321.472,199.510,-1.590,-0.054,0.190,-0.210,0.020,7672.130
149.080,404.769,2320.554,199.270,0.720,-0.020,-0.100,-1.160,-0.530,7673.240
149.100,404.016,2319.636,199.240,-0.350,0.027,0.004,0.510,-0.300,7674.340
149.120,403.264,2318.718,199.290,0.620,0.002,0.296,0.180,-0.020,7675.450
149.140,402.511,2317.800,199.180,0.020,-0.024,-0.067,0.090,-0.060,7676.560
149.160,401.751,2316.874,201.240,-0.170,-0.090,0.280,-0.280,-0.050,7677.680
149.180,400.990,2315.946,201.590,-0.060,0.042,0.281,-0.170,0.090,7678.800
149.200,400.230,2315.021,201.160,-0.360,-0.018,-0.036,-0.300,-0.500,7679.910
149.220,399.471,2314.095,201.040,-0.460,0.005,-0.052,0.020,0.210,7681.030
149.240,398.705,2313.162,202.880,-1.100,-0.046,0.269,-0.570,-0.100,7682.160
149.260,397.930,2312.219,205.320,0.480,-0.020,0.274,0.380,-0.180,7683.300
149.280,397.158,2311.280,204.370,1.250,-0.029,-0.031,1.020,-0.560,7684.430
149.300,396.385,2310.339,204.860,-0.500,-0.067,0.204,-0.300,-0.080,7685.570
149.320,395.607,2309.393,206.080,1.870,-0.045,0.311,-0.800,0.150,7686.720
149.340,394.826,2308.444,206.780,0.380,-0.001,0.322,-0.050,0.040,7687.860
149.360,394.045,2307.494,207.050,0.260,0.015,0.193,0.160,0.050,7689.020
149.380,393.262,2306.543,207.240,0.660,-0.034,0.265,0.230,-0.100,7690.170
149.400,392.480,2305.593,207.160,0.980,-0.060,0.011,0.800,-0.020,7691.320
149.420,391.687,2304.631,210.040,-0.450,-0.018,0.280,0.410,-0.330,7692.480
149.440,390.900,2303.674,208.520,0.550,0.039,-0.020,-0.910,-0.000,7693.640
149.460,390.100,2302.703,212.130,1.050,-0.047,0.207,-0.620,-0.150,7694.820
149.480,389.305,2301.739,210.630,-0.380,0.001,-0.026,0.200,-0.340,7695.990
149.500,388.508,2300.772,211.090,0.000,-0.033,0.257,-0.230,0.230,7697.160
149.520,387.705,2299.798,212.770,-0.770,0.056,0.273,0.760,-0.470,7698.350
149.540,386.908,2298.831,211.270,-0.490,-0.025,-0.081,-0.470,0.160,7699.520
149.560,386.101,2297.853,213.730,-0.350,0.033,0.218,0.480,0.180,7700.710
149.580,385.295,2296.876,213.660,-0.900,0.051,-0.054,-0.320,-0.160,7701.890
149.600,384.485,2295.894,214.730,-0.060,0.077,0.239,0.130,0.310,7703.090
149.620,383.678,2294.917,213.700,0.330,-0.068,-0.055,-0.410,-0.160,7704.270
149.640,382.869,2293.937,214.310,0.430,-0.070,0.236,0.280,-0.180,7705.470
149.660,382.065,2292.961,213.220,-0.810,0.058,-0.056,0.540,-0.360,7706.650
149.680,381.250,2291.975,215.900,-0.610,0.050,0.230,0.130,-0.000,7707.850
149.700,380.433,2290.986,216.440,0.850,-0.031,0.249,0.950,-0.290,7709.050
149.720,379.615,2289.996,216.820,-0.610,-0.162,0.207,-0.360,-0.240,7710.260
149.740,378.792,2288.999,218.270,0.820,0.004,0.265,0.050,-0.020,7711.470
149.760,377.965,2287.999,219.160,-0.730,-0.076,0.258,0.420,-0.010,7712.690
149.780,377.134,2286.994,220.430,0.380,-0.041,0.212,-0.470,0.380,7713.910
149.800,376.299,2285.986,221.150,0.750,0.009,0.290,0.030,0.280,7715.140
149.820,375.462,2284.975,221.900,-2.650,0.016,0.225,0.330,0.170,7716.370
149.840,374.623,2283.961,222.580,0.870,0.079,0.286,0.460,-0.040,7717.610
149.860,373.783,2282.947,222.570,1.300,-0.019,-0.040,0.570,-0.120,7718.850
149.880,372.943,2281.932,222.860,-0.310,-0.049,0.280,-0.430,-0.010,7720.080
149.900,372.095,2280.908,224.790,0.350,0.046,0.255,0.140,-0.170,7721.330
149.920,371.246,2279.884,225.060,-0.840,0.019,0.267,-0.660,-0.210,7722.580
149.940,370.407,2278.871,222.410,0.360,-0.018,-0.020,-0.360,-0.020,7723.820
149.960,369.559,2277.847,225.000,2.460,0.002,0.307,-0.090,-0.260,7725.070
149.980,368.717,2276.830,223.170,-2.200,-0.019,-0.018,0.570,-0.250,7726.310
150.000,367.873,2275.811,223.760,-0.500,0.035,0.263,0.260,0.290,7727.550
150.020,367.020,2274.782,226.350,0.800,0.084,0.210,0.020,-0.410,7728.810
150.040,366.162,2273.747,227.540,1.260,-0.036,0.178,0.220,-0.310,7730.070
150.060,365.303,2272.712,227.720,-1.380,0.021,0.246,0.260,0.380,7731.340
150.080,364.449,2271.683,226.310,-0.640,-0.076,-0.071,0.180,-0.120,7732.600
150.100,363.579,2270.635,230.750,-0.580,-0.054,0.230,-0.290,0.410,7733.880
150.120,362.715,2269.594,229.150,-0.650,0.028,-0.052,-0.480,-0.350,7735.150
150.140,361.842,2268.543,231.560,-0.120,-0.004,0.270,-0.110,0.020,7736.440
150.160,360.974,2267.497,230.430,-1.430,-0.055,-0.069,-0.400,0.230,7737.720
150.180,360.102,2266.446,231.320,-0.250,0.000,0.277,0.310,-0.270,7739.000
150.200,359.222,2265.388,233.340,-0.940,0.044,0.251,0.760,0.500,7740.300
150.220,358.344,2264.332,232.780,-0.070,-0.072,-0.049,0.280,-0.120,7741.590
150.240,357.462,2263.270,234.180,-0.710,0.087,0.306,-0.910,0.150,7742.890
150.260,356.576,2262.205,234.960,-0.170,0.029,0.255,-0.320,-0.200,7744.200
150.280,355.697,2261.148,233.020,-1.040,0.030,-0.052,0.010,0.450,7745.490
150.300,354.806,2260.077,236.500,0.950,-0.000,0.266,-0.720,0.090,7746.810
150.320,353.920,2259.012,235.000,-0.330,0.087,0.004,0.020,0.630,7748.110
150.340,353.033,2257.945,235.360,0.010,0.048,0.249,0.230,0.350,7749.420
150.360,352.141,2256.873,236.550,-0.150,-0.018,0.263,0.700,0.250,7750.730
150.380,351.239,2255.790,239.480,0.010,0.038,0.247,0.910,-0.290,7752.060
150.400,350.348,2254.718,236.480,0.000,-0.037,-0.053,-0.600,0.030,7753.380
150.420,349.441,2253.631,240.480,0.810,-0.014,0.235,-0.060,-0.100,7754.710
150.440,348.534,2252.542,240.630,-0.290,0.073,0.233,-0.050,0.010,7756.050
150.460,347.627,2251.453,240.850,-0.720,0.019,0.301,-0.360,0.040,7757.390
150.480,346.716,2250.360,241.730,0.040,0.033,0.233,0.050,-0.270,7758.730
150.500,345.806,2249.268,241.540,-0.610,0.058,-0.096,-0.040,-0.050,7760.070
150.520,344.888,2248.167,243.620,-0.070,0.027,0.254,0.310,-0.030,7761.430
150.540,343.974,2247.071,242.570,-1.050,-0.041,-0.019,0.680,-0.300,7762.770
150.560,343.064,2245.979,241.400,1.050,0.083,-0.013,0.070,0.240,7764.120
150.580,342.143,2244.876,244.340,-0.780,0.026,0.214,-0.250,0.070,7765.470
150.600,341.216,2243.764,246.270,1.200,0.029,0.283,-0.510,0.240,7766.840
150.620,340.287,2242.652,246.430,-0.060,0.003,0.312,1.020,0.150,7768.210
150.640,339.349,2241.529,249.030,0.860,0.056,0.229,0.450,-0.510,7769.590
150.660,338.420,2240.416,246.550,-0.770,0.096,-0.055,0.200,-0.250,7770.960
150.680,337.488,2239.300,247.310,-1.970,-0.019,0.213,-0.080,0.500,7772.340
150.700,336.555,2238.182,247.820,-1.650,0.053,0.306,0.810,0.240,7773.710
150.720,335.622,2237.065,247.620,2.500,0.002,-0.095,-0.080,-0.490,7775.090
150.740,334.685,2235.943,248.700,-0.600,-0.100,0.238,-0.860,0.140,7776.470
150.760,333.749,2234.822,248.470,1.100,-0.070,-0.026,0.130,-0.250,7777.850
150.780,332.818,2233.707,247.200,-1.300,0.021,-0.071,-0.610,-0.630,7779.230
150.800,331.874,2232.578,250.390,0.180,0.051,0.220,0.130,0.500,7780.620
150.820,330.926,2231.443,251.920,0.350,0.030,0.248,0.670,0.020,7782.020
150.840,329.971,2230.302,253.450,2.840,0.038,0.322,-0.840,0.070,7783.420
150.860,329.021,2229.166,252.260,-0.320,0.129,-0.058,-0.450,-0.380,7784.830
150.880,328.068,2228.027,252.900,-0.710,0.026,0.244,0.430,-0.350,7786.230
150.900,327.104,2226.876,255.910,0.350,-0.013,0.217,-0.250,-0.480,7787.650
150.920,326.152,2225.736,252.980,-0.920,-0.006,-0.038,0.210,0.430,7789.060
150.940,325.190,2224.587,255.350,0.410,0.082,0.277,0.210,-0.490,7790.480
150.960,324.220,2223.429,257.650,-0.050,-0.063,0.232,0.440,0.490,7791.910
150.980,323.256,2222.278,255.780,-0.750,0.062,-0.034,-0.320,-0.300,7793.330
151.000,322.295,2221.130,255.160,0.490,0.001,-0.068,-1.280,-0.370,7794.750
151.020,321.314,2219.959,260.640,0.110,-0.042,0.193,0.200,-0.020,7796.190
151.040,320.335,2218.791,259.890,0.760,-0.073,-0.036,-0.780,-0.210,7797.640
151.060,319.354,2217.621,260.560,1.650,0.074,0.312,0.470,0.030,7799.090
151.080,318.376,2216.453,259.800,-0.500,-0.043,-0.086,-0.020,-0.260,7800.530
151.100,317.391,2215.279,261.510,-0.410,0.003,0.255,-0.150,-0.090,7801.980
151.120,316.422,2214.121,257.440,-1.350,-0.049,-0.011,0.350,-0.230,7803.410
151.140,315.439,2212.949,261.140,0.520,0.098,0.247,-0.870,0.260,7804.860
151.160,314.445,2211.765,263.830,-0.640,0.005,0.207,-0.100,0.150,7806.330
151.180,313.463,2210.593,260.940,0.350,-0.067,-0.049,0.220,0.070,7807.780
151.200,312.472,2209.411,263.150,1.170,-0.021,0.295,0.130,0.320,7809.240
151.220,311.475,2208.224,264.750,-0.680,0.070,0.235,-0.240,0.080,7810.710
151.240,310.482,2207.040,263.710,-0.470,-0.049,-0.043,-0.240,0.050,7812.180
151.260,309.483,2205.849,265.520,1.010,-0.018,0.218,0.770,-0.040,7813.650
151.280,308.479,2204.653,266.700,0.710,0.059,0.247,0.460,-0.210,7815.130
151.300,307.473,2203.456,267.200,0.600,0.017,0.262,-0.330,-0.210,7816.620
151.320,306.469,2202.260,266.760,-0.390,-0.061,-0.046,0.670,0.040,7818.100
151.340,305.465,2201.064,266.740,-1.440,0.011,-0.063,0.380,0.310,7819.580
151.360,304.451,2199.858,269.200,-0.710,-0.008,0.263,0.240,0.170,7821.080
151.380,303.436,2198.649,269.730,-1.010,0.003,0.270,0.260,0.170,7822.580
151.400,302.419,2197.439,270.280,0.580,0.047,0.272,-0.570,-0.330,7824.080
151.420,301.400,2196.227,270.630,0.280,0.012,0.241,0.750,0.160,7825.580
151.440,300.378,2195.011,271.590,-0.600,-0.005,0.231,0.480,-0.120,7827.090
151.460,299.350,2193.789,273.010,-0.430,-0.007,0.309,0.120,0.050,7828.610
151.480,298.324,2192.568,272.780,0.480,0.054,-0.046,0.120,0.170,7830.120
151.500,297.296,2191.346,273.080,-0.320,-0.036,0.242,-0.050,-0.350,7831.640
151.520,296.269,2190.125,272.770,-0.580,-0.108,-0.094,-0.280,0.050,7833.150
151.540,295.230,2188.890,276.260,1.980,-0.011,0.222,0.270,0.070,7834.690
151.560,294.202,2187.668,273.110,-0.550,0.019,-0.069,-0.400,0.300,7836.210
151.580,293.166,2186.438,275.110,0.670,-0.021,0.263,0.080,-0.160,7837.730
151.600,292.130,2185.207,275.270,0.390,-0.026,0.239,0.050,-0.020,7839.260
151.620,291.099,2183.981,273.910,-1.520,-0.018,-0.050,0.190,0.050,7840.790
151.640,290.054,2182.740,277.800,-0.680,-0.001,0.207,0.470,-0.160,7842.330
151.660,289.009,2181.499,277.590,0.820,-0.065,-0.008,0.200,-0.160,7843.870
151.680,287.961,2180.254,278.560,-0.130,0.033,0.228,0.350,-0.170,7845.420
151.700,286.912,2179.008,278.860,-1.460,-0.133,0.257,-0.970,-0.040,7846.970
151.720,285.855,2177.754,280.880,0.390,0.027,0.234,0.230,0.520,7848.530
151.740,284.795,2176.497,281.690,-0.580,0.016,0.240,0.040,-0.030,7850.090
151.760,283.744,2175.249,279.340,0.440,0.025,-0.074,0.190,0.150,7851.640
151.780,282.675,2173.981,284.260,2.690,-0.096,0.259,-0.260,0.010,7853.220
151.800,281.614,2172.723,281.870,0.380,0.015,-0.079,0.580,-0.090,7854.790
151.820,280.547,2171.457,283.730,0.610,-0.027,0.259,0.130,-0.010,7856.370
151.840,279.479,2170.191,283.740,-0.250,0.080,0.246,-0.370,0.230,7857.940
151.860,278.410,2168.923,284.240,-1.120,0.018,0.269,-0.280,-0.020,7859.520
151.880,277.336,2167.649,285.540,1.020,-0.059,0.272,0.450,-0.050,7861.110
151.900,276.255,2166.369,287.300,-0.610,-0.085,0.240,-0.040,-0.070,7862.700
151.920,275.175,2165.089,287.110,-0.230,-0.031,-0.039,-0.000,-0.300,7864.300
151.940,274.098,2163.813,286.200,1.790,0.041,-0.063,-0.100,0.310,7865.890
151.960,273.018,2162.533,287.050,-0.340,0.058,0.289,0.510,-0.130,7867.480
151.980,271.939,2161.254,286.950,1.220,0.009,-0.061,0.240,0.440,7869.080
152.000,270.850,2159.964,289.490,0.390,0.004,0.244,-0.590,0.070,7870.690
152.020,269.759,2158.673,289.920,-0.550,-0.017,0.236,-0.490,0.420,7872.300
152.040,268.671,2157.384,289.140,0.340,-0.001,-0.072,0.000,-0.060,7873.900
152.060,267.572,2156.083,292.270,-0.720,0.061,0.311,-0.320,-0.220,7875.530
152.080,266.472,2154.781,292.510,0.900,-0.017,0.265,-1.080,0.310,7877.150
152.100,265.365,2153.472,294.250,1.250,0.033,0.252,-0.370,-0.170,7878.790
152.120,264.271,2152.176,290.950,0.050,-0.026,-0.064,-0.140,0.390,7880.400
152.140,263.170,2150.874,292.600,1.340,0.051,0.283,-0.200,0.170,7882.030
152.160,262.068,2149.569,293.080,0.160,0.029,0.234,0.360,0.440,7883.660
152.180,260.948,2148.245,297.900,0.910,0.049,0.254,-1.120,-0.290,7885.310
152.200,259.840,2146.934,294.630,2.950,0.094,0.016,-0.390,0.290,7886.950
152.220,258.722,2145.613,297.130,2.480,-0.129,0.221,0.400,-0.220,7888.600
152.240,257.604,2144.291,297.400,-0.180,0.038,0.266,-0.330,-0.720,7890.250
152.260,256.489,2142.973,296.340,0.290,0.023,-0.041,-0.610,0.270,7891.900
152.280,255.372,2141.652,297.170,-1.050,0.022,0.266,-0.340,-0.000,7893.550
152.300,254.249,2140.325,298.490,0.800,0.012,0.241,0.220,0.290,7895.210
152.320,253.120,2138.991,300.210,0.390,0.012,0.232,-0.130,0.030,7896.880
152.340,251.997,2137.664,298.690,-0.770,0.017,-0.043,-0.360,0.010,7898.530
152.360,250.873,2136.336,298.800,1.190,0.045,0.236,0.240,0.450,7900.190
152.380,249.739,2134.996,301.580,-0.270,0.041,0.180,0.190,0.040,7901.870
152.400,248.615,2133.667,299.080,-0.520,-0.001,-0.075,-0.630,-0.140,7903.530
152.420,247.480,2132.327,301.800,0.400,-0.009,0.240,0.050,-0.030,7905.210
152.440,246.338,2130.979,303.630,-0.470,0.001,0.218,-0.650,0.050,7906.900
152.460,245.198,2129.632,303.310,-0.030,-0.021,-0.045,0.590,-0.850,7908.580
152.480,244.060,2128.289,302.430,1.750,0.089,-0.073,0.620,0.150,7910.260
152.500,242.923,2126.946,302.400,-0.610,-0.064,-0.051,-0.140,0.410,7911.940
152.520,241.772,2125.587,306.300,0.680,0.037,0.315,0.530,-0.010,7913.640
152.540,240.625,2124.234,304.870,-0.580,0.037,-0.013,-0.380,-0.130,7915.340
152.560,239.481,2122.883,304.410,-0.970,-0.027,-0.032,-0.070,0.120,7917.030
152.580,238.323,2121.517,308.090,-0.080,0.015,0.304,-0.290,0.520,7918.740
152.600,237.164,2120.150,308.200,2.680,0.063,0.248,-0.010,0.140,7920.450
152.620,236.013,2118.793,306.040,0.780,-0.017,-0.052,0.030,0.060,7922.150
152.640,234.840,2117.410,312.010,0.460,0.066,0.218,-0.000,-0.120,7923.880
152.660,233.682,2116.044,308.040,-0.520,0.056,-0.012,-0.050,-0.320,7925.600
152.680,232.514,2114.667,310.650,-0.380,-0.035,0.309,0.060,0.010,7927.320
152.700,231.338,2113.280,313.070,-1.480,-0.055,0.277,0.630,0.010,7929.060
152.720,230.165,2111.898,312.040,1.800,0.008,-0.007,-1.010,-0.580,7930.790
152.740,228.993,2110.517,311.720,0.270,-0.062,-0.132,0.960,-0.220,7932.530
152.760,227.828,2109.143,309.800,0.180,-0.145,0.020,-0.180,0.350,7934.250
152.780,226.642,2107.746,315.630,0.200,-0.024,0.247,-0.040,-0.080,7936.000
152.800,225.460,2106.353,314.490,2.090,0.109,0.021,0.660,-0.740,7937.750
152.820,224.288,2104.972,311.690,0.300,-0.022,0.002,0.300,0.480,7939.480
152.840,223.097,2103.570,316.740,-0.190,0.019,0.273,0.270,-0.270,7941.240
152.860,221.913,2102.175,315.140,1.800,0.035,-0.060,0.620,-0.140,7942.990
152.880,220.728,2100.779,315.250,-0.130,-0.002,0.255,-0.080,0.320,7944.740
152.900,219.542,2099.383,315.430,-1.690,-0.017,0.193,0.460,-0.220,7946.490
152.920,218.350,2097.979,317.160,-1.530,0.061,0.278,-0.630,-0.590,7948.260
152.940,217.152,2096.569,318.730,-0.190,0.002,0.173,0.210,0.070,7950.030
152.960,215.959,2095.164,317.400,0.290,-0.005,-0.059,0.280,0.240,7951.790
152.980,214.760,2093.753,318.950,0.820,0.040,0.296,0.570,-0.140,7953.560
153.000,213.558,2092.338,320.000,-0.920,-0.051,0.272,0.350,-0.040,7955.340
153.020,212.355,2090.923,320.000,-0.230,-0.063,-0.096,0.100,-0.350,7957.120
153.040,211.104,2089.552,48.760,2.650,-0.585,0.052,0.310,0.590,7957.390
153.060,209.807,2088.229,49.510,1.170,-0.554,0.225,-0.300,5.210,7957.670
153.080,208.466,2086.954,50.880,-1.330,-0.533,0.842,-0.880,5.100,7957.950
153.100,207.082,2085.729,52.380,-0.660,-0.474,1.277,-1.630,3.870,7958.240
153.120,205.657,2084.556,54.270,-3.490,-0.472,1.641,-2.820,4.960,7958.540
153.140,204.193,2083.436,56.380,0.300,-0.500,2.095,-4.020,5.810,7958.850
153.160,202.692,2082.371,58.360,-2.650,-0.523,2.239,-5.060,8.740,7959.180
153.180,201.156,2081.361,59.880,0.590,-0.531,2.240,-5.930,6.650,7959.510
153.200,199.588,2080.409,61.800,-1.210,-0.562,2.367,-7.250,7.660,7959.850
153.220,197.989,2079.514,63.980,0.840,-0.601,2.622,-8.500,11.980,7960.210
153.240,196.362,2078.680,65.910,-2.860,-0.640,2.628,-9.620,11.810,7960.580
153.260,194.708,2077.905,67.520,-3.580,-0.657,2.430,-10.710,12.060,7960.950
153.280,193.031,2077.192,69.410,-5.470,-0.718,2.529,-11.860,8.080,7961.340
153.300,191.332,2076.541,70.910,-6.650,-0.766,2.558,-13.100,8.980,7961.730
153.320,189.613,2075.953,72.870,-7.230,-0.811,2.573,-14.390,9.680,7962.140
153.340,187.878,2075.429,74.660,-5.580,-0.859,2.411,-15.540,12.620,7962.550
153.360,186.127,2074.969,76.450,-11.280,-0.900,2.610,-17.280,11.030,7962.980
153.380,184.365,2074.573,78.470,-9.390,-0.909,2.566,-18.030,13.530,7963.410
153.400,182.593,2074.243,79.830,-13.810,-0.922,2.477,-19.250,11.450,7963.850
153.420,180.813,2073.978,81.300,-10.700,-0.957,2.399,-20.410,10.140,7964.310
153.440,179.029,2073.779,82.630,-13.290,-0.993,2.194,-21.280,10.530,7964.770
153.460,177.241,2073.645,84.350,-12.410,-1.050,2.202,-22.710,7.210,7965.230
153.480,175.454,2073.578,85.910,-15.900,-1.132,2.204,-23.580,6.900,7965.710
153.500,173.669,2073.576,87.160,-15.970,-1.157,2.142,-24.810,10.200,7966.200
153.520,171.889,2073.639,88.300,-15.270,-1.181,1.887,-26.080,8.990,7966.690
153.540,170.116,2073.769,89.020,-17.350,-1.224,1.643,-27.290,11.100,7967.180
153.560,168.352,2073.963,90.000,-15.660,-1.272,1.619,-28.740,6.140,7967.680
153.580,166.601,2074.222,90.570,-20.880,-1.315,1.317,-30.230,7.800,7968.180
153.600,164.863,2074.546,91.310,-22.230,-1.325,1.347,-31.560,8.410,7968.690
153.620,163.143,2074.933,91.800,-19.690,-1.337,1.030,-32.480,6.790,7969.200
153.640,161.442,2075.383,92.060,-23.980,-1.326,0.677,-33.820,6.670,7969.710
153.660,159.762,2075.895,92.370,-25.080,-1.361,0.700,-34.820,4.220,7970.230
153.680,158.106,2076.469,92.600,-24.320,-1.378,0.637,-35.290,6.230,7970.740
153.700,156.476,2077.103,92.850,-26.080,-1.386,0.590,-35.540,5.680,7971.260
153.720,154.874,2077.797,92.650,-26.890,-1.402,0.267,-35.840,5.490,7971.770
153.740,153.302,2078.549,92.700,-28.060,-1.387,0.209,-35.990,2.740,7972.290
153.760,151.763,2079.358,92.180,-24.190,-1.364,-0.064,-36.050,1.170,7972.800
153.780,150.259,2080.224,91.970,-27.420,-1.392,-0.030,-36.230,1.950,7973.310
153.800,148.791,2081.144,91.390,-28.390,-1.395,-0.315,-36.500,2.300,7973.820
153.820,147.362,2082.117,90.780,-27.970,-1.358,-0.525,-36.800,3.710,7974.320
153.840,145.973,2083.142,90.100,-26.690,-1.344,-0.514,-36.830,3.990,7974.820
153.860,144.627,2084.218,89.540,-24.480,-1.334,-0.683,-36.970,3.690,7975.320
153.880,143.326,2085.342,89.000,-27.760,-1.319,-0.831,-37.290,5.560,7975.810
153.900,142.070,2086.513,88.090,-29.060,-1.294,-0.966,-37.210,4.200,7976.300
153.920,140.862,2087.729,87.690,-23.430,-1.278,-0.756,-37.360,5.090,7976.790
153.940,139.704,2088.989,86.800,-26.880,-1.263,-1.034,-37.440,5.400,7977.270
153.960,138.597,2090.291,86.440,-27.310,-1.253,-0.775,-37.710,5.040,7977.750
153.980,137.542,2091.632,86.000,-26.870,-1.216,-0.796,-37.690,5.810,7978.230
154.000,136.541,2093.011,85.700,-29.520,-1.218,-0.584,-38.150,3.850,7978.710
154.020,135.596,2094.425,84.870,-27.020,-1.209,-0.800,-37.990,4.050,7979.180
154.040,134.707,2095.873,84.080,-25.360,-1.165,-1.000,-38.500,4.850,7979.640
154.060,133.876,2097.353,83.760,-24.450,-1.155,-0.710,-38.790,6.330,7980.110
154.080,133.104,2098.862,82.950,-27.520,-1.150,-0.800,-38.770,7.010,7980.570
154.100,132.392,2100.398,82.180,-26.330,-1.126,-1.022,-38.930,5.060,7981.030
154.120,131.741,2101.959,81.730,-24.140,-1.114,-0.899,-39.050,5.140,7981.480
154.140,131.152,2103.542,81.200,-26.460,-1.120,-0.789,-39.200,2.450,7981.930
154.160,130.626,2105.146,80.710,-25.030,-1.102,-0.744,-39.390,4.540,7982.380
154.180,130.162,2106.768,80.270,-25.530,-1.107,-0.594,-39.390,2.120,7982.830
154.200,129.763,2108.405,79.800,-27.620,-1.055,-0.661,-39.490,3.690,7983.270
154.220,129.428,2110.056,79.180,-27.990,-1.043,-0.619,-39.450,5.870,7983.710
154.240,129.159,2111.718,78.600,-23.920,-1.054,-0.780,-39.590,2.590,7984.150
154.260,128.954,2113.387,78.000,-31.290,-1.048,-0.779,-39.820,3.470,7984.580
154.280,128.815,2115.063,77.570,-27.150,-1.017,-0.778,-39.770,3.410,7985.010
154.300,128.742,2116.743,78.010,-28.550,-1.034,-0.365,-39.670,0.840,7985.440
154.320,128.735,2118.423,79.370,-23.640,-0.979,0.351,-39.230,4.480,7985.890
154.340,128.793,2120.103,80.350,-22.940,-1.028,0.621,-38.280,4.650,7986.330
154.360,128.917,2121.778,80.300,-26.780,-1.017,0.285,-36.950,5.740,7986.780
154.380,129.107,2123.448,79.300,-19.180,-1.030,-0.156,-35.460,1.110,7987.220
154.400,129.362,2125.108,77.540,-21.180,-1.035,-0.763,-34.460,2.080,7987.650
154.420,129.682,2126.758,76.050,-22.560,-1.003,-1.212,-32.870,7.660,7988.070
154.440,130.066,2128.394,75.970,-18.990,-0.998,-0.880,-31.370,4.530,7988.490
154.460,130.514,2130.015,76.800,-22.350,-0.958,-0.313,-29.800,2.310,7988.920
154.480,131.026,2131.617,78.490,-20.870,-0.999,0.554,-28.590,6.160,7989.360
154.500,131.600,2133.199,80.370,-18.590,-1.003,1.272,-26.560,6.710,7989.800
154.520,132.236,2134.759,81.700,-20.140,-1.031,1.467,-25.130,8.550,7990.260
154.540,132.933,2136.293,82.060,-20.560,-1.043,1.146,-23.880,5.160,7990.710
154.560,133.690,2137.800,81.250,-18.970,-1.043,0.389,-22.330,2.360,7991.160
154.580,134.505,2139.277,79.570,-16.430,-1.076,-0.297,-20.590,2.650,7991.610
154.600,135.379,2140.723,78.740,-14.070,-1.057,-0.573,-19.380,5.120,7992.040
154.620,136.309,2142.135,78.690,-14.720,-1.024,-0.555,-18.110,4.070,7992.480
154.640,137.294,2143.511,79.330,-16.360,-1.017,-0.162,-16.550,3.300,7992.920
154.660,138.333,2144.849,80.880,-11.230,-1.038,0.534,-15.000,0.040,7993.370
154.680,139.424,2146.147,83.050,-8.720,-1.089,1.326,-13.360,4.000,7993.830
154.700,140.566,2147.404,84.630,-11.650,-1.100,1.674,-11.640,4.830,7994.300
154.720,141.758,2148.617,84.350,-6.020,-1.079,1.070,-10.120,5.330,7994.770
154.740,142.998,2149.785,83.820,-6.670,-1.084,0.509,-8.950,1.850,7995.240
154.760,144.283,2150.906,82.590,-9.550,-1.070,-0.189,-7.630,5.340,7995.700
154.780,145.612,2151.977,81.640,-7.760,-1.057,-0.392,-6.210,3.450,7996.150
154.800,146.984,2152.999,81.530,-6.070,-1.073,-0.419,-4.510,3.940,7996.600
154.820,148.397,2153.968,82.310,-4.780,-1.080,0.034,-2.920,0.650,7997.060
154.840,148.745,2154.140,80.630,-1.230,-0.018,-0.045,0.050,0.370,7997.510
154.860,149.117,2154.329,85.730,0.800,-0.000,0.195,1.040,0.380,7997.980
154.880,149.494,2154.522,87.180,-0.810,-0.027,0.251,0.900,-0.060,7998.470
154.900,149.868,2154.712,86.220,0.270,0.051,-0.064,0.980,0.150,7998.950
154.920,150.230,2154.894,83.640,-1.110,-0.013,0.015,0.200,0.280,7999.410
154.940,150.607,2155.087,87.150,0.450,0.007,0.212,-0.110,-0.130,7999.900
154.960,150.994,2155.288,89.350,-0.300,0.045,0.244,0.140,-0.390,8000.390
154.980,151.383,2155.489,89.640,0.470,0.003,0.261,0.230,0.210,8000.890
155.000,151.764,2155.685,87.890,-0.550,-0.063,-0.079,0.190,0.270,8001.380
155.020,152.176,2155.905,94.940,0.560,-0.021,0.308,-0.360,0.220,8001.910
155.040,152.575,2156.114,92.010,0.850,-0.006,0.008,-0.380,-0.110,8002.420
155.060,152.976,2156.325,92.350,0.120,-0.082,0.224,-0.300,0.460,8002.930
155.080,153.390,2156.546,95.410,-0.480,-0.036,0.232,0.540,0.090,8003.460
155.100,153.817,2156.776,98.330,-0.230,-0.003,0.314,0.590,-0.340,8004.010
155.120,154.245,2157.007,98.420,-1.260,0.101,0.292,1.590,-0.480,8004.550
155.140,154.665,2157.232,96.770,0.200,0.019,-0.061,0.210,-0.090,8005.090
155.160,155.089,2157.461,97.620,0.620,0.008,0.263,-0.390,0.070,8005.630
155.180,155.513,2157.689,97.640,1.570,0.085,0.208,-0.240,-0.090,8006.180
155.200,155.955,2157.930,101.590,1.310,0.029,0.316,-0.080,0.600,8006.740
155.220,156.400,2158.175,102.410,-0.980,0.036,0.252,0.750,0.120,8007.310
155.240,156.857,2158.427,104.990,0.210,-0.020,0.268,0.370,-0.290,8007.890
155.260,157.311,2158.678,104.290,-0.130,-0.063,-0.078,-0.670,-0.680,8008.470
155.280,157.780,2158.940,107.870,1.220,0.013,0.216,-0.030,0.070,8009.070
155.300,158.253,2159.205,108.490,-0.710,0.091,0.264,-0.740,0.300,8009.670
155.320,158.721,2159.466,107.510,0.880,0.076,0.007,0.300,0.560,8010.270
155.340,159.201,2159.736,110.280,-0.990,0.033,0.234,-0.350,-0.060,8010.880
155.360,159.693,2160.015,112.780,-0.110,-0.034,0.221,-0.310,0.520,8011.510
155.380,160.174,2160.286,110.440,-0.880,-0.078,-0.041,-0.940,-0.410,8012.120
155.400,160.664,2160.564,112.660,-1.970,-0.041,0.299,0.380,-0.100,8012.750
155.420,161.160,2160.846,113.730,-0.900,0.011,0.231,0.600,-0.300,8013.380
155.440,161.660,2161.131,114.630,-0.260,-0.024,0.243,-0.350,0.240,8014.020
155.460,162.172,2161.426,117.470,1.430,0.050,0.275,-0.080,-0.390,8014.670
155.480,162.690,2161.724,118.680,-1.090,-0.074,0.278,-0.240,0.120,8015.330
155.500,163.209,2162.024,119.070,-0.610,-0.006,0.241,-0.110,-0.370,8015.990
155.520,163.733,2162.327,120.090,-1.440,-0.038,0.283,-0.410,0.530,8016.660
155.540,164.256,2162.629,119.800,1.160,0.050,-0.034,-0.550,-0.110,8017.330
155.560,164.789,2162.939,122.240,-0.460,0.027,0.250,0.680,0.110,8018.000
155.580,165.317,2163.245,120.910,-0.340,-0.042,-0.023,-1.320,-0.540,8018.680
155.600,165.874,2163.573,127.650,-0.350,0.043,0.273,0.250,-0.450,8019.390
155.620,166.429,2163.900,127.050,-1.950,-0.081,-0.081,0.140,-0.230,8020.090
155.640,166.986,2164.228,127.560,-1.470,-0.089,0.295,0.830,0.260,8020.800
155.660,167.545,2164.557,127.830,-0.950,-0.044,0.260,-0.120,0.200,8021.510
155.680,168.108,2164.889,128.930,0.620,-0.099,0.291,-0.190,0.330,8022.230
155.700,168.662,2165.215,126.880,-2.500,-0.006,-0.048,-0.400,-0.450,8022.930
155.720,169.224,2165.547,128.620,0.540,-0.004,0.257,0.180,0.150,8023.650
155.740,169.791,2165.882,129.900,0.340,-0.020,0.262,-0.350,-0.170,8024.370
155.760,170.372,2166.228,132.780,-1.810,0.027,0.266,-0.560,-0.240,8025.100
155.780,170.955,2166.575,133.370,-0.320,-0.036,0.296,-0.370,-0.160,8025.850
155.800,171.550,2166.932,136.100,1.160,-0.065,0.264,-0.470,-0.030,8026.600
155.820,172.138,2167.283,134.530,-1.070,-0.040,-0.051,-0.500,0.200,8027.350
155.840,172.744,2167.648,138.620,-0.550,-0.061,0.280,0.040,0.340,8028.120
155.860,173.343,2168.007,136.940,2.760,-0.031,-0.037,-0.100,0.160,8028.880
155.880,173.949,2168.372,138.640,0.330,0.030,0.339,0.270,0.190,8029.650
155.900,174.569,2168.747,141.710,-0.260,-0.088,0.259,0.070,0.550,8030.440
155.920,175.192,2169.124,142.220,-0.480,-0.017,0.287,-0.600,0.210,8031.230
155.940,175.807,2169.496,140.680,0.370,0.048,-0.024,-1.060,-0.060,8032.010
155.960,176.443,2169.883,145.250,0.680,0.054,0.189,-0.530,0.170,8032.820
155.980,177.077,2170.269,144.880,-2.160,-0.034,-0.072,0.380,0.510,8033.620
156.000,177.701,2170.647,142.630,-2.230,0.111,-0.063,0.370,-0.260,8034.410
156.020,178.339,2171.035,145.670,-1.000,-0.053,0.205,0.490,-0.130,8035.220
156.040,178.984,2171.430,147.420,-0.150,-0.011,0.238,0.420,0.440,8036.040
156.060,179.629,2171.824,147.370,0.080,-0.059,-0.091,0.540,-0.090,8036.860
156.080,180.296,2172.234,152.240,-1.700,0.022,0.217,0.200,0.230,8037.710
156.100,180.956,2172.639,150.760,-0.200,0.140,-0.043,0.900,0.390,8038.540
156.120,181.627,2173.052,153.100,-0.070,0.092,0.308,0.150,-0.380,8039.390
156.140,182.301,2173.468,153.820,-0.850,0.042,0.209,1.000,-0.120,8040.250
156.160,182.983,2173.890,155.660,-0.530,-0.030,0.214,-0.310,0.360,8041.110
156.180,183.676,2174.320,158.210,-0.730,-0.008,0.234,-0.330,-0.040,8041.990
156.200,184.367,2174.749,157.810,0.460,0.056,-0.054,-0.100,-0.610,8042.870
156.220,185.071,2175.187,160.500,0.010,0.037,0.204,-0.020,-0.150,8043.760
156.240,185.772,2175.623,160.040,-1.140,0.004,-0.071,-0.160,0.240,8044.650
156.260,186.475,2176.060,160.280,0.960,0.007,0.226,0.270,0.380,8045.540
156.280,187.184,2176.502,161.660,-1.370,0.053,0.260,-0.050,0.020,8046.440
156.300,187.878,2176.932,158.330,-1.710,0.065,-0.037,-0.300,0.150,8047.320
156.320,188.591,2177.377,162.680,-0.250,-0.075,0.245,-0.200,-0.110,8048.220
156.340,189.311,2177.828,164.250,-0.250,0.011,0.239,0.610,0.270,8049.130
156.360,190.040,2178.285,166.210,0.070,0.029,0.229,0.160,0.430,8050.060
156.380,190.771,2178.743,166.610,-1.180,-0.027,0.252,-0.840,0.230,8050.980
156.400,191.509,2179.206,168.250,0.890,0.064,0.221,0.760,-0.040,8051.920
156.420,192.240,2179.665,166.860,1.710,-0.014,-0.004,0.220,0.130,8052.850
156.440,192.975,2180.127,167.570,-0.020,0.065,0.205,0.320,0.290,8053.780
156.460,193.718,2180.594,169.260,0.320,-0.018,0.230,0.460,0.010,8054.720
156.480,194.483,2181.078,174.490,-2.120,0.013,0.276,0.490,0.240,8055.690
156.500,195.235,2181.552,171.320,-0.430,0.012,-0.062,-0.460,0.110,8056.640
156.520,195.995,2182.032,173.140,-0.700,0.083,0.270,-0.540,0.430,8057.600
156.540,196.765,2182.520,175.570,-0.860,0.037,0.302,1.200,0.210,8058.580
156.560,197.529,2183.003,174.120,-0.660,-0.023,-0.025,-0.350,-0.150,8059.540
156.580,198.303,2183.494,176.300,-0.560,-0.014,0.214,0.190,0.420,8060.520
156.600,199.092,2183.996,179.720,-1.450,-0.014,0.215,0.820,0.140,8061.520
156.620,199.878,2184.496,179.140,-0.490,0.001,-0.056,-0.220,-0.040,8062.520
156.640,200.684,2185.010,183.420,-1.040,-0.047,0.263,-0.180,-0.410,8063.530
156.660,201.471,2185.511,179.440,0.790,-0.004,-0.014,0.460,0.070,8064.530
156.680,202.273,2186.022,182.560,0.330,0.068,0.226,0.110,0.550,8065.550
156.700,203.079,2186.537,183.520,0.330,0.066,0.235,0.250,-0.820,8066.570
156.720,203.892,2187.057,185.260,0.980,-0.078,0.242,-0.040,-0.810,8067.590
156.740,204.703,2187.575,184.530,-0.830,-0.086,-0.058,-0.260,0.230,8068.620
156.760,205.522,2188.100,186.590,0.270,-0.030,0.295,-0.170,0.070,8069.660
156.780,206.356,2188.635,189.740,1.070,-0.089,0.247,0.600,0.200,8070.710
156.800,207.187,2189.169,189.250,-0.900,-0.063,-0.045,-0.150,-0.160,8071.760
156.820,208.018,2189.702,189.150,-2.030,0.018,-0.023,0.210,-0.640,8072.810
156.840,208.875,2190.255,194.970,-0.690,-0.002,0.298,-0.480,-0.250,8073.900
156.860,209.723,2190.801,193.010,0.960,-0.086,-0.051,1.020,0.470,8074.970
156.880,210.579,2191.354,194.960,-0.950,0.059,0.288,0.160,-0.140,8076.050
156.900,211.442,2191.911,196.280,-0.470,-0.021,0.305,0.170,-0.130,8077.140
156.920,212.304,2192.467,196.120,-0.780,-0.026,-0.053,0.460,-0.790,8078.230
156.940,213.166,2193.024,196.140,-0.190,0.051,0.233,-0.240,-0.540,8079.320
156.960,214.039,2193.589,198.720,-1.050,0.021,0.316,0.600,0.330,8080.420
156.980,214.911,2194.154,198.460,-1.480,-0.002,-0.016,-0.760,-0.080,8081.530
157.000,215.795,2194.727,201.170,-0.440,-0.025,0.250,-0.310,0.300,8082.640
157.020,216.681,2195.301,201.460,-0.270,0.028,0.269,-0.400,-0.230,8083.760
157.040,217.579,2195.885,204.340,1.120,-0.022,0.219,-0.940,-0.440,8084.900
157.060,218.468,2196.462,202.180,0.070,-0.011,-0.017,-0.260,-0.080,8086.020
157.080,219.374,2197.052,206.070,-1.170,-0.059,0.196,-0.030,-0.170,8087.170
157.100,220.284,2197.645,207.010,-0.730,0.057,0.282,-0.540,-0.250,8088.320
157.120,221.194,2198.237,206.820,0.710,0.078,-0.072,-0.620,-0.240,8089.470
157.140,222.114,2198.838,209.370,-0.420,0.011,0.200,0.020,-0.040,8090.630
157.160,223.038,2199.440,210.000,-1.090,-0.024,0.190,-0.040,-0.150,8091.800
157.180,223.968,2200.048,211.470,0.080,0.047,0.236,-0.130,-0.280,8092.970
157.200,224.903,2200.659,212.470,-0.790,0.029,0.271,-0.630,0.540,8094.150
157.220,225.838,2201.271,212.730,0.480,-0.022,0.208,-0.200,0.140,8095.330
157.240,226.774,2201.883,212.860,0.360,0.058,0.213,-0.330,0.050,8096.520
157.260,227.715,2202.499,213.940,-1.150,-0.021,0.235,0.040,-0.020,8097.700
157.280,228.664,2203.121,215.620,1.780,-0.064,0.274,-0.280,0.200,8098.900
157.300,229.624,2203.751,218.300,-0.120,-0.003,0.278,-0.020,0.160,8100.110
157.320,230.588,2204.385,219.080,-2.660,0.054,0.254,-0.660,-0.310,8101.330
157.340,231.559,2205.023,220.740,0.380,0.005,0.280,-0.700,-0.460,8102.560
157.360,232.536,2205.666,221.980,-2.600,-0.059,0.271,0.280,-0.680,8103.790
157.380,233.509,2206.306,221.090,1.040,-0.020,-0.063,0.380,0.540,8105.020
157.400,234.501,2206.960,225.460,0.060,0.060,0.277,-0.200,-0.130,8106.270
157.420,235.485,2207.608,223.450,-0.150,0.014,-0.089,0.010,0.180,8107.510
157.440,236.470,2208.257,223.960,-0.080,-0.001,0.265,-0.220,0.060,8108.760
157.460,237.466,2208.914,226.300,0.500,-0.007,0.215,0.550,0.270,8110.020
157.480,238.468,2209.576,227.620,-0.570,0.054,0.254,-0.100,-0.020,8111.280
157.500,239.467,2210.235,226.880,-0.090,0.051,-0.013,-0.250,-0.400,8112.540
157.520,240.474,2210.901,228.850,0.030,-0.070,0.256,0.480,-0.310,8113.810
157.540,241.484,2211.568,229.510,-2.970,0.047,0.250,-0.390,-0.110,8115.090
157.560,242.503,2212.243,231.490,0.510,0.026,0.257,0.080,-0.480,8116.370
157.580,243.531,2212.924,233.570,0.680,0.080,0.270,-0.520,-0.260,8117.670
157.600,244.557,2213.604,233.070,0.370,-0.003,0.014,0.330,-0.360,8118.970
157.620,245.594,2214.292,235.420,0.300,0.057,0.270,0.410,-0.100,8120.270
157.640,246.622,2214.973,233.580,1.510,0.023,-0.065,-0.640,-0.150,8121.570
157.660,247.671,2215.669,238.090,-0.130,-0.056,0.244,-0.720,0.040,8122.890
157.680,248.715,2216.363,237.170,-0.090,0.051,-0.077,0.140,0.260,8124.210
157.700,249.764,2217.060,238.240,-0.740,0.040,0.213,0.970,-0.070,8125.530
157.720,250.824,2217.765,240.640,-2.000,-0.032,0.177,0.440,-0.450,8126.870
157.740,251.889,2218.474,241.810,0.370,0.014,0.236,-0.110,-0.610,8128.210
157.760,252.955,2219.183,242.060,-0.630,0.105,0.208,-0.430,0.050,8129.560
157.780,254.020,2219.893,241.990,-2.010,-0.024,-0.047,-0.610,-0.200,8130.900
157.800,255.094,2220.608,243.700,-0.160,0.036,0.235,0.360,-0.050,8132.260
157.820,256.176,2221.330,245.660,-0.190,-0.055,0.217,0.460,0.100,8133.620
157.840,257.265,2222.057,247.350,-0.320,-0.029,0.187,-0.320,0.430,8135.000
157.860,258.351,2222.781,246.470,0.050,0.041,-0.060,-0.120,-0.520,8136.370
157.880,259.442,2223.510,247.840,-1.650,0.013,0.197,0.020,-0.300,8137.740
157.900,260.545,2224.247,250.290,0.910,-0.010,0.271,0.910,-0.030,8139.130
157.920,261.650,2224.987,250.870,0.350,0.085,0.258,0.030,-0.340,8140.530
157.940,262.762,2225.730,252.310,1.160,-0.046,0.243,-0.490,-0.450,8141.930
157.960,263.860,2226.464,249.260,-0.640,-0.007,-0.006,-0.580,0.390,8143.310
157.980,264.978,2227.213,253.840,0.350,0.025,0.250,-0.460,-0.310,8144.720
158.000,266.109,2227.971,256.650,-1.950,-0.044,0.262,0.630,-0.390,8146.150
158.020,267.235,2228.726,255.550,-0.920,0.025,-0.029,0.260,-0.340,8147.570
158.040,268.373,2229.490,258.300,-1.460,0.054,0.234,-0.170,0.330,8149.000
158.060,269.505,2230.249,256.850,0.170,-0.006,-0.065,-1.460,-0.210,8150.430
158.080,270.639,2231.010,257.410,-1.190,-0.034,0.251,-0.430,-0.420,8151.860
158.100,271.791,2231.784,261.480,-0.520,-0.016,0.210,0.170,-0.250,8153.310
158.120,272.945,2232.560,261.870,-0.090,-0.134,0.304,0.180,-0.010,8154.770
158.140,274.103,2233.338,262.540,-0.490,0.050,0.255,0.170,0.270,8156.230
158.160,275.272,2234.125,265.410,-1.400,0.013,0.244,-0.670,0.240,8157.700
158.180,276.439,2234.911,264.770,1.560,-0.009,0.013,0.090,-0.230,8159.170
158.200,277.609,2235.698,265.380,0.030,-0.083,0.217,-0.490,-0.160,8160.650
158.220,278.783,2236.489,266.310,1.570,0.055,0.296,0.000,0.630,8162.130
158.240,279.960,2237.282,267.090,-1.120,-0.022,0.274,-0.380,0.300,8163.610
158.260,281.152,2238.086,270.310,-0.460,0.028,0.284,0.540,-0.080,8165.110
158.280,282.343,2238.889,270.240,0.000,-0.001,-0.055,0.170,-0.690,8166.610
158.300,283.549,2239.704,273.520,1.450,-0.081,0.252,-0.070,-0.140,8168.130
158.320,284.732,2240.502,268.470,1.560,0.063,-0.060,0.690,-0.400,8169.620
158.340,285.946,2241.322,275.380,-0.520,0.054,0.280,-0.190,-0.260,8171.150
158.360,287.161,2242.144,275.630,-0.810,0.038,0.262,-0.710,-0.290,8172.690
158.380,288.378,2242.967,276.050,-0.090,0.016,0.233,0.530,-0.070,8174.220
158.400,289.592,2243.788,275.340,1.120,-0.060,-0.065,0.130,0.020,8175.750
158.420,290.809,2244.610,275.890,0.050,0.043,0.250,-0.160,-0.220,8177.280
158.440,292.046,2245.448,280.600,0.230,0.110,0.240,-0.320,-0.380,8178.840
158.460,293.285,2246.287,280.930,1.110,0.006,0.293,0.260,-0.050,8180.400
158.480,294.528,2247.130,282.000,0.940,0.007,0.274,0.410,-0.150,8181.970
158.500,295.774,2247.975,282.600,0.980,-0.055,0.274,-0.380,-0.570,8183.540
158.520,297.032,2248.828,285.130,0.620,-0.104,0.257,0.280,0.180,8185.120
158.540,298.285,2249.678,284.070,1.350,-0.018,-0.075,0.130,-0.220,8186.700
158.560,299.544,2250.533,285.540,-1.220,0.074,0.271,-0.410,-0.080,8188.290
158.580,300.809,2251.392,286.870,2.250,0.067,0.187,0.000,-0.070,8189.880
158.600,302.079,2252.254,287.910,1.060,-0.003,0.255,-0.270,-0.000,8191.480
158.620,303.364,2253.128,291.340,-0.160,0.022,0.226,0.620,0.040,8193.100
158.640,304.636,2253.993,288.540,1.110,-0.061,-0.077,-0.320,-0.390,8194.700
158.660,305.909,2254.858,288.590,-0.350,0.006,0.236,0.750,0.090,8196.310
158.680,307.190,2255.729,290.440,0.470,-0.026,0.247,0.070,-0.100,8197.920
158.700,308.490,2256.614,294.740,0.590,0.003,0.249,-0.870,0.330,8199.560
158.720,309.790,2257.499,294.660,0.860,-0.014,-0.026,-1.090,0.240,8201.190
158.740,311.085,2258.380,293.500,-0.460,-0.015,-0.055,-0.100,0.400,8202.820
158.760,312.396,2259.273,297.150,0.880,0.050,0.247,0.670,-0.280,8204.470
158.780,313.709,2260.168,297.610,-0.440,0.098,0.208,0.620,0.390,8206.130
158.800,315.032,2261.071,300.030,0.730,-0.008,0.212,0.080,0.030,8207.790
158.820,316.362,2261.979,301.480,-0.020,0.071,0.259,-0.370,0.210,8209.470
158.840,317.709,2262.899,305.160,-1.820,-0.062,0.269,-0.210,0.200,8211.160
158.860,319.035,2263.804,300.700,-0.740,-0.005,-0.058,0.100,0.140,8212.840
158.880,320.362,2264.710,300.780,0.850,-0.065,0.278,0.540,-0.330,8214.510
158.900,321.711,2265.631,305.550,-0.300,-0.016,0.208,0.280,0.290,8216.200
158.920,323.066,2266.558,307.240,1.210,0.036,0.262,0.480,0.110,8217.910
158.940,324.412,2267.477,304.940,-1.210,0.056,-0.076,0.320,-0.440,8219.600
158.960,325.762,2268.400,306.040,0.700,-0.039,0.222,0.470,-0.150,8221.310
158.980,327.128,2269.335,309.560,-0.050,0.023,0.227,-1.130,-0.360,8223.020
159.000,328.508,2270.280,312.710,-0.250,0.061,0.248,-0.450,-0.430,8224.760
159.020,329.876,2271.216,309.920,-1.180,0.054,-0.037,-0.550,0.260,8226.480
159.040,331.255,2272.160,312.460,0.210,0.013,0.261,-0.600,-0.440,8228.220
159.060,332.625,2273.098,310.580,-1.010,-0.029,-0.059,0.000,-0.400,8229.950
159.080,334.012,2274.049,314.230,-0.640,-0.034,0.269,-0.720,0.590,8231.690
159.100,335.404,2275.003,315.450,-0.140,-0.042,0.301,-0.470,-0.130,8233.440
159.120,336.812,2275.969,318.920,-0.370,-0.002,0.246,-0.050,0.200,8235.220
159.140,338.210,2276.927,316.750,1.030,-0.041,-0.047,-0.800,0.340,8236.970
159.160,339.622,2277.897,319.930,-2.590,0.034,0.232,-0.240,0.230,8238.750
159.180,341.029,2278.862,318.840,-0.180,0.011,-0.062,0.320,0.040,8240.520
159.200,342.377,2279.907,25.720,-2.300,0.212,-0.115,1.950,-1.820,8240.660
159.220,343.660,2281.025,26.890,1.650,0.203,0.437,2.990,-1.530,8240.810
159.240,344.874,2282.212,28.640,-2.180,0.179,1.130,4.230,4.150,8240.970
159.260,346.015,2283.466,31.130,2.240,0.174,1.852,5.590,6.260,8241.140
159.280,347.079,2284.781,33.770,-1.300,0.193,2.380,7.920,8.400,8241.330
159.300,348.063,2286.153,36.690,1.230,0.205,2.901,10.050,10.200,8241.540
159.320,348.964,2287.579,40.170,1.420,0.247,3.415,12.860,13.950,8241.760
159.340,349.779,2289.052,43.150,5.580,0.295,3.686,14.200,13.430,8242.000
159.360,350.506,2290.569,46.300,5.500,0.335,3.984,17.380,15.840,8242.260
159.380,351.143,2292.124,49.510,3.720,0.415,4.088,19.120,11.420,8242.530
159.400,351.687,2293.712,52.650,6.350,0.461,4.323,22.300,15.260,8242.820
159.420,352.137,2295.329,55.650,10.700,0.561,4.304,24.450,14.960,8243.130
159.440,352.491,2296.968,58.220,12.570,0.625,4.027,27.340,11.920,8243.460
159.460,352.748,2298.625,61.020,8.540,0.684,4.009,30.170,15.550,8243.800
159.480,352.907,2300.294,63.650,15.770,0.773,4.072,33.170,15.650,8244.150
159.500,352.969,2301.969,66.280,17.430,0.851,3.925,34.990,14.740,8244.520
159.520,352.932,2303.646,68.580,17.180,0.942,3.693,37.340,14.620,8244.900
159.540,352.797,2305.319,70.730,18.610,0.974,3.508,39.920,14.380,8245.290
159.560,352.564,2306.982,72.160,19.620,1.061,3.062,42.270,14.360,8245.690
159.580,352.234,2308.630,73.380,20.290,1.116,2.655,45.480,12.490,8246.100
159.600,351.807,2310.257,74.560,25.520,1.180,2.295,47.970,10.880,8246.510
159.620,351.286,2311.859,75.600,26.410,1.234,2.070,49.840,13.180,8246.930
159.640,350.671,2313.429,75.910,29.150,1.307,1.512,50.660,6.840,8247.360
159.660,349.965,2314.964,75.830,30.530,1.296,1.128,52.110,4.500,8247.780
159.680,349.170,2316.458,75.390,35.620,1.354,0.566,52.610,6.450,8248.200
159.700,348.287,2317.905,75.250,33.750,1.378,0.389,53.160,6.920,8248.610
159.720,347.320,2319.302,74.850,33.240,1.381,-0.009,54.820,1.840,8249.030
159.740,346.272,2320.643,74.280,28.380,1.346,-0.111,55.010,5.150,8249.440
159.760,345.146,2321.925,73.910,33.540,1.312,-0.215,53.880,2.580,8249.850
159.780,343.945,2323.143,73.230,36.160,1.302,-0.587,55.290,5.540,8250.260
159.800,342.673,2324.293,72.540,32.280,1.313,-0.671,55.680,5.930,8250.660
159.820,341.334,2325.371,71.990,37.540,1.303,-0.705,55.680,4.130,8251.060
159.840,339.932,2326.373,71.630,34.290,1.304,-0.714,56.100,7.880,8251.460
159.860,338.471,2327.296,70.630,33.700,1.256,-0.880,56.210,8.530,8251.850
159.880,336.956,2328.138,69.590,31.240,1.240,-1.014,58.040,4.500,8252.240
159.900,335.391,2328.895,68.590,36.220,1.241,-1.189,58.400,6.950,8252.620
159.920,333.781,2329.564,67.920,31.420,1.244,-1.199,58.270,8.060,8253.000
159.940,332.131,2330.143,66.900,31.850,1.183,-1.154,59.030,3.580,8253.370
159.960,330.446,2330.631,66.070,29.290,1.148,-1.239,60.650,6.670,8253.740
159.980,328.731,2331.025,65.270,34.920,1.116,-1.218,61.550,4.010,8254.100
160.000,326.992,2331.323,64.830,34.280,1.083,-0.910,61.490,6.350,8254.460
160.020,325.233,2331.525,64.220,32.920,1.084,-0.942,60.940,5.600,8254.820
160.040,323.461,2331.630,63.220,33.790,1.116,-1.151,59.020,13.700,8255.170
160.060,321.680,2331.636,63.230,32.780,1.061,-0.835,56.440,10.690,8255.520
160.080,319.896,2331.545,62.830,29.570,1.047,-0.647,52.910,11.460,8255.870
160.100,318.114,2331.355,62.960,27.340,1.034,-0.388,49.240,12.210,8256.220
160.120,316.341,2331.067,62.990,24.190,1.026,-0.323,47.160,11.120,8256.570
160.140,314.580,2330.681,63.260,25.890,1.042,-0.169,44.000,12.460,8256.920
160.160,312.838,2330.199,63.480,22.250,1.037,0.054,41.170,11.950,8257.270
160.180,311.121,2329.622,64.330,23.790,0.989,0.417,37.960,13.070,8257.630
160.200,309.432,2328.951,64.750,21.690,0.971,0.422,34.730,10.610,8257.990
160.220,307.778,2328.187,65.280,19.670,0.969,0.471,31.270,12.030,8258.350
160.240,306.163,2327.334,65.570,20.710,0.976,0.499,26.330,10.250,8258.720
160.260,304.593,2326.392,65.860,14.690,0.996,0.500,22.220,9.850,8259.080
160.280,303.072,2325.366,66.420,11.400,1.014,0.539,20.860,13.690,8259.450
160.300,301.604,2324.257,67.170,13.040,1.001,0.736,17.530,10.800,8259.820
160.320,300.195,2323.069,67.760,10.430,1.001,0.775,14.670,10.770,8260.200
160.340,298.849,2321.805,68.570,10.780,0.997,0.938,12.910,13.440,8260.580
160.360,297.569,2320.469,69.150,7.160,1.011,0.830,9.410,12.520,8260.970
160.380,296.360,2319.064,69.700,8.260,1.077,0.767,6.540,12.560,8261.350
160.400,295.225,2317.595,70.370,3.730,1.106,0.865,2.760,16.700,8261.740
160.420,294.168,2316.066,70.930,1.920,1.120,0.948,-0.490,12.070,8262.140
160.440,293.924,2315.647,71.680,-1.590,-0.029,-0.052,0.300,0.370,8262.540
160.460,293.680,2315.230,71.350,2.770,0.018,-0.036,0.170,-0.140,8262.930
160.480,293.431,2314.805,73.010,1.580,-0.033,0.239,0.130,-0.160,8263.340
160.500,293.189,2314.392,70.600,-0.230,0.025,0.001,-0.190,0.000,8263.730
160.520,292.944,2313.973,71.720,0.820,-0.053,0.268,-0.130,0.490,8264.130
160.540,292.697,2313.550,72.510,0.830,-0.062,0.229,-0.410,0.320,8264.530
160.560,292.456,2313.137,70.470,0.640,0.001,-0.020,0.250,0.310,8264.930
160.580,292.216,2312.725,70.190,-1.380,0.005,-0.085,-0.680,0.590,8265.320
160.600,291.966,2312.300,73.150,0.320,0.015,0.224,0.040,0.300,8265.720
160.620,291.709,2311.864,75.470,1.460,0.074,0.226,-0.320,-0.370,8266.140
160.640,291.459,2311.439,73.210,0.500,0.064,-0.010,0.880,0.160,8266.550
160.660,291.207,2311.011,73.700,0.400,0.023,0.245,0.260,0.490,8266.960
160.680,290.948,2310.573,76.030,-0.540,0.040,0.231,-0.000,-0.460,8267.380
160.700,290.695,2310.142,74.360,-0.900,0.013,-0.045,-0.550,-0.000,8267.790
160.720,290.436,2309.704,76.030,-1.570,0.059,0.266,-0.680,-0.320,8268.210
160.740,290.166,2309.252,79.150,0.760,0.018,0.298,0.250,0.040,8268.650
160.760,289.912,2308.821,74.560,-0.220,-0.028,-0.095,0.900,0.340,8269.070
160.780,289.655,2308.385,75.440,-1.340,-0.038,0.288,0.200,0.400,8269.490
160.800,289.394,2307.945,76.580,0.980,0.058,0.188,0.090,-0.060,8269.910
160.820,289.126,2307.495,78.510,-0.590,-0.009,0.277,0.090,0.200,8270.350
160.840,288.866,2307.056,76.380,-0.860,0.096,-0.015,0.050,-0.450,8270.770
160.860,288.601,2306.609,77.930,-0.500,-0.055,0.286,0.100,-0.520,8271.210
160.880,288.336,2306.164,77.630,-0.190,0.063,-0.033,-0.340,0.340,8271.640
160.900,288.073,2305.720,77.280,0.460,-0.021,-0.082,-0.490,-0.910,8272.070
160.920,287.811,2305.277,77.040,-0.880,0.020,-0.028,0.050,-0.210,8272.500
160.940,287.548,2304.834,77.040,1.010,-0.065,-0.082,0.750,0.200,8272.920
160.960,287.267,2304.366,82.830,0.480,-0.092,0.222,0.390,0.070,8273.380
160.980,287.007,2303.927,76.200,-0.510,0.074,-0.064,-0.620,-0.850,8273.810
161.000,286.746,2303.486,76.630,-0.160,-0.022,0.239,-0.130,0.160,8274.230
161.020,286.476,2303.033,79.440,-0.420,0.049,0.257,0.360,-0.260,8274.670
161.040,286.205,2302.578,79.660,0.070,-0.033,0.229,0.760,0.040,8275.120
161.060,285.932,2302.121,80.280,1.520,0.049,0.260,0.900,-0.190,8275.560
161.080,285.664,2301.671,78.610,-0.430,-0.021,-0.091,-0.110,-0.210,8276.000
161.100,285.396,2301.221,78.660,0.190,-0.061,0.251,0.410,-0.540,8276.440
161.120,285.124,2300.765,80.050,-0.700,0.032,0.242,0.120,-0.110,8276.880
161.140,284.845,2300.300,82.120,0.530,0.047,0.280,-0.060,0.370,8277.340
161.160,284.574,2299.846,79.520,0.280,0.032,-0.017,0.030,-0.130,8277.780
161.180,284.297,2299.383,81.550,1.330,-0.007,0.245,0.040,-0.110,8278.230
161.200,284.022,2298.923,80.840,-0.830,-0.087,-0.109,0.590,-0.210,8278.680
161.220,283.751,2298.469,79.600,0.690,-0.053,-0.094,-0.700,-0.390,8279.120
161.240,283.478,2298.012,80.240,1.260,-0.035,0.284,0.230,-0.300,8279.570
161.260,283.194,2297.539,83.810,-0.440,-0.013,0.246,0.770,0.070,8280.030
161.280,282.916,2297.075,81.820,-0.130,0.057,0.002,0.720,0.740,8280.490
161.300,282.628,2296.597,84.870,0.190,-0.006,0.277,0.280,0.290,8280.960
161.320,282.345,2296.127,83.230,-0.240,-0.105,-0.042,-0.380,0.190,8281.420
161.340,282.068,2295.664,81.520,0.180,-0.130,-0.046,0.390,0.600,8281.880
161.360,281.781,2295.188,84.570,0.670,-0.035,0.216,0.660,0.140,8282.350
161.380,281.499,2294.719,82.930,-0.110,-0.026,-0.069,-0.260,0.320,8282.810
161.400,281.214,2294.245,83.850,-0.120,0.018,0.262,0.180,0.060,8283.270
161.420,280.921,2293.761,86.390,0.270,-0.073,0.240,-0.100,0.140,8283.750
161.440,280.639,2293.291,83.040,-0.400,-0.069,-0.036,-0.310,-0.420,8284.210
161.460,280.352,2292.815,84.580,-0.350,0.023,0.281,-0.160,-0.090,8284.680
161.480,280.067,2292.341,83.910,-0.900,0.067,-0.055,0.060,-0.170,8285.150
161.500,279.781,2291.867,84.030,-0.040,-0.098,0.237,-0.460,-0.180,8285.620
161.520,279.492,2291.387,85.390,0.450,-0.038,0.223,-0.540,-0.200,8286.090
161.540,279.203,2290.908,85.090,-0.270,0.056,-0.025,-0.440,0.430,8286.560
161.560,278.910,2290.424,86.250,-0.770,0.047,0.273,0.160,-0.110,8287.040
161.580,278.612,2289.933,87.900,-0.100,-0.046,0.316,-0.730,-0.040,8287.530
161.600,278.320,2289.450,86.090,0.400,0.058,-0.045,-1.110,0.680,8288.010
161.620,278.030,2288.970,85.300,0.130,0.002,-0.053,0.690,0.230,8288.480
161.640,277.730,2288.475,88.740,2.230,0.033,0.264,-0.510,0.000,8288.980
161.660,277.435,2287.988,86.930,-0.660,-0.035,-0.059,-0.100,0.320,8289.460
161.680,277.126,2287.482,91.090,-0.150,0.015,0.223,0.460,-0.200,8289.970
161.700,276.828,2286.990,88.010,0.780,-0.058,-0.047,-0.720,-0.130,8290.450
161.720,276.527,2286.495,88.700,-0.690,-0.027,0.264,-0.720,-0.110,8290.950
161.740,276.236,2286.014,85.730,1.930,-0.015,-0.034,-0.320,0.070,8291.420
161.760,275.939,2285.523,87.720,0.000,0.007,0.263,0.480,0.140,8291.910
161.780,275.646,2285.039,86.330,0.560,0.120,-0.018,-0.010,-0.280,8292.390
161.800,275.339,2284.536,90.470,0.020,0.128,0.266,-0.000,0.120,8292.890
161.820,275.034,2284.034,90.190,1.020,-0.019,-0.042,-0.150,0.180,8293.390
161.840,274.724,2283.527,91.540,-1.060,0.074,0.212,0.280,-0.140,8293.900
161.860,274.412,2283.017,92.080,1.570,-0.055,0.257,0.720,-0.050,8294.410
161.880,274.099,2282.504,92.590,0.230,0.020,0.245,1.490,-0.340,8294.930
161.900,273.790,2281.998,91.090,0.660,-0.034,-0.084,-0.070,-0.450,8295.430
161.920,273.479,2281.489,91.840,-0.740,-0.023,0.265,0.760,-0.340,8295.950
161.940,273.165,2280.976,92.860,0.340,0.133,0.266,0.500,0.220,8296.460
161.960,272.856,2280.470,91.080,-0.970,-0.019,-0.037,0.130,0.160,8296.970
161.980,272.548,2279.964,91.150,1.180,-0.032,0.267,-1.100,0.580,8297.470
162.000,272.226,2279.440,95.150,-1.290,-0.050,0.254,-0.190,0.010,8298.000
162.020,271.919,2278.938,90.410,0.150,-0.038,-0.057,-0.170,0.020,8298.500
162.040,271.601,2278.418,94.150,-0.390,-0.071,0.303,0.180,0.100,8299.030
162.060,271.282,2277.899,94.190,-1.560,0.011,0.254,-0.100,-0.320,8299.550
162.080,270.970,2277.388,92.270,-0.940,0.010,-0.126,-0.280,0.270,8300.060
162.100,270.654,2276.872,93.240,0.450,0.017,0.177,1.020,0.110,8300.580
162.120,270.336,2276.354,93.990,-0.900,-0.001,0.286,0.650,-0.280,8301.100
162.140,270.015,2275.830,95.130,-0.670,-0.028,0.195,-1.010,0.110,8301.630
162.160,269.691,2275.304,95.610,0.370,-0.033,0.234,-0.140,0.230,8302.160
162.180,269.369,2274.779,95.320,0.910,0.008,-0.086,0.320,-0.400,8302.690
162.200,269.044,2274.252,95.930,0.660,-0.003,0.241,0.670,0.320,8303.230
162.220,268.717,2273.720,96.910,-0.050,-0.032,0.262,-0.210,-0.140,8303.760
162.240,268.389,2273.187,97.130,0.220,-0.014,0.230,-0.110,-0.920,8304.300
162.260,268.055,2272.647,98.790,0.120,0.077,0.226,0.050,0.290,8304.850
162.280,267.723,2272.109,98.330,-1.040,0.099,-0.028,0.330,0.400,8305.400
162.300,267.394,2271.577,97.080,0.280,-0.011,0.029,-0.770,-0.340,8305.940
162.320,267.062,2271.039,98.290,-1.050,-0.037,0.266,-1.010,-0.500,8306.480
162.340,266.730,2270.501,98.250,0.610,-0.002,-0.077,0.630,0.400,8307.030
162.360,266.399,2269.964,98.140,0.140,0.057,-0.024,-0.500,-0.190,8307.570
162.380,266.071,2269.432,96.870,-2.160,-0.002,0.002,1.060,0.400,8308.110
162.400,265.738,2268.892,98.700,0.980,0.018,0.282,-0.430,-0.540,8308.660
162.420,265.414,2268.366,95.640,-0.520,-0.033,-0.096,-0.090,0.420,8309.190
162.440,265.075,2267.818,100.620,-0.600,-0.058,0.266,0.180,0.320,8309.750
162.460,264.737,2267.273,99.820,0.960,0.038,-0.064,-1.070,0.160,8310.310
162.480,264.402,2266.730,99.340,-0.160,0.010,-0.048,1.430,-0.600,8310.860
162.500,264.067,2266.188,99.230,0.600,0.033,-0.061,-0.200,-0.110,8311.410
162.520,263.725,2265.637,101.120,-0.650,-0.086,0.272,-0.420,0.300,8311.970
162.540,263.377,2265.078,103.170,0.800,0.092,0.239,-0.580,-0.510,8312.540
162.560,263.035,2264.526,101.260,0.200,0.013,-0.007,0.180,-0.160,8313.110
162.580,262.685,2263.964,103.830,0.400,-0.090,0.250,0.150,0.120,8313.680
162.600,262.339,2263.407,102.440,-0.180,0.049,-0.057,-0.570,-0.350,8314.250
162.620,262.000,2262.860,100.330,1.630,-0.019,-0.033,-0.690,0.390,8314.810
162.640,261.654,2262.303,102.550,1.870,0.002,0.261,0.530,0.330,8315.380
162.660,261.308,2261.745,102.690,-2.200,-0.024,0.268,-0.330,0.070,8315.950
162.680,260.966,2261.194,101.170,0.930,-0.005,-0.054,-0.860,0.130,8316.510
162.700,260.622,2260.639,102.050,-1.080,-0.002,0.290,-0.070,-0.160,8317.080
162.720,260.276,2260.083,102.300,0.510,-0.084,0.280,-0.200,0.180,8317.650
162.740,259.928,2259.523,103.380,-1.780,0.043,0.250,0.980,-0.180,8318.220
162.760,259.580,2258.963,103.090,0.400,0.006,-0.025,-0.260,-0.060,8318.790
162.780,259.228,2258.399,104.190,-0.840,0.022,0.242,-0.150,-0.150,8319.370
162.800,258.875,2257.832,104.710,-0.460,0.041,0.267,0.110,0.430,8319.960
162.820,258.517,2257.258,106.250,-0.430,0.006,0.275,-0.290,0.360,8320.550
162.840,258.161,2256.688,105.450,-0.730,0.017,-0.043,0.220,-0.300,8321.130
162.860,257.811,2256.125,103.860,-0.710,-0.074,-0.075,-0.510,0.400,8321.710
162.880,257.446,2255.542,108.360,-0.400,-0.042,0.214,-0.120,-0.240,8322.310
162.900,257.094,2254.977,104.430,-0.150,0.004,-0.041,0.200,0.560,8322.890
162.920,256.739,2254.408,105.170,0.320,0.009,0.228,0.570,0.470,8323.480
162.940,256.378,2253.831,106.930,1.860,0.020,0.282,-0.290,0.660,8324.070
162.960,256.006,2253.238,110.660,-0.950,0.070,0.205,-0.300,0.090,8324.680
162.980,255.644,2252.660,107.200,0.130,-0.005,-0.010,0.770,-0.080,8325.280
163.000,255.287,2252.088,105.910,0.770,0.018,-0.048,-0.280,-0.090,8325.870
163.020,254.934,2251.521,104.700,-0.710,0.003,-0.076,-0.030,0.110,8326.450
163.040,254.580,2250.953,104.880,-2.260,-0.012,0.236,0.860,-0.300,8327.030
163.060,254.217,2250.373,107.740,-1.910,-0.011,0.244,0.030,-0.720,8327.630
163.080,253.851,2249.788,108.820,-2.220,-0.039,0.264,-0.120,-0.120,8328.240
163.100,253.493,2249.215,106.150,1.540,-0.006,-0.087,-0.090,0.010,8328.820
163.120,253.126,2248.629,108.890,0.610,-0.011,0.221,-0.370,0.170,8329.430
163.140,252.766,2248.053,106.870,0.760,-0.008,-0.060,0.230,0.120,8330.020
163.160,252.403,2247.472,107.740,0.980,-0.087,0.249,-0.460,0.040,8330.620
163.180,252.031,2246.880,110.350,-0.580,-0.005,0.271,0.390,0.350,8331.240
163.200,251.665,2246.296,108.560,2.300,-0.044,-0.042,0.010,-0.260,8331.840
163.220,251.288,2245.697,111.930,0.340,-0.003,0.238,0.120,-0.200,8332.460
163.240,250.920,2245.110,109.370,-0.070,-0.055,-0.043,0.860,0.630,8333.070
163.260,250.542,2244.509,112.190,1.110,0.002,0.255,-0.720,-0.960,8333.690
163.280,250.158,2243.900,114.210,0.670,-0.015,0.242,0.010,0.340,8334.330
163.300,249.787,2243.310,109.970,1.340,-0.031,-0.047,0.320,0.170,8334.940
163.320,249.400,2242.696,115.070,1.390,0.014,0.185,-0.310,-0.000,8335.580
163.340,249.024,2242.098,111.670,-0.350,0.019,-0.022,0.480,0.270,8336.200
163.360,248.650,2241.504,110.980,0.190,-0.002,-0.034,-0.270,0.220,8336.810
163.380,248.274,2240.905,111.770,-0.910,0.028,0.295,0.150,-0.440,8337.430
163.400,247.897,2240.306,111.890,-1.630,-0.021,0.226,-0.060,-0.290,8338.060
163.420,247.511,2239.694,114.880,0.840,0.020,0.267,0.080,-0.140,8338.690
163.440,247.124,2239.081,115.030,0.960,-0.002,0.193,0.040,-0.640,8339.330
163.460,246.736,2238.467,115.290,-1.980,-0.050,0.197,-0.020,-0.000,8339.970
163.480,246.360,2237.869,111.670,-0.720,-0.040,-0.057,-0.240,0.190,8340.590
163.500,245.976,2237.259,114.180,0.060,0.058,0.233,-0.330,0.350,8341.230
163.520,245.599,2236.661,111.850,0.150,0.079,-0.019,0.160,0.020,8341.850
163.540,245.209,2236.043,115.970,2.050,0.036,0.285,0.030,-0.220,8342.490
163.560,244.825,2235.435,114.010,-0.630,-0.029,-0.011,-0.350,0.070,8343.130
163.580,244.436,2234.819,115.770,-0.170,0.071,0.268,0.170,-0.020,8343.770
163.600,244.050,2234.208,114.550,0.650,0.031,-0.031,-0.230,0.240,8344.410
163.620,243.670,2233.604,112.950,-0.350,0.017,-0.088,0.780,-0.010,8345.030
163.640,243.276,2232.981,117.190,-0.500,0.092,0.292,1.240,0.270,8345.680
163.660,242.881,2232.357,117.590,-0.590,-0.043,0.288,0.690,-0.080,8346.340
163.680,242.489,2231.737,116.630,0.230,0.039,-0.091,0.670,0.390,8346.990
163.700,242.106,2231.130,113.540,-0.180,-0.041,-0.036,0.410,0.050,8347.620
163.720,241.709,2230.503,118.110,0.680,-0.030,0.234,-0.100,-0.180,8348.270
163.740,241.319,2229.885,116.160,0.360,0.130,0.005,-0.950,-0.100,8348.920
163.760,240.921,2229.257,118.320,-2.920,0.025,0.221,-0.510,0.220,8349.580
163.780,240.527,2228.635,117.090,-1.750,0.092,-0.047,-0.340,-0.380,8350.230
163.800,240.132,2228.011,117.530,-0.500,0.027,0.256,0.600,-0.040,8350.880
163.820,239.731,2227.379,119.140,0.980,0.020,0.248,0.130,0.320,8351.540
163.840,239.336,2226.756,117.440,-0.650,-0.031,0.014,-0.330,0.160,8352.190
163.860,238.937,2226.126,118.700,0.370,0.049,0.301,-0.920,-0.350,8352.850
163.880,238.534,2225.491,120.000,0.600,0.001,0.201,1.160,0.090,8353.520
163.900,238.122,2224.843,122.760,0.540,0.004,0.265,0.270,-0.400,8354.200
163.920,237.719,2224.209,119.680,-0.550,-0.013,-0.050,0.450,0.060,8354.870
163.940,237.312,2223.568,121.330,-1.150,-0.005,0.275,-0.270,0.410,8355.540
163.960,236.913,2222.939,118.600,-1.310,0.001,-0.044,-0.070,0.020,8356.200
163.980,236.499,2222.289,123.180,2.970,0.006,0.226,-0.170,-0.340,8356.880
164.000,236.097,2221.655,119.700,0.460,-0.003,-0.081,0.030,-0.060,8357.550
164.020,235.690,2221.016,121.000,1.840,-0.078,0.238,0.920,0.060,8358.220
164.040,235.280,2220.370,122.240,-0.830,0.027,0.246,-0.600,0.330,8358.900
164.060,234.874,2219.732,120.590,1.250,-0.006,-0.044,-0.020,0.320,8359.570
164.080,234.459,2219.080,123.660,-0.480,-0.166,0.233,0.180,-0.330,8360.260
164.100,234.051,2218.439,121.330,-0.030,-0.079,0.001,-0.060,-0.100,8360.930
164.120,233.635,2217.787,123.850,-0.290,-0.024,0.266,0.500,0.120,8361.620
164.140,233.217,2217.131,124.480,-0.880,0.064,0.276,-0.870,-0.180,8362.310
164.160,232.801,2216.478,124.030,-0.860,0.030,-0.054,0.940,0.150,8363.000
164.180,232.383,2215.822,124.510,-0.040,-0.034,0.219,-0.690,-0.400,8363.690
164.200,231.955,2215.153,127.520,-0.590,-0.010,0.277,-0.570,0.080,8364.400
164.220,231.536,2214.497,124.630,0.130,0.055,-0.080,-0.220,0.310,8365.090
164.240,231.118,2213.842,124.450,-0.840,-0.031,-0.111,-0.320,0.020,8365.780
164.260,230.699,2213.184,125.070,0.710,-0.054,0.267,0.210,0.050,8366.480
164.280,230.273,2212.518,126.750,-0.460,0.044,0.227,0.150,0.250,8367.180
164.300,229.841,2211.844,128.620,1.640,0.056,0.240,0.060,-0.130,8367.900
164.320,229.421,2211.186,125.160,-0.050,-0.030,-0.029,-0.710,0.190,8368.590
164.340,229.004,2210.531,124.320,-0.100,0.024,-0.078,-0.070,-0.010,8369.280
164.360,228.575,2209.861,127.710,1.600,-0.002,0.202,0.010,-0.270,8369.990
164.380,228.158,2209.207,124.210,-0.500,-0.030,-0.013,0.620,0.270,8370.680
164.400,227.732,2208.541,126.920,-0.410,0.058,0.248,0.100,0.420,8371.390
164.420,227.305,2207.873,127.270,-0.700,-0.033,0.288,0.190,0.350,8372.090
164.440,226.879,2207.206,126.930,0.200,0.038,-0.031,0.980,0.270,8372.800
164.460,226.452,2206.538,127.300,-0.740,0.003,0.270,-0.580,0.150,8373.510
164.480,226.031,2205.880,125.180,0.780,-0.009,-0.045,-0.190,0.110,8374.200
164.500,225.606,2205.215,126.630,-0.050,-0.028,0.255,-0.570,-0.030,8374.910
164.520,225.171,2204.536,129.620,0.840,-0.049,0.284,0.800,-0.200,8375.630
164.540,224.750,2203.876,125.440,0.730,-0.012,-0.026,0.840,-0.620,8376.320
164.560,224.319,2203.202,128.650,-0.510,-0.026,0.232,0.760,-0.470,8377.040
164.580,223.887,2202.528,128.590,-0.740,0.005,-0.035,0.270,0.000,8377.750
164.600,223.463,2201.865,126.350,-0.330,-0.060,-0.069,0.190,-0.380,8378.450
164.620,223.020,2201.175,132.160,0.010,-0.008,0.241,-0.230,0.120,8379.190
164.640,222.589,2200.502,128.360,0.330,0.020,-0.033,0.380,0.520,8379.900
164.660,222.150,2199.817,131.010,0.450,-0.034,0.231,-0.640,-0.970,8380.630
164.680,221.714,2199.138,129.760,-0.030,0.037,-0.046,-0.640,-0.290,8381.350
164.700,221.280,2198.460,129.480,-0.680,0.042,-0.039,-0.210,0.660,8382.070
164.720,220.842,2197.777,130.670,-0.590,-0.060,0.240,0.940,0.250,8382.800
164.740,220.403,2197.094,130.770,0.520,-0.038,0.272,-0.260,-0.030,8383.520
164.760,219.963,2196.408,131.310,-0.650,-0.067,0.237,-0.190,-0.160,8384.250
164.780,219.524,2195.724,130.690,0.560,0.021,-0.022,0.140,0.180,8384.980
164.800,219.086,2195.041,130.630,0.590,0.006,-0.046,0.450,0.290,8385.700
164.820,218.637,2194.344,133.940,1.530,-0.080,0.255,0.630,-0.380,8386.450
164.840,218.192,2193.651,132.720,-0.480,-0.033,-0.077,-0.560,0.450,8387.180
164.860,217.746,2192.958,132.900,-0.330,0.015,0.243,-0.050,0.120,8387.920
164.880,217.304,2192.269,131.930,-2.310,0.006,-0.044,0.110,0.280,8388.660
164.900,216.848,2191.563,135.910,-0.940,0.061,0.281,0.160,0.310,8389.410
164.920,216.400,2190.866,133.700,-0.960,-0.058,-0.060,0.430,0.090,8390.150
164.940,215.960,2190.180,131.270,0.510,-0.000,-0.019,0.410,0.130,8390.880
164.960,215.508,2189.478,134.810,1.810,-0.050,0.227,0.010,0.160,8391.630
164.980,215.060,2188.782,133.530,0.580,0.006,-0.040,0.580,-0.110,8392.370
165.000,214.604,2188.074,136.320,0.990,-0.009,0.235,0.480,0.190,8393.130
165.020,214.145,2187.363,136.790,-0.710,0.014,0.296,0.440,-0.080,8393.890
165.040,213.686,2186.652,136.900,-1.200,-0.020,0.291,-0.260,0.000,8394.650
165.060,213.234,2185.949,135.110,-0.240,0.038,-0.041,0.360,0.470,8395.400
165.080,212.778,2185.242,135.910,-0.620,-0.036,0.234,0.600,-0.010,8396.160
165.100,212.320,2184.532,136.730,-0.860,-0.051,0.204,-0.260,0.120,8396.920
165.120,211.858,2183.816,137.980,0.220,0.011,0.261,0.070,-0.050,8397.680
165.140,211.404,2183.112,135.360,-1.190,0.093,-0.044,0.780,-0.110,8398.440
165.160,210.944,2182.399,137.340,0.830,-0.076,0.276,0.200,0.580,8399.200
165.180,210.474,2181.672,140.280,-0.400,-0.057,0.206,-0.040,-0.440,8399.980
165.200,210.015,2180.961,136.960,-0.050,0.012,-0.046,0.730,0.020,8400.740
165.220,209.553,2180.245,138.010,0.100,0.056,0.263,-0.240,-0.360,8401.510
165.240,209.076,2179.510,142.250,-0.470,0.015,0.223,-0.850,0.380,8402.300
165.260,208.613,2178.793,138.240,1.270,-0.030,-0.047,-0.390,-0.020,8403.060
165.280,208.156,2178.083,136.580,-1.610,0.021,-0.072,0.570,-0.140,8403.820
165.300,207.690,2177.362,139.080,1.280,0.026,0.225,0.260,-0.550,8404.600
165.320,207.214,2176.628,141.960,-0.350,-0.034,0.234,0.030,0.470,8405.380
165.340,206.741,2175.897,141.310,0.920,0.041,-0.058,0.530,-0.400,8406.170
165.360,206.277,2175.179,138.540,0.200,-0.002,-0.013,0.080,0.150,8406.940
165.380,205.805,2174.450,140.910,0.850,-0.087,0.240,-0.110,0.280,8407.720
165.400,205.335,2173.723,140.310,-0.120,-0.007,-0.075,0.420,0.650,8408.500
165.420,204.860,2172.989,142.070,0.240,-0.028,0.274,-0.190,-0.170,8409.290
165.440,204.390,2172.263,140.210,1.100,0.065,-0.019,0.250,-0.260,8410.070
165.460,203.914,2171.528,142.160,0.100,-0.066,0.275,-0.400,-0.130,8410.860
165.480,203.430,2170.783,144.560,1.330,-0.024,0.291,-0.530,-0.180,8411.660
165.500,202.968,2170.067,138.060,0.350,0.013,-0.044,-0.430,-0.570,8412.430
165.520,202.488,2169.328,143.150,-0.730,0.121,0.255,-0.010,0.490,8413.220
165.540,202.005,2168.582,144.520,-0.350,0.098,0.229,-0.320,-0.130,8414.030
165.560,201.534,2167.855,140.480,0.890,-0.002,-0.008,-0.310,-0.050,8414.810
165.580,201.059,2167.121,142.020,-1.240,0.017,0.247,-0.080,0.190,8415.600
165.600,200.581,2166.383,142.790,0.790,0.030,0.241,-0.040,0.420,8416.390
165.620,200.103,2165.647,142.560,-0.370,-0.051,-0.062,-0.780,-0.350,8417.180
165.640,199.625,2164.910,142.730,-1.290,0.001,0.269,-1.260,0.110,8417.980
165.660,199.145,2164.168,143.660,0.210,0.068,0.253,0.200,-0.360,8418.770
165.680,198.657,2163.417,145.780,-0.700,0.007,0.256,0.070,0.100,8419.580
165.700,198.165,2162.661,147.020,-0.570,0.097,0.240,-0.690,0.090,8420.400
165.720,197.673,2161.904,147.020,-0.630,-0.022,0.244,0.220,-0.140,8421.220
165.740,197.182,2161.149,146.840,0.110,-0.004,-0.054,0.220,0.070,8422.030
165.760,196.685,2160.386,148.370,-0.390,-0.004,0.293,-0.150,0.080,8422.860
165.780,196.187,2159.621,148.950,0.390,-0.065,0.196,0.980,-0.020,8423.680
165.800,195.697,2158.867,146.440,1.010,0.055,-0.037,0.630,-0.060,8424.500
165.820,195.200,2158.103,148.610,0.540,-0.017,0.283,-0.200,-0.410,8425.320
165.840,194.707,2157.345,147.390,1.810,0.013,-0.105,-0.190,-0.330,8426.140
165.860,194.216,2156.590,146.710,2.050,-0.030,-0.052,-0.730,-0.180,8426.960
165.880,193.723,2155.833,147.240,-0.290,0.086,0.279,0.610,-0.300,8427.780
165.900,193.224,2155.067,149.110,-1.150,0.062,0.227,0.120,-0.170,8428.600
165.920,192.722,2154.297,150.070,-0.290,0.003,0.258,0.410,-0.020,8429.440
165.940,192.224,2153.531,149.020,0.120,-0.061,-0.078,-1.070,0.030,8430.270
165.960,191.729,2152.771,147.840,2.230,0.037,-0.049,0.390,0.170,8431.090
165.980,191.234,2152.010,147.980,-0.370,0.054,0.288,-0.250,0.050,8431.910
166.000,190.745,2151.257,146.220,0.280,-0.046,0.001,0.290,0.040,8432.720
166.020,190.244,2150.488,149.820,-0.680,-0.007,0.258,0.260,0.160,8433.550
166.040,189.742,2149.719,150.000,-0.350,0.004,0.212,-0.010,-0.280,8434.390
166.060,189.246,2148.956,148.270,-1.210,0.054,-0.059,-0.350,-0.250,8435.210
166.080,188.742,2148.183,150.830,-1.460,-0.008,0.196,0.200,-0.110,8436.050
166.100,188.237,2147.408,151.080,1.360,0.048,0.241,-0.420,-0.210,8436.890
166.120,187.740,2146.645,148.450,1.070,-0.039,-0.021,0.530,-0.530,8437.710
166.140,187.237,2145.873,150.480,-0.370,-0.053,0.209,-0.360,0.170,8438.550
166.160,186.724,2145.088,153.360,1.060,0.092,0.244,0.010,-0.300,8439.400
166.180,186.220,2144.316,150.570,-1.310,-0.066,-0.074,-0.370,0.540,8440.240
166.200,185.713,2143.538,151.830,-0.170,-0.038,0.304,0.080,0.050,8441.080
166.220,185.203,2142.758,152.330,0.170,0.039,0.262,-0.520,-0.450,8441.930
166.240,184.694,2141.977,152.330,1.270,-0.027,0.276,-0.400,0.200,8442.770
166.260,184.180,2141.191,153.680,0.200,-0.028,0.259,1.150,0.010,8443.630
166.280,183.664,2140.402,154.330,0.540,-0.010,0.273,0.420,0.090,8444.480
166.300,183.146,2139.609,155.100,-0.470,-0.108,0.282,0.180,-0.150,8445.350
166.320,182.634,2138.825,153.020,0.260,0.056,-0.049,0.260,-0.280,8446.200
166.340,182.118,2138.035,154.550,1.260,0.009,0.234,0.150,-0.440,8447.050
166.360,181.599,2137.242,155.310,-1.620,-0.041,0.222,-0.040,-0.380,8447.920
166.380,181.083,2136.453,154.150,1.140,-0.086,0.003,0.380,-0.410,8448.770
166.400,180.570,2135.667,153.530,-0.210,-0.068,-0.025,-0.410,-0.110,8449.630
166.420,180.052,2134.875,155.110,-1.410,-0.080,0.183,0.800,-0.020,8450.490
166.440,179.536,2134.086,154.260,-0.270,0.011,-0.057,0.060,-0.460,8451.350
166.460,179.020,2133.296,154.400,1.290,0.012,0.262,0.400,0.270,8452.200
166.480,178.498,2132.499,156.060,-0.480,0.031,0.300,0.790,0.040,8453.070
166.500,177.978,2131.703,155.730,0.300,0.037,-0.083,0.250,0.730,8453.940
166.520,177.455,2130.904,156.560,-1.610,0.031,0.263,-0.410,-0.120,8454.810
166.540,176.939,2130.115,154.250,-1.830,0.077,-0.062,0.610,0.670,8455.660
166.560,176.416,2129.316,156.590,-1.080,0.060,0.214,0.850,0.220,8456.530
166.580,175.902,2128.529,153.750,1.010,0.048,-0.010,-0.970,-0.590,8457.390
166.600,175.381,2127.733,155.850,-0.050,0.012,0.221,-0.050,-0.360,8458.250
166.620,174.854,2126.929,157.570,1.100,0.036,0.279,0.150,0.100,8459.130
166.640,174.320,2126.115,159.800,1.160,-0.021,0.202,-0.130,-0.520,8460.020
166.660,173.789,2125.305,159.070,-0.760,-0.011,-0.065,-0.620,-0.270,8460.900
166.680,173.259,2124.496,158.680,1.570,0.086,-0.033,-0.440,-0.480,8461.780
166.700,172.730,2123.689,158.260,-0.540,-0.028,-0.028,-0.920,0.640,8462.660
166.720,172.200,2122.880,158.730,1.000,-0.032,0.263,0.480,0.330,8463.540
166.740,171.661,2122.060,161.340,0.960,-0.018,0.280,0.690,-0.100,8464.440
166.760,171.133,2121.254,158.010,0.070,-0.027,-0.059,0.680,0.450,8465.320
166.780,170.602,2120.444,158.860,0.070,-0.023,0.292,-0.010,0.380,8466.200
166.800,170.062,2119.621,161.830,0.320,0.012,0.261,0.140,0.390,8467.100
166.820,169.527,2118.807,159.990,0.120,0.014,-0.028,0.530,-0.170,8467.990
166.840,168.981,2117.975,163.700,-0.390,0.046,0.261,-0.120,-0.090,8468.900
166.860,168.439,2117.151,162.110,-0.480,0.109,-0.035,-0.470,-0.330,8469.800
166.880,167.895,2116.323,163.080,-0.380,-0.018,0.220,-0.290,-0.030,8470.700
166.900,167.363,2115.512,159.190,1.220,-0.003,-0.078,0.090,-0.240,8471.590
166.920,166.817,2114.681,163.500,-1.590,-0.092,0.234,-0.360,-0.320,8472.490
166.940,166.279,2113.862,160.920,-0.500,-0.065,-0.035,0.240,0.340,8473.390
166.960,165.733,2113.032,163.550,-0.330,-0.007,0.232,-0.680,0.200,8474.300
166.980,165.192,2112.207,162.210,-0.230,0.023,-0.059,-0.120,-0.260,8475.200
167.000,164.646,2111.377,163.370,0.300,0.025,0.248,0.200,0.280,8476.110
167.020,164.106,2110.555,161.660,-1.350,0.031,-0.007,0.070,0.090,8477.000
167.040,163.568,2109.736,161.020,1.030,0.063,-0.032,-0.370,-0.090,8477.900
167.060,163.020,2108.903,164.100,0.890,0.085,0.206,0.370,0.480,8478.810
167.080,162.474,2108.071,163.720,0.670,-0.012,-0.045,0.130,0.090,8479.720
167.100,161.929,2107.243,163.100,-0.210,-0.040,-0.059,-1.040,0.530,8480.630
167.120,161.387,2106.418,162.200,-0.740,0.033,-0.057,0.230,0.170,8481.530
167.140,160.850,2105.599,160.990,-0.330,0.047,-0.050,-0.210,0.200,8482.420
167.160,160.295,2104.757,166.070,0.060,0.007,0.284,-0.260,-0.320,8483.340
167.180,159.744,2103.919,165.180,0.670,-0.009,-0.074,-0.410,-0.170,8484.260
167.200,159.193,2103.082,164.940,-0.080,-0.025,-0.044,-0.500,0.440,8485.180
167.220,158.637,2102.239,166.440,0.360,-0.002,0.259,0.100,0.350,8486.100
167.240,158.077,2101.389,167.930,-0.430,0.035,0.243,0.270,-0.110,8487.040
167.260,157.519,2100.542,167.090,0.290,-0.033,-0.069,0.080,-0.410,8487.960
167.280,156.964,2099.699,166.300,-0.250,-0.040,-0.073,0.470,0.500,8488.890
167.300,156.395,2098.838,170.450,0.270,0.030,0.237,0.290,0.320,8489.830
167.320,155.839,2097.993,166.570,-1.770,-0.042,-0.028,-1.000,-0.340,8490.760
167.340,155.286,2097.153,165.690,0.490,0.008,-0.061,-0.460,-0.340,8491.680
167.360,154.725,2096.302,168.240,0.540,0.005,0.247,0.590,0.550,8492.620
167.380,154.164,2095.451,167.990,0.530,0.000,-0.085,-0.630,-0.150,8493.550
167.400,153.596,2094.591,170.070,-0.990,-0.032,0.236,-1.370,-0.150,8494.490
167.420,153.035,2093.740,168.140,-0.710,0.087,-0.043,0.920,-0.200,8495.430
167.440,152.471,2092.885,168.970,-0.870,0.020,0.200,0.150,0.110,8496.370
167.460,151.910,2092.034,168.200,0.330,-0.026,-0.019,-0.340,-0.420,8497.300
167.480,151.340,2091.170,170.990,0.660,0.017,0.232,-0.420,0.070,8498.250
167.500,150.771,2090.309,170.270,-0.700,0.092,0.003,0.310,-0.420,8499.200
167.520,150.204,2089.450,169.920,1.320,0.004,-0.037,0.240,-0.420,8500.140
167.540,149.636,2088.588,170.390,1.300,0.077,0.195,0.160,-0.410,8501.090
167.560,149.066,2087.725,170.870,0.140,-0.057,0.258,-0.090,-0.400,8502.040
167.580,148.502,2086.870,169.020,0.370,-0.043,-0.060,-0.640,0.220,8502.980
167.600,147.924,2085.996,173.200,-1.680,-0.107,0.259,-0.020,0.220,8503.940
167.620,147.345,2085.121,173.400,-0.530,0.099,0.299,0.530,-0.050,8504.900
167.640,146.771,2084.252,172.080,-1.250,-0.085,-0.029,-0.270,-0.190,8505.860
167.660,146.197,2083.383,172.200,-0.910,0.009,0.243,0.300,0.410,8506.810
167.680,145.626,2082.518,171.090,0.510,0.087,-0.092,-0.200,0.210,8507.760
167.700,145.041,2081.634,175.450,0.760,0.049,0.276,0.400,-0.350,8508.740
167.720,144.456,2080.751,175.370,0.800,0.019,-0.035,-0.490,0.110,8509.710
167.740,143.876,2079.873,174.020,0.240,0.064,-0.015,0.010,0.090,8510.680
167.760,143.292,2078.991,174.940,0.520,-0.033,0.246,0.230,0.220,8511.650
167.780,142.706,2078.106,175.830,-1.590,0.026,0.259,-0.340,0.820,8512.630
167.800,142.119,2077.220,175.810,-1.290,-0.006,-0.057,0.180,-0.250,8513.610
167.820,141.541,2076.346,173.260,-0.210,-0.007,-0.047,-0.010,0.170,8514.570
167.840,140.960,2075.467,174.360,0.600,0.010,0.205,-0.020,0.450,8515.540
167.860,140.373,2074.581,175.810,-0.450,0.059,0.260,-0.340,0.520,8516.510
167.880,139.787,2073.696,175.700,-1.360,0.078,-0.039,0.500,0.050,8517.490
167.900,139.198,2072.806,176.800,-0.690,-0.013,0.235,-0.470,-0.390,8518.470
167.920,138.608,2071.916,176.920,-0.930,-0.054,0.268,0.140,-0.540,8519.450
167.940,138.019,2071.026,176.600,-1.720,-0.041,-0.024,-0.420,0.250,8520.440
167.960,137.443,2070.155,172.610,2.220,0.097,-0.008,-0.030,0.100,8521.390
167.980,136.848,2069.257,178.550,1.230,0.074,0.219,0.320,0.040,8522.390
168.000,136.253,2068.360,178.330,-1.980,-0.055,-0.030,-0.140,0.080,8523.380
168.020,135.652,2067.454,180.460,-1.920,0.083,0.290,-1.540,0.290,8524.380
168.040,135.062,2066.563,176.920,-0.810,-0.036,-0.061,-0.670,0.160,8525.360
168.060,134.478,2065.681,175.150,-1.490,0.033,-0.008,-1.080,0.120,8526.340
168.080,133.884,2064.786,177.930,2.380,-0.036,0.228,0.030,-0.180,8527.320
168.100,133.287,2063.885,179.160,-0.800,0.108,0.252,-0.000,0.310,8528.320
168.120,132.693,2062.989,178.100,0.360,-0.029,-0.102,-0.180,-0.170,8529.310
168.140,132.089,2062.080,181.100,-0.510,-0.052,0.194,-0.310,0.290,8530.320
168.160,131.495,2061.183,178.330,-1.170,-0.023,-0.097,0.110,-0.120,8531.310
168.180,130.897,2060.281,179.450,1.050,0.131,0.293,-0.720,0.180,8532.300
168.200,130.298,2059.379,179.510,0.650,0.013,0.227,0.480,0.530,8533.300
168.220,129.684,2058.455,184.330,-0.060,-0.051,0.227,0.040,0.200,8534.320
168.240,129.087,2057.555,179.090,2.380,-0.039,-0.038,-0.470,0.420,8535.320
168.260,128.481,2056.643,181.600,0.240,-0.087,0.228,-0.210,-0.110,8536.330
168.280,127.884,2055.742,179.200,-0.460,0.027,-0.014,-0.070,0.030,8537.320
168.300,127.278,2054.830,181.800,1.920,-0.063,0.306,-0.690,-0.110,8538.330
168.320,126.678,2053.925,180.140,0.400,0.055,-0.117,0.340,-0.500,8539.330
168.340,126.066,2053.005,183.500,1.630,0.040,0.266,0.480,0.320,8540.350
168.360,125.454,2052.085,183.490,-0.040,-0.005,-0.112,0.060,0.170,8541.370
168.380,124.845,2051.168,182.820,-3.010,0.062,-0.091,0.470,0.150,8542.390
168.400,124.243,2050.260,180.600,-1.560,0.046,-0.036,1.330,0.370,8543.390
168.420,123.634,2049.343,182.890,1.080,0.008,0.222,-0.940,-0.340,8544.410
168.440,123.024,2048.426,182.800,-0.590,-0.038,-0.042,0.030,-0.410,8545.420
168.460,122.409,2047.500,184.780,0.250,0.021,0.251,-0.670,0.370,8546.450
168.480,121.800,2046.585,182.460,1.130,0.020,-0.099,0.780,-0.020,8547.460
168.500,121.181,2045.654,185.830,0.180,0.025,0.270,0.120,0.060,8548.500
168.520,120.562,2044.724,185.830,-0.860,0.004,-0.041,-0.350,-0.440,8549.530
168.540,119.953,2043.808,182.600,-0.010,0.016,-0.049,-0.130,0.440,8550.540
168.560,119.338,2042.883,184.610,0.110,0.015,0.231,0.670,0.200,8551.570
168.580,118.721,2041.955,185.140,-0.410,0.068,0.262,0.230,-0.170,8552.600
168.600,118.098,2041.019,187.010,-1.380,-0.064,0.211,0.290,0.630,8553.640
168.620,117.483,2040.094,184.750,-0.360,-0.050,-0.080,0.740,-0.410,8554.660
168.640,116.862,2039.161,186.370,-0.090,0.004,0.260,0.480,-0.100,8555.700
168.660,116.235,2038.221,187.990,-1.440,-0.038,0.281,0.560,0.300,8556.740
168.680,115.612,2037.285,187.000,-0.920,0.011,-0.064,-0.060,0.350,8557.780
168.700,114.999,2036.362,184.120,-0.720,-0.056,-0.036,-1.130,-0.450,8558.800
168.720,114.378,2035.429,186.440,-1.860,-0.048,0.256,0.050,-0.090,8559.840
168.740,113.749,2034.485,188.820,0.130,0.103,0.262,-0.330,0.220,8560.890
168.760,113.119,2033.540,188.910,0.240,-0.011,0.229,0.390,0.440,8561.940
168.780,112.504,2032.615,184.650,-0.540,-0.059,-0.054,-0.890,0.420,8562.960
168.800,111.876,2031.672,188.610,-1.370,-0.006,0.249,0.410,0.210,8564.010
168.820,111.243,2030.723,190.010,0.410,0.052,0.295,0.090,0.030,8565.070
168.840,110.611,2029.775,189.680,0.550,0.060,-0.083,0.180,-0.050,8566.120
168.860,109.978,2028.825,190.130,0.100,-0.073,0.208,0.310,0.150,8567.180
168.880,109.337,2027.865,192.520,0.040,-0.038,0.340,-0.010,0.430,8568.250
168.900,108.705,2026.917,189.650,0.590,0.011,-0.041,-0.170,-0.060,8569.300
168.920,108.071,2025.966,190.450,-0.100,-0.002,0.266,0.570,-0.080,8570.360
168.940,107.442,2025.022,188.860,-0.920,-0.080,-0.031,0.300,0.340,8571.410
168.960,106.810,2024.074,189.600,-0.070,-0.072,0.273,0.340,0.320,8572.460
168.980,106.176,2023.123,190.340,-0.390,-0.053,0.277,-0.040,-0.150,8573.520
169.000,105.535,2022.163,192.390,-0.070,-0.089,0.273,0.050,-0.400,8574.590
169.020,104.902,2021.213,190.270,0.880,-0.023,-0.016,-0.010,-0.510,8575.650
169.040,104.257,2020.248,193.530,-1.200,0.060,0.255,-0.870,0.040,8576.720
169.060,103.623,2019.297,190.320,0.180,-0.033,-0.018,-0.690,-0.330,8577.780
169.080,102.980,2018.334,193.200,-1.250,0.054,0.307,-0.060,0.270,8578.850
169.100,102.336,2017.369,193.350,-0.920,0.001,0.256,-0.940,-0.520,8579.930
169.120,101.693,2016.406,193.190,1.570,-0.009,-0.036,-0.060,0.480,8581.000
169.140,101.045,2015.436,194.560,0.460,-0.083,0.233,-0.450,-0.100,8582.080
169.160,100.405,2014.477,192.250,0.160,0.058,-0.055,-0.040,-0.240,8583.150
169.180,99.762,2013.515,192.940,-1.660,0.006,0.261,0.090,-0.160,8584.220
169.200,99.121,2012.554,192.480,-0.240,-0.080,-0.062,-0.930,-0.260,8585.290
169.220,98.474,2011.586,194.220,-2.070,0.019,0.253,0.160,0.450,8586.370
169.240,97.828,2010.617,194.300,0.040,-0.029,0.260,-0.220,0.200,8587.450
169.260,97.175,2009.641,196.050,-1.250,0.003,0.296,-1.160,0.030,8588.540
169.280,96.524,2008.667,195.630,0.560,0.012,-0.076,-0.230,-0.360,8589.620
169.300,95.870,2007.689,196.360,0.160,0.061,0.263,0.190,-0.020,8590.710
169.320,95.220,2006.716,195.310,-1.220,-0.056,-0.068,-0.200,-0.230,8591.800
169.340,94.565,2005.737,196.500,0.380,0.029,0.273,-0.230,-0.790,8592.890
169.360,93.903,2004.748,198.890,2.090,0.066,0.275,0.080,-0.210,8594.000
169.380,93.256,2003.779,194.430,-0.200,0.126,0.000,-0.240,0.180,8595.080
169.400,92.610,2002.812,193.970,0.880,0.052,-0.063,-0.130,-0.130,8596.150
169.420,91.951,2001.827,197.970,-2.100,0.018,0.254,-0.660,-0.040,8597.250
169.440,91.298,2000.851,196.020,0.470,0.014,-0.026,-0.260,0.310,8598.340
169.460,90.648,1999.877,195.500,-0.570,0.078,-0.030,0.940,0.260,8599.430
169.480,89.986,1998.889,198.650,-0.270,-0.014,0.175,0.090,0.590,8600.530
169.500,89.332,1997.910,196.630,0.600,0.040,-0.071,0.130,-0.660,8601.620
169.520,88.664,1996.913,200.720,-0.240,0.110,0.267,-0.320,-0.250,8602.740
169.540,88.002,1995.923,198.930,-1.620,-0.005,-0.056,-0.200,0.270,8603.840
169.560,87.340,1994.935,198.670,1.530,-0.101,-0.026,-0.110,0.130,8604.950
169.580,86.681,1993.950,198.030,-1.450,-0.043,-0.019,0.440,0.030,8606.050
169.600,86.016,1992.957,199.860,-0.840,0.015,0.244,0.600,-0.180,8607.160
169.620,85.359,1991.974,197.430,0.130,-0.042,-0.032,-0.230,0.070,8608.260
169.640,84.705,1990.996,196.400,0.140,-0.017,-0.006,-0.010,0.050,8609.350
169.660,84.046,1990.011,198.050,0.430,-0.015,0.281,-0.120,-0.560,8610.450
169.680,83.372,1989.006,202.370,0.130,0.028,0.227,0.380,0.060,8611.570
169.700,82.708,1988.014,199.560,1.150,-0.047,-0.056,0.230,-0.160,8612.680
169.720,82.045,1987.024,199.070,0.490,-0.029,-0.049,-0.040,0.250,8613.790
169.740,81.375,1986.024,201.370,-1.190,0.070,0.222,0.500,0.100,8614.900
169.760,80.693,1985.007,205.120,-2.600,-0.024,0.282,0.260,0.590,8616.040
169.780,80.015,1983.996,203.700,0.150,0.036,-0.069,-0.390,-0.000,8617.180
169.800,79.346,1982.997,201.150,1.470,0.001,-0.053,0.000,-0.330,8618.290
169.820,78.675,1981.997,201.400,-1.250,-0.001,0.282,-0.090,-0.750,8619.410
169.840,78.004,1980.995,201.710,-1.050,0.037,0.236,-0.490,-0.280,8620.530
169.860,77.332,1979.992,201.820,0.350,-0.093,0.240,-0.110,0.110,8621.650
169.880,76.653,1978.979,204.290,0.480,0.022,0.260,0.570,0.190,8622.790
169.900,75.976,1977.971,203.250,1.120,0.028,-0.062,0.550,-0.180,8623.920
169.920,75.303,1976.966,202.360,1.640,0.042,-0.004,0.460,-0.130,8625.040
169.940,74.630,1975.961,202.310,0.240,-0.019,-0.077,0.390,0.020,8626.170
169.960,73.938,1974.931,208.040,-0.930,0.000,0.181,0.100,0.110,8627.320
169.980,73.252,1973.910,205.980,-0.900,-0.123,-0.025,-0.300,0.310,8628.470
170.000,72.574,1972.899,203.870,-0.540,-0.033,-0.061,0.280,-0.180,8629.600
170.020,71.885,1971.872,207.250,1.030,0.009,0.226,-0.820,-0.220,8630.750
170.040,71.206,1970.860,203.990,-0.500,0.074,-0.038,-0.340,0.610,8631.880
170.060,70.521,1969.840,205.790,0.960,0.092,0.263,0.550,0.530,8633.030
170.080,69.836,1968.820,205.910,-1.520,-0.017,0.227,-0.250,-0.160,8634.170
170.100,69.148,1967.795,206.830,0.290,0.044,0.286,0.320,0.340,8635.320
170.120,68.465,1966.777,205.430,-0.750,-0.007,-0.024,-0.180,0.660,8636.460
170.140,67.775,1965.750,207.310,0.520,-0.081,0.309,0.280,0.400,8637.610
170.160,67.094,1964.734,204.780,-0.260,0.030,-0.064,-0.770,-0.230,8638.750
170.180,66.405,1963.708,207.120,0.800,0.092,0.255,0.640,0.030,8639.900
170.200,65.706,1962.669,209.970,-0.430,-0.019,0.257,-0.560,-0.530,8641.070
170.220,65.009,1961.631,209.780,-0.030,-0.045,-0.060,-0.680,-0.290,8642.230
170.240,64.319,1960.604,207.480,0.810,0.003,-0.038,0.610,-0.000,8643.390
170.260,63.632,1959.581,206.520,-0.100,-0.006,-0.036,-0.000,0.070,8644.530
170.280,62.947,1958.560,205.810,0.060,0.131,-0.036,-0.150,-0.210,8645.680
170.300,62.247,1957.520,210.290,0.760,0.050,0.240,0.780,-0.830,8646.840
170.320,61.549,1956.481,210.060,-0.080,0.006,-0.056,0.370,0.060,8648.010
170.340,60.849,1955.440,210.510,-1.580,-0.145,0.233,-0.220,0.220,8649.180
170.360,60.141,1954.388,212.740,-0.570,-0.007,0.227,-0.070,0.230,8650.360
170.380,59.440,1953.346,210.720,-1.920,0.093,-0.052,0.540,-0.060,8651.530
170.400,58.738,1952.302,211.110,-0.250,0.004,0.295,-0.480,-0.040,8652.710
170.420,58.043,1951.268,208.960,0.470,0.041,0.011,0.720,0.070,8653.870
170.440,57.333,1950.212,213.770,0.120,0.020,0.289,-0.220,0.120,8655.060
170.460,56.630,1949.167,211.370,1.390,-0.024,-0.064,-0.440,-0.030,8656.230
170.480,55.929,1948.125,210.670,1.280,0.085,-0.038,0.540,-0.700,8657.400
170.500,55.222,1947.075,212.490,0.260,0.009,0.189,0.370,0.420,8658.580
170.520,54.506,1946.012,215.460,-2.390,-0.035,0.245,-0.890,-0.140,8659.780
170.540,53.788,1944.946,215.940,0.670,0.001,0.238,-0.050,-0.370,8660.980
170.560,53.085,1943.900,211.560,-0.770,0.071,0.006,-0.550,-0.120,8662.150
170.580,52.369,1942.839,215.060,0.880,-0.074,0.258,0.400,0.030,8663.350
170.600,51.658,1941.782,214.080,0.310,0.014,-0.048,0.860,-0.180,8664.540
170.620,50.942,1940.719,215.340,0.660,0.004,0.248,0.270,-0.160,8665.730
170.640,50.228,1939.659,214.560,0.500,-0.077,-0.059,-0.380,-0.100,8666.920
170.660,49.512,1938.596,215.340,2.390,0.038,0.266,0.440,0.110,8668.120
170.680,48.792,1937.528,216.680,0.520,0.013,0.230,-0.030,-0.240,8669.330
170.700,48.086,1936.478,212.360,-1.280,0.044,-0.034,-0.040,0.100,8670.500
170.720,47.368,1935.413,215.800,1.070,0.057,0.293,-0.240,-0.410,8671.700
170.740,46.657,1934.357,213.790,-0.430,-0.003,-0.047,0.050,0.600,8672.890
170.760,45.942,1933.295,215.130,1.350,-0.028,0.241,-0.040,0.320,8674.090
170.780,45.224,1932.229,216.110,1.540,-0.071,0.248,-1.200,-0.080,8675.290
170.800,44.509,1931.168,214.870,0.620,-0.032,-0.014,0.010,0.100,8676.480
170.820,43.792,1930.103,215.800,-1.280,0.001,0.254,-0.070,-0.350,8677.680
170.840,43.077,1929.043,214.850,-0.460,-0.048,-0.068,0.170,0.170,8678.870
170.860,42.358,1927.975,216.340,1.340,0.029,0.274,-1.000,0.250,8680.080
170.880,41.633,1926.899,218.280,2.000,-0.045,0.229,0.260,0.080,8681.290
170.900,40.904,1925.819,219.090,0.060,-0.088,0.243,0.010,0.270,8682.510
170.920,40.183,1924.749,216.920,-0.270,-0.029,-0.043,0.250,-0.000,8683.710
170.940,39.451,1923.664,220.340,-1.180,0.009,0.226,-0.810,-0.030,8684.930
170.960,38.721,1922.583,219.500,-1.170,-0.063,-0.104,-0.620,-0.200,8686.150
170.980,37.987,1921.494,221.060,0.230,-0.044,0.263,-0.940,0.170,8687.380
171.000,37.267,1920.426,216.540,0.700,-0.032,-0.116,0.070,-0.250,8688.580
171.020,36.536,1919.342,219.940,-1.490,-0.025,0.222,-0.170,0.120,8689.810
171.040,35.802,1918.256,220.670,0.830,0.015,0.273,-0.070,0.090,8691.030
171.060,35.079,1917.183,217.460,1.370,0.032,-0.037,-0.700,0.400,8692.240
171.080,34.335,1916.082,223.940,0.630,-0.024,0.245,-0.600,0.180,8693.480
171.100,33.605,1915.000,219.640,1.650,-0.052,-0.077,-1.250,-0.530,8694.710
171.120,32.868,1913.908,221.700,0.360,0.007,0.237,-0.670,-0.200,8695.940
171.140,32.129,1912.813,222.550,0.370,0.026,0.267,-0.330,-0.210,8697.170
171.160,31.392,1911.722,221.590,0.350,0.081,-0.054,-0.300,-0.220,8698.400
171.180,30.649,1910.621,223.800,1.360,0.057,0.213,-0.030,0.290,8699.650
171.200,29.901,1909.515,225.000,0.540,-0.063,0.224,0.380,-0.660,8700.900
171.220,29.168,1908.429,220.620,-0.530,-0.007,-0.063,-0.340,0.430,8702.120
171.240,28.427,1907.332,222.740,0.420,0.023,0.261,0.240,0.300,8703.360
171.260,27.682,1906.230,224.220,0.430,-0.043,0.253,0.390,0.060,8704.610
171.280,26.949,1905.143,220.680,-0.210,-0.018,-0.087,0.580,0.100,8705.830
171.300,26.201,1904.037,225.000,1.020,0.034,0.290,0.240,0.020,8707.080
171.320,25.450,1902.925,226.250,0.090,0.012,0.228,0.040,0.050,8708.340
171.340,24.699,1901.815,225.890,0.710,0.000,-0.037,-0.540,0.340,8709.590
171.360,23.952,1900.709,224.910,0.510,-0.033,-0.078,0.140,-0.070,8710.840
171.380,23.198,1899.595,226.840,-0.730,-0.072,0.324,-0.190,0.180,8712.100
171.400,22.449,1898.487,225.350,-0.980,-0.016,-0.010,0.690,-0.260,8713.360
171.420,21.708,1897.389,223.110,-0.720,-0.005,-0.073,0.050,0.160,8714.600
171.440,20.962,1896.285,224.590,-0.080,-0.073,0.253,-0.080,-0.080,8715.840
171.460,20.213,1895.177,225.270,1.590,0.002,0.219,0.710,0.130,8717.090
171.480,19.463,1894.067,225.840,-0.050,0.020,0.239,-0.240,-0.260,8718.350
171.500,18.711,1892.956,226.070,0.370,-0.035,0.263,-0.000,0.130,8719.610
171.520,17.961,1891.846,225.990,0.870,0.020,-0.025,1.000,-0.010,8720.860
171.540,17.206,1890.730,227.100,-0.360,0.014,0.213,0.130,0.470,8722.120
171.560,16.444,1889.605,229.310,-0.410,-0.015,0.228,0.560,0.080,8723.400
171.580,15.688,1888.486,227.660,1.050,-0.021,-0.022,0.750,0.150,8724.660
171.600,14.929,1887.364,228.560,0.570,-0.017,0.290,-0.280,-0.130,8725.930
171.620,14.182,1886.260,224.610,-0.560,-0.043,-0.073,0.450,0.090,8727.180
171.640,13.424,1885.139,228.370,-0.410,0.017,0.279,-0.170,0.140,8728.450
171.660,12.659,1884.010,230.090,0.090,-0.042,0.213,1.020,-0.110,8729.730
171.680,11.893,1882.878,230.610,0.330,-0.039,0.241,0.720,-0.130,8731.010
171.700,11.127,1881.746,230.740,1.240,0.025,0.216,0.370,-0.240,8732.290
171.720,10.364,1880.619,229.760,0.530,-0.012,-0.062,0.520,-0.020,8733.570
171.740,9.599,1879.489,230.200,-0.980,0.003,0.307,-0.350,-0.200,8734.840
171.760,8.839,1878.366,228.860,-0.790,-0.086,-0.052,0.860,0.090,8736.120
171.780,8.070,1877.231,231.410,0.310,-0.026,0.242,-0.450,-0.240,8737.400
171.800,7.308,1876.105,229.430,0.140,0.084,-0.067,0.200,-0.040,8738.680
171.820,6.538,1874.968,231.730,-0.840,-0.089,0.241,-0.360,-0.280,8739.960
171.840,5.771,1873.835,231.050,1.050,0.087,-0.074,0.430,0.340,8741.250
171.860,5.002,1872.701,231.290,-2.250,0.013,0.254,0.870,0.010,8742.530
171.880,4.228,1871.558,233.050,0.340,-0.027,0.249,0.230,0.000,8743.830
171.900,3.455,1870.418,232.670,-1.550,-0.010,-0.064,0.160,0.180,8745.120
171.920,2.683,1869.278,232.530,0.880,0.062,-0.066,-0.060,0.530,8746.410
171.940,1.914,1868.142,231.650,-0.260,-0.114,-0.045,0.050,0.020,8747.700
171.960,1.133,1866.990,235.080,0.750,0.071,0.228,-0.170,-0.450,8749.000
171.980,0.358,1865.846,233.450,-0.390,0.013,-0.057,0.820,0.350,8750.300
172.000,-0.421,1864.698,234.360,1.330,0.051,0.236,0.400,-0.410,8751.600
172.020,-1.197,1863.553,233.640,-1.870,-0.087,-0.116,-0.170,-0.150,8752.900
172.040,-1.970,1862.412,232.760,0.880,-0.011,-0.024,0.030,0.360,8754.190
172.060,-2.749,1861.263,234.610,-0.610,-0.116,0.195,1.460,-0.100,8755.500
172.080,-3.524,1860.119,233.460,0.380,0.060,-0.103,0.140,-0.170,8756.790
172.100,-4.306,1858.966,235.290,0.420,-0.049,0.277,0.730,0.080,8758.100
172.120,-5.070,1857.838,230.020,-1.390,-0.050,-0.083,-0.290,0.000,8759.380
172.140,-5.849,1856.688,234.600,1.000,-0.097,0.188,0.240,-0.210,8760.680
172.160,-6.631,1855.535,235.460,0.390,0.022,0.290,-0.310,0.260,8761.990
172.180,-7.409,1854.387,234.330,0.120,0.004,-0.069,-0.270,0.370,8763.290
172.200,-8.195,1853.229,236.590,0.390,-0.037,0.286,0.400,0.420,8764.610
172.220,-8.977,1852.075,235.690,0.130,0.013,-0.077,-0.450,0.170,8765.920
172.240,-9.763,1850.917,236.590,0.830,-0.039,0.201,-0.600,-0.210,8767.230
172.260,-10.547,1849.761,236.060,-0.470,-0.088,-0.060,0.340,-0.380,8768.540
172.280,-11.339,1848.594,238.620,0.840,-0.018,0.214,-0.240,-0.700,8769.870
172.300,-12.130,1847.428,238.270,0.570,0.082,-0.038,-0.140,0.310,8771.190
172.320,-12.921,1846.263,238.170,-0.170,0.049,-0.030,-0.900,0.060,8772.510
172.340,-13.712,1845.098,238.100,1.850,0.023,-0.022,-0.630,-0.130,8773.840
172.360,-14.515,1843.915,242.080,0.450,0.012,0.241,0.110,-0.580,8775.180
172.380,-15.307,1842.749,238.330,0.200,-0.018,-0.009,-0.120,-0.350,8776.510
172.400,-16.096,1841.585,237.800,0.570,0.037,-0.078,0.450,-0.530,8777.830
172.420,-16.884,1840.424,237.370,-0.100,0.028,-0.046,-0.450,0.430,8779.150
172.440,-17.684,1839.247,240.770,1.200,-0.004,0.246,-0.080,0.190,8780.480
172.460,-18.488,1838.064,242.140,-0.020,0.010,0.309,0.020,-0.390,8781.830
172.480,-19.280,1836.896,238.700,0.820,-0.080,-0.014,-0.100,0.490,8783.160
172.500,-20.076,1835.723,239.830,-1.070,-0.024,0.251,0.300,-0.220,8784.490
172.520,-20.873,1834.550,240.000,-1.800,-0.060,0.256,-0.540,0.100,8785.820
172.540,-21.672,1833.374,240.630,0.400,-0.061,0.296,0.260,0.110,8787.160
172.560,-22.464,1832.207,238.440,-0.380,0.024,-0.073,0.570,-0.030,8788.480
172.580,-23.269,1831.022,242.590,-0.190,-0.063,0.189,-0.410,-0.090,8789.830
172.600,-24.077,1829.833,243.440,-2.340,0.038,0.221,0.200,0.010,8791.180
172.620,-24.871,1828.664,239.080,1.700,0.052,-0.062,0.180,-0.080,8792.510
172.640,-25.684,1827.469,244.860,0.100,-0.003,0.291,0.290,0.070,8793.870
172.660,-26.497,1826.273,244.930,1.330,-0.030,0.281,0.000,0.090,8795.230
172.680,-27.288,1825.108,238.180,-1.390,0.052,-0.051,0.710,-0.160,8796.560
172.700,-28.084,1823.935,239.800,0.100,0.028,0.264,1.060,0.330,8797.890
172.720,-28.891,1822.748,243.140,0.410,0.060,0.229,0.310,-0.250,8799.240
172.740,-29.706,1821.549,245.600,0.130,-0.054,0.313,0.160,0.120,8800.600
172.760,-30.517,1820.356,244.340,0.230,-0.013,-0.014,0.010,-0.100,8801.960
172.780,-31.328,1819.164,244.220,-1.390,-0.011,-0.048,-0.660,-0.260,8803.320
172.800,-32.142,1817.966,245.330,0.320,0.010,0.248,-0.710,-0.080,8804.680
172.820,-32.951,1816.777,243.530,-0.840,0.031,-0.029,-0.580,-0.200,8806.030
172.840,-33.770,1815.573,246.940,-0.620,0.007,0.248,0.130,0.200,8807.400
172.860,-34.584,1814.376,245.150,0.020,0.067,-0.105,-0.100,-0.030,8808.770
172.880,-35.391,1813.188,243.140,-0.350,-0.019,-0.004,0.760,0.410,8810.120
172.900,-36.203,1811.994,244.680,-0.290,-0.052,0.285,-1.250,-0.290,8811.480
172.920,-37.022,1810.790,246.700,1.120,-0.033,0.261,0.020,-0.660,8812.850
172.940,-37.838,1809.590,246.000,-0.160,-0.040,-0.063,0.220,0.120,8814.210
172.960,-38.655,1808.389,246.120,-0.400,-0.023,0.250,0.450,0.520,8815.580
172.980,-39.476,1807.183,247.300,-0.120,-0.013,0.171,0.070,0.150,8816.960
173.000,-40.299,1805.974,247.810,-1.110,-0.011,0.217,0.180,-0.280,8818.330
173.020,-41.114,1804.775,245.710,0.160,0.012,0.003,0.090,-0.310,8819.700
173.040,-41.943,1803.559,249.670,0.720,-0.023,0.266,0.220,0.610,8821.080
173.060,-42.765,1802.350,247.920,0.310,0.052,-0.108,-0.010,-0.110,8822.460
173.080,-43.592,1801.136,249.030,0.040,-0.097,0.225,1.060,-0.300,8823.840
173.100,-44.418,1799.923,248.820,0.600,-0.111,-0.108,0.290,0.360,8825.230
173.120,-45.242,1798.712,248.340,-0.550,0.050,-0.073,0.100,-0.040,8826.610
173.140,-46.073,1797.491,250.610,0.040,0.046,0.245,-0.370,-0.610,8828.000
173.160,-46.902,1796.274,249.640,1.400,0.062,-0.002,-0.170,0.620,8829.390
173.180,-47.731,1795.056,249.910,-0.290,0.032,0.274,0.760,0.180,8830.770
173.200,-48.549,1793.854,246.350,0.610,0.000,-0.059,-1.240,-0.450,8832.140
173.220,-49.384,1792.629,251.590,0.630,-0.013,0.242,0.030,0.420,8833.540
173.240,-50.215,1791.409,250.390,-0.760,-0.080,-0.074,-0.010,-0.310,8834.930
173.260,-51.051,1790.181,252.060,0.690,0.007,0.283,0.250,-0.330,8836.330
173.280,-51.893,1788.946,253.670,-0.610,-0.072,0.286,0.130,-0.270,8837.740
173.300,-52.731,1787.716,252.720,0.430,0.123,-0.090,0.760,0.580,8839.150
173.320,-53.567,1786.489,251.850,-0.620,-0.052,-0.102,0.050,0.610,8840.540
173.340,-54.402,1785.264,251.620,0.280,-0.004,-0.060,-0.030,-0.160,8841.940
173.360,-55.251,1784.018,256.120,0.130,0.075,0.244,0.480,0.510,8843.370
173.380,-56.092,1782.785,253.330,0.110,-0.018,-0.042,0.770,-0.690,8844.770
173.400,-56.932,1781.552,253.200,0.270,-0.018,-0.100,0.340,0.270,8846.180
173.420,-57.771,1780.321,252.900,-0.530,-0.129,-0.071,0.510,0.410,8847.580
173.440,-58.608,1779.093,252.110,-1.170,-0.065,-0.052,-0.110,0.450,8848.980
173.460,-59.440,1777.871,250.810,0.080,0.028,-0.073,0.060,0.020,8850.380
173.480,-60.290,1776.624,256.290,1.100,0.084,0.276,0.740,0.170,8851.800
173.500,-61.130,1775.392,253.120,0.580,-0.045,0.006,0.260,-0.220,8853.210
173.520,-61.974,1774.155,254.290,0.450,0.010,0.234,-0.120,0.010,8854.620
173.540,-62.819,1772.915,254.700,-0.510,0.135,0.277,0.020,-0.050,8856.040
173.560,-63.672,1771.664,257.290,0.190,0.028,0.239,0.520,-0.070,8857.470
173.580,-64.516,1770.427,254.270,-0.830,0.049,-0.078,0.560,0.340,8858.880
173.600,-65.365,1769.181,256.080,-0.420,-0.038,0.229,-0.420,0.060,8860.300
173.620,-66.217,1767.933,256.750,0.360,0.078,0.273,0.180,0.510,8861.730
173.640,-67.060,1766.696,254.180,-1.820,-0.035,-0.069,-0.000,0.070,8863.140
173.660,-67.904,1765.458,254.320,1.730,-0.043,0.237,-0.030,0.660,8864.550
173.680,-68.753,1764.214,255.750,-1.330,0.074,0.216,0.670,0.370,8865.970
173.700,-69.607,1762.962,257.470,1.890,-0.032,0.269,-0.120,-0.030,8867.400
173.720,-70.461,1761.710,257.560,-0.840,-0.000,0.264,-0.290,0.050,8868.830
173.740,-71.315,1760.458,257.480,-0.850,0.081,-0.006,-0.410,-0.250,8870.260
173.760,-72.174,1759.200,258.920,-0.400,-0.046,0.268,-0.090,0.050,8871.700
173.780,-73.027,1757.950,256.940,-0.440,-0.012,-0.038,-0.370,-0.290,8873.130
173.800,-73.883,1756.695,258.250,-0.610,-0.031,0.267,-0.430,0.400,8874.570
173.820,-74.741,1755.438,258.620,-0.370,-0.016,0.242,-0.440,-0.100,8876.000
173.840,-75.596,1754.185,257.820,0.090,0.002,-0.047,-0.420,0.110,8877.430
173.860,-76.468,1752.909,262.800,-0.900,0.067,0.278,-0.380,-0.680,8878.890
173.880,-77.319,1751.662,256.390,0.840,0.082,-0.075,0.200,-0.080,8880.320
173.900,-78.187,1750.391,261.770,1.410,0.008,0.301,-0.980,-0.110,8881.770
173.920,-79.054,1749.121,261.390,-1.940,-0.036,-0.031,-0.350,0.280,8883.230
173.940,-79.922,1747.851,261.680,1.860,0.034,0.311,-0.050,0.160,8884.680
173.960,-80.787,1746.584,260.900,0.770,0.000,-0.085,0.570,0.310,8886.130
173.980,-81.659,1745.307,263.030,0.260,0.002,0.215,-0.120,0.130,8887.590
174.000,-82.524,1744.041,260.640,-0.570,-0.052,-0.039,-0.080,0.370,8889.040
174.020,-83.393,1742.768,262.180,0.170,-0.081,0.254,-0.040,0.130,8890.490
174.040,-84.262,1741.496,261.990,0.900,-0.001,-0.064,-0.910,-0.410,8891.950
174.060,-85.131,1740.224,261.810,2.610,-0.053,-0.088,0.330,-0.030,8893.400
174.080,-86.002,1738.950,262.620,2.190,-0.027,0.242,0.310,-0.010,8894.860
174.100,-86.868,1737.681,261.290,-1.530,0.074,-0.043,0.410,-0.980,8896.310
174.120,-87.737,1736.408,262.000,-0.210,-0.004,0.211,1.250,-0.300,8897.770
174.140,-88.618,1735.120,265.650,0.080,0.055,0.238,-0.650,0.610,8899.250
174.160,-89.507,1733.821,267.880,1.340,0.015,0.261,-0.740,-0.080,8900.730
174.180,-90.384,1732.538,264.620,-0.080,0.029,-0.026,0.350,-0.030,8902.200
174.200,-91.264,1731.250,265.370,-0.760,-0.028,0.241,-0.170,-0.650,8903.680
174.220,-92.142,1729.966,264.780,0.050,0.058,-0.074,-0.490,-0.400,8905.150
174.240,-93.022,1728.679,265.370,-0.390,0.016,0.253,-0.140,0.150,8906.620
174.260,-93.904,1727.389,265.780,0.990,-0.013,0.244,-0.310,-0.140,8908.100
174.280,-94.788,1726.096,266.800,2.390,0.016,0.206,0.860,-0.330,8909.580
174.300,-95.676,1724.798,267.830,0.910,-0.036,0.236,1.130,0.390,8911.070
174.320,-96.553,1723.514,264.480,0.950,-0.015,-0.068,-0.820,-0.210,8912.540
174.340,-97.450,1722.205,270.330,1.240,-0.003,0.251,-0.740,-0.390,8914.040
174.360,-98.334,1720.912,266.580,0.450,-0.026,-0.072,-0.380,0.010,8915.520
174.380,-99.219,1719.618,266.860,-0.400,0.078,0.234,-0.340,-0.240,8917.010
174.400,-100.102,1718.327,266.310,-0.300,-0.021,-0.055,-0.390,-0.240,8918.490
174.420,-100.986,1717.034,266.600,1.100,0.104,0.269,-0.100,-0.020,8919.970
174.440,-101.876,1715.733,268.420,0.290,0.003,0.253,-0.220,-0.190,8921.460
174.460,-102.767,1714.431,268.730,-0.980,-0.012,0.330,-0.680,-0.500,8922.950
174.480,-103.658,1713.128,268.900,1.310,-0.025,0.212,-0.510,0.170,8924.440
174.500,-104.546,1711.830,267.650,-0.770,0.021,-0.023,0.770,0.260,8925.930
174.520,-105.423,1710.547,264.560,-1.130,0.045,-0.052,-0.180,-0.080,8927.400
174.540,-106.306,1709.256,266.200,-0.880,-0.127,0.208,-0.200,0.190,8928.880
174.560,-107.199,1707.951,269.200,0.310,0.000,0.239,-0.760,-0.110,8930.380
174.580,-108.094,1706.644,269.960,0.970,-0.099,0.205,-0.230,-0.570,8931.880
174.600,-108.986,1705.340,269.110,0.250,0.049,-0.048,0.480,0.270,8933.370
174.620,-109.878,1704.036,268.980,-0.560,0.050,-0.059,0.300,-0.030,8934.860
174.640,-110.775,1702.725,270.740,-0.810,0.002,0.229,0.410,0.050,8936.370
174.660,-111.672,1701.415,270.420,0.770,0.010,-0.082,-0.600,-0.030,8937.870
174.680,-112.568,1700.106,270.150,-0.090,-0.071,-0.019,-0.610,-0.050,8939.370
174.700,-113.459,1698.804,268.720,0.340,-0.027,-0.055,0.570,0.040,8940.860
174.720,-114.354,1697.495,270.160,-0.140,-0.031,0.256,0.410,0.050,8942.370
174.740,-115.260,1696.173,273.100,0.300,-0.022,0.255,-0.130,0.380,8943.880
174.760,-116.157,1694.863,270.540,0.390,0.044,-0.047,0.430,0.130,8945.390
174.780,-117.063,1693.540,273.260,2.430,0.064,0.240,-0.600,0.350,8946.900
174.800,-117.973,1692.212,274.630,0.400,0.031,0.296,-0.620,0.450,8948.430
174.820,-118.873,1690.896,271.640,-0.390,-0.016,0.017,-0.810,-0.480,8949.940
174.840,-119.777,1689.577,272.440,0.180,-0.037,0.293,0.180,0.380,8951.450
174.860,-120.688,1688.248,274.870,-0.950,0.005,0.251,0.110,0.200,8952.980
174.880,-121.601,1686.915,275.520,-0.960,0.015,0.249,-0.260,0.150,8954.510
174.900,-122.506,1685.593,272.980,1.250,-0.011,-0.017,-0.390,0.300,8956.030
174.920,-123.407,1684.277,271.800,0.300,-0.033,-0.073,1.210,-0.080,8957.540
174.940,-124.323,1682.941,276.390,1.120,0.031,0.301,-0.130,0.180,8959.070
174.960,-125.237,1681.607,275.670,-1.620,0.036,-0.026,0.690,-0.320,8960.600
174.980,-126.151,1680.274,275.670,-0.980,-0.066,0.242,-0.070,-0.420,8962.140
175.000,-127.068,1678.936,276.730,0.300,-0.019,0.258,-0.250,0.160,8963.670
175.020,-127.976,1677.610,273.860,-0.820,0.039,-0.031,0.710,-0.020,8965.190
175.040,-128.893,1676.273,276.500,-1.420,0.049,0.237,0.390,-0.000,8966.730
175.060,-129.807,1674.939,275.770,-1.080,0.003,-0.019,-0.010,-0.240,8968.260
175.080,-130.726,1673.598,277.380,-0.320,0.018,0.288,0.570,0.120,8969.800
175.100,-131.647,1672.255,277.960,0.410,0.013,0.242,1.260,-0.130,8971.350
175.120,-132.570,1670.908,278.500,1.720,0.048,0.236,-0.370,-0.010,8972.890
175.140,-133.493,1669.564,278.220,-1.050,-0.055,-0.053,0.240,-0.150,8974.440
175.160,-134.414,1668.220,277.980,-1.000,0.013,-0.085,-0.200,-0.240,8975.980
175.180,-135.336,1666.875,278.310,-1.450,-0.044,0.200,-0.470,-0.060,8977.530
175.200,-136.260,1665.528,278.710,0.570,0.054,0.237,-0.480,0.360,8979.080
175.220,-137.180,1664.186,277.510,0.120,-0.053,-0.079,0.800,-0.140,8980.620
175.240,-138.102,1662.841,278.170,-0.960,0.020,0.303,-0.910,-0.040,8982.170
175.260,-139.029,1661.490,279.610,-0.830,-0.044,0.236,0.250,-0.080,8983.720
175.280,-139.958,1660.136,280.260,-0.120,0.038,0.264,-0.410,-0.190,8985.280
175.300,-140.881,1658.790,278.590,-0.070,0.022,-0.069,0.890,0.370,8986.820
175.320,-141.803,1657.445,278.230,-1.040,0.012,0.003,-0.140,-0.410,8988.370
175.340,-142.723,1656.103,277.610,0.180,0.098,-0.056,-0.180,-0.030,8989.910
175.360,-143.646,1654.756,278.520,-1.380,-0.035,0.213,0.780,-0.250,8991.460
175.380,-144.574,1653.404,279.880,0.050,0.046,0.270,0.440,0.170,8993.010
175.400,-145.503,1652.050,280.300,-0.180,0.059,0.258,0.280,0.040,8994.570
175.420,-146.434,1650.693,280.830,0.400,0.046,0.286,0.400,0.350,8996.130
175.440,-147.361,1649.342,279.720,1.210,-0.034,-0.055,-0.540,0.220,8997.690
175.460,-148.286,1647.993,279.090,-0.370,-0.012,-0.047,0.370,0.020,8999.240
175.480,-149.221,1646.630,282.280,0.000,-0.030,0.205,-0.100,0.220,9000.800
175.500,-150.158,1645.266,282.560,-1.980,-0.015,0.275,0.180,0.250,9002.370
175.520,-151.097,1643.897,283.590,1.970,-0.042,0.252,0.240,-0.270,9003.950
175.540,-152.039,1642.525,284.160,-1.860,-0.018,0.246,-0.560,0.230,9005.530
175.560,-152.979,1641.155,283.800,-0.080,0.073,-0.057,0.300,0.090,9007.110
175.580,-153.919,1639.786,283.670,-2.550,-0.016,-0.058,-0.090,0.150,9008.680
175.600,-154.864,1638.410,285.090,-0.830,0.005,0.275,-0.620,-0.120,9010.260
175.620,-155.812,1637.030,286.190,1.740,-0.036,0.222,-0.070,-0.260,9011.850
175.640,-156.751,1635.662,283.320,1.140,-0.001,-0.028,0.010,-0.310,9013.430
175.660,-157.698,1634.283,285.780,0.990,0.041,0.202,0.300,-1.020,9015.020
175.680,-158.639,1632.913,283.960,-0.190,0.024,-0.107,-1.190,-0.210,9016.590
175.700,-159.585,1631.535,285.510,1.650,0.071,0.292,0.190,0.730,9018.180
175.720,-160.536,1630.150,287.070,0.260,-0.060,0.219,-0.260,0.250,9019.780
175.740,-161.482,1628.774,285.330,0.690,-0.038,-0.047,0.400,0.100,9021.360
175.760,-162.425,1627.400,284.600,2.650,-0.021,-0.058,-0.000,0.290,9022.940
175.780,-163.371,1626.022,285.620,1.090,0.076,0.260,-0.170,-0.080,9024.530
175.800,-164.316,1624.646,285.160,-0.070,0.015,-0.048,-0.090,-0.120,9026.110
175.820,-165.262,1623.270,285.250,0.510,-0.071,0.281,0.170,-0.090,9027.700
175.840,-166.219,1621.877,288.960,1.400,0.055,0.207,0.450,-0.220,9029.300
175.860,-167.174,1620.487,288.230,0.620,0.005,-0.030,-0.450,-0.200,9030.900
175.880,-168.124,1619.105,286.630,0.780,0.045,-0.052,-0.170,-0.000,9032.500
175.900,-169.073,1617.722,286.510,1.290,0.079,-0.096,0.730,0.020,9034.090
175.920,-170.024,1616.339,286.900,2.530,-0.049,0.234,-0.180,0.400,9035.680
175.940,-170.976,1614.952,287.470,-0.930,0.079,0.202,0.180,0.310,9037.280
175.960,-171.939,1613.552,290.560,0.700,-0.004,0.200,-0.620,-0.450,9038.890
175.980,-172.896,1612.159,288.950,0.460,-0.021,-0.063,-0.860,-0.090,9040.500
176.000,-173.865,1610.750,292.590,-0.390,0.008,0.286,-0.520,-0.330,9042.120
176.020,-174.825,1609.354,289.610,-0.650,-0.060,-0.041,-0.340,-0.780,9043.730
176.040,-175.783,1607.960,289.090,1.650,-0.001,-0.011,0.520,0.030,9045.340
176.060,-176.749,1606.555,291.630,-1.020,-0.012,0.252,0.570,0.170,9046.960
176.080,-177.703,1605.167,288.010,-1.410,-0.047,-0.004,-0.960,0.020,9048.560
176.100,-178.667,1603.764,291.080,-0.560,-0.032,0.293,-0.270,0.130,9050.180
176.120,-179.626,1602.370,289.260,-1.780,0.057,-0.078,0.350,-0.100,9051.780
176.140,-180.580,1600.981,288.090,-0.850,-0.009,-0.048,-0.050,-0.310,9053.380
176.160,-181.546,1599.576,291.460,-1.050,-0.049,0.228,0.750,-0.110,9055.000
176.180,-182.517,1598.164,293.170,0.090,0.022,0.246,0.340,0.410,9056.630
176.200,-183.486,1596.755,292.520,1.450,0.038,-0.000,-0.130,0.110,9058.260
176.220,-184.455,1595.346,292.620,-0.590,-0.000,0.231,-0.090,-0.460,9059.880
176.240,-185.412,1593.953,288.860,0.870,-0.062,-0.086,-0.030,0.040,9061.490
176.260,-186.382,1592.543,292.810,0.750,-0.127,0.216,-0.420,0.380,9063.110
176.280,-187.353,1591.131,293.110,-2.220,-0.045,0.238,0.470,0.230,9064.740
176.300,-188.329,1589.713,294.540,-0.550,0.053,0.362,0.370,0.390,9066.380
176.320,-189.297,1588.305,292.300,-0.380,0.048,-0.006,0.230,-0.450,9068.000
176.340,-190.276,1586.883,295.410,0.380,-0.040,0.164,0.120,0.040,9069.640
176.360,-191.249,1585.469,293.680,0.570,-0.012,-0.051,-0.510,-0.100,9071.280
176.380,-192.224,1584.052,294.280,0.330,0.035,0.231,0.250,0.180,9072.910
176.400,-193.203,1582.629,295.800,-0.890,-0.007,0.280,0.060,-0.250,9074.550
176.420,-194.176,1581.215,293.510,-0.630,0.047,-0.085,1.000,-0.260,9076.180
176.440,-195.159,1579.787,296.810,-1.500,-0.005,0.219,-0.650,-0.000,9077.830
176.460,-196.132,1578.372,293.820,0.070,0.024,-0.067,-0.360,-0.280,9079.470
176.480,-197.116,1576.943,297.120,-0.370,-0.016,0.229,-0.790,0.080,9081.120
176.500,-198.097,1575.518,296.060,0.530,-0.039,-0.030,-0.110,-0.610,9082.760
176.520,-199.079,1574.091,296.460,0.700,0.058,0.240,-0.870,0.350,9084.410
176.540,-200.047,1572.683,292.380,-0.330,-0.075,-0.020,0.590,-0.840,9086.030
176.560,-201.029,1571.256,296.370,0.280,-0.030,0.226,0.550,0.270,9087.680
176.580,-202.014,1569.826,297.220,-0.220,-0.005,0.276,-0.080,-0.170,9089.330
176.600,-203.008,1568.383,300.140,-1.110,0.043,0.215,-0.510,-0.430,9091.000
176.620,-203.995,1566.949,298.040,-0.800,-0.044,-0.032,-0.760,0.050,9092.650
176.640,-204.980,1565.519,297.400,-2.270,0.006,-0.065,-0.350,0.270,9094.310
176.660,-205.973,1564.076,299.910,-0.400,-0.069,0.277,0.310,0.350,9095.970
176.680,-206.961,1562.642,298.180,-0.590,0.022,-0.123,-0.390,0.340,9097.630
176.700,-207.957,1561.196,300.770,-1.100,0.091,0.227,0.950,-0.260,9099.300
176.720,-208.950,1559.754,299.890,0.820,-0.098,-0.015,0.750,0.060,9100.960
176.740,-209.938,1558.318,298.430,0.530,-0.036,-0.056,0.000,-0.530,9102.620
176.760,-210.937,1556.869,301.470,0.550,0.042,0.199,-0.230,0.020,9104.300
176.780,-211.935,1555.421,301.250,0.690,0.147,-0.071,-0.280,0.100,9105.970
176.800,-212.935,1553.970,301.970,-0.000,0.029,0.262,0.800,-0.110,9107.650
176.820,-213.930,1552.525,300.630,-0.010,-0.036,-0.074,-0.330,-0.550,9109.320
176.840,-214.931,1551.073,302.090,0.830,-0.007,0.285,0.470,-0.180,9111.000
176.860,-215.938,1549.611,304.350,0.670,-0.061,0.283,0.010,0.570,9112.690
176.880,-216.939,1548.159,302.010,1.030,0.040,-0.030,0.360,0.120,9114.370
176.900,-217.937,1546.710,301.430,-0.040,0.052,-0.019,-0.410,-0.150,9116.040
176.920,-218.946,1545.247,304.630,-0.990,0.070,0.235,-0.170,-0.050,9117.730
176.940,-219.951,1543.788,303.590,0.240,-0.017,-0.005,-0.010,0.120,9119.420
176.960,-220.952,1542.336,302.200,-0.580,-0.040,-0.018,-0.320,-0.460,9121.100
176.980,-221.964,1540.867,305.750,0.650,0.075,0.246,0.620,-0.450,9122.800
177.000,-222.963,1539.418,301.630,0.290,0.069,-0.099,-0.380,-0.220,9124.470
177.020,-223.971,1537.955,304.510,0.050,-0.049,0.179,-0.290,-0.150,9126.160
177.040,-224.984,1536.487,305.710,-0.390,-0.019,0.280,0.680,0.540,9127.860
177.060,-225.997,1535.018,305.880,1.000,0.039,0.202,0.580,0.020,9129.560
177.080,-227.001,1533.561,303.210,0.920,-0.013,-0.078,0.790,-0.160,9131.250
177.100,-228.004,1532.105,302.980,-0.560,0.002,-0.036,-0.950,0.020,9132.930
177.120,-229.016,1530.638,305.460,-1.230,-0.073,0.211,0.100,-0.610,9134.630
177.140,-230.030,1529.166,306.460,0.180,-0.056,0.323,0.050,-0.270,9136.330
177.160,-231.037,1527.706,304.060,1.190,-0.005,-0.043,-0.280,-0.220,9138.020
177.180,-232.052,1526.234,306.410,-1.260,-0.035,0.294,0.160,-0.310,9139.720
177.200,-233.059,1524.774,304.050,0.470,-0.057,-0.019,-0.160,0.370,9141.410
177.220,-234.079,1523.295,308.110,-0.820,-0.016,0.174,0.080,0.200,9143.120
177.240,-235.092,1521.826,305.950,-1.020,-0.044,-0.028,1.700,-0.360,9144.820
177.260,-236.108,1520.352,306.840,0.930,0.001,0.250,0.160,-0.380,9146.530
177.280,-237.130,1518.871,308.660,0.650,0.050,0.248,0.180,-0.380,9148.240
177.300,-238.152,1517.389,308.800,-0.150,-0.015,0.249,0.410,-0.060,9149.960
177.320,-239.174,1515.908,308.640,0.790,-0.021,-0.018,0.090,0.060,9151.670
177.340,-240.200,1514.422,309.750,0.680,0.054,0.299,-0.550,0.120,9153.390
177.360,-241.223,1512.938,309.100,-1.490,0.037,-0.086,-0.820,-0.300,9155.110
177.380,-242.253,1511.447,310.940,0.080,0.040,0.252,-0.010,-0.050,9156.840
177.400,-243.268,1509.975,306.480,1.410,-0.126,-0.008,-0.130,-0.020,9158.540
177.420,-244.291,1508.491,309.240,0.470,-0.022,0.244,-0.980,0.360,9160.260
177.440,-245.316,1507.006,309.460,-2.620,-0.029,0.256,0.810,0.230,9161.980
177.460,-246.341,1505.521,309.560,-1.070,-0.041,0.257,0.050,-0.430,9163.700
177.480,-247.370,1504.029,310.920,1.000,0.053,0.313,0.720,-0.570,9165.420
177.500,-248.399,1502.538,310.770,-0.560,-0.027,-0.028,-1.120,-0.030,9167.150
177.520,-249.432,1501.042,311.970,1.120,-0.070,0.312,0.730,-0.190,9168.880
177.540,-250.456,1499.558,309.240,2.050,0.012,0.002,-0.240,-0.290,9170.600
177.560,-251.498,1498.049,314.730,-0.240,-0.000,0.243,0.630,-0.230,9172.350
177.580,-252.527,1496.558,310.990,-0.620,-0.046,-0.041,0.110,0.170,9174.080
177.600,-253.561,1495.060,312.290,-1.010,0.051,0.312,0.230,-0.450,9175.810
177.620,-254.594,1493.564,311.830,0.760,0.027,-0.084,0.230,0.550,9177.550
177.640,-255.628,1492.066,312.540,-0.600,0.026,0.273,-0.210,-0.220,9179.280
177.660,-256.661,1490.570,311.900,-0.400,0.024,-0.027,-0.320,0.190,9181.010
177.680,-257.698,1489.068,313.290,-1.110,0.054,0.242,-0.180,-0.200,9182.750
177.700,-258.738,1487.562,314.130,-0.430,-0.008,0.239,-0.740,-0.460,9184.500
177.720,-259.764,1486.075,309.940,-0.710,-0.062,-0.057,-0.240,-0.040,9186.220
177.740,-260.801,1484.572,313.330,-1.980,-0.010,0.271,-0.350,-0.380,9187.960
177.760,-261.839,1483.069,313.550,-0.840,-0.083,0.294,-0.750,0.040,9189.700
177.780,-262.892,1481.546,317.870,0.750,-0.053,0.272,0.230,-0.010,9191.470
177.800,-263.938,1480.032,315.950,1.350,0.081,-0.088,0.000,-0.210,9193.230
177.820,-264.987,1478.513,317.200,-0.110,-0.055,0.295,0.120,0.050,9194.990
177.840,-266.034,1476.998,316.060,0.030,-0.059,-0.014,0.350,0.310,9196.740
177.860,-267.079,1475.485,315.630,0.290,0.033,-0.057,-0.120,-0.030,9198.500
177.880,-268.126,1473.970,316.330,1.960,0.043,0.230,-0.470,-0.220,9200.250
177.900,-269.177,1472.448,317.750,-1.010,-0.083,0.223,0.150,0.120,9202.020
177.920,-270.233,1470.920,318.970,-1.260,0.012,0.282,-1.460,0.130,9203.790
177.940,-271.283,1469.401,317.080,-0.050,-0.027,-0.106,-0.050,-0.090,9205.550
177.960,-272.329,1467.887,315.980,0.390,0.017,-0.017,0.380,0.410,9207.310
177.980,-273.383,1466.361,318.580,-0.030,-0.015,0.236,0.520,-0.090,9209.080
178.000,-274.430,1464.846,316.190,-1.360,-0.068,-0.041,-0.260,0.450,9210.840
178.020,-275.484,1463.321,318.340,0.880,-0.024,0.147,-1.120,-0.200,9212.600
178.040,-276.540,1461.793,319.060,-0.140,0.031,0.197,-1.320,0.260,9214.380
178.060,-277.593,1460.269,318.150,0.550,0.097,-0.070,0.320,-0.070,9216.140
178.080,-278.643,1458.749,317.240,1.550,0.019,-0.077,-0.180,0.080,9217.910
178.100,-279.696,1457.225,318.190,-1.460,-0.020,0.273,1.010,-0.610,9219.670
178.120,-280.751,1455.699,318.680,-1.720,-0.059,0.259,-0.710,0.650,9221.440
178.140,-281.803,1454.176,317.860,0.570,-0.008,0.008,0.170,0.100,9223.210
178.160,-282.860,1452.648,319.140,-2.030,-0.019,0.265,0.830,0.310,9224.980
178.180,-283.912,1451.125,317.820,-0.400,0.015,-0.070,0.100,-0.410,9226.750
178.200,-285.011,1449.621,72.350,3.390,-0.657,-0.054,0.070,-1.530,9227.150
178.220,-286.148,1448.147,72.680,-2.100,-0.682,0.175,-0.220,0.880,9227.560
178.240,-287.323,1446.704,73.130,-1.810,-0.670,0.331,-0.620,1.810,9227.960
178.260,-288.534,1445.294,74.320,0.790,-0.672,0.810,-1.160,5.730,9228.370
178.280,-289.780,1443.917,75.360,-0.430,-0.678,0.958,-1.680,3.410,9228.790
178.300,-291.061,1442.574,76.460,-0.680,-0.695,1.186,-2.270,5.050,9229.220
178.320,-292.376,1441.267,77.780,-2.660,-0.716,1.323,-2.810,7.280,9229.650
178.340,-293.723,1439.995,78.830,-0.010,-0.725,1.339,-3.450,6.200,9230.090
178.360,-295.102,1438.761,80.170,-2.300,-0.763,1.592,-4.080,9.400,9230.530
178.380,-296.512,1437.565,81.490,-2.770,-0.752,1.693,-4.730,7.210,9230.990
178.400,-297.951,1436.408,82.820,-4.930,-0.787,1.676,-5.400,10.260,9231.450
178.420,-299.419,1435.290,84.320,-1.550,-0.803,1.764,-6.040,10.870,9231.920
178.440,-300.914,1434.212,85.470,-4.340,-0.830,1.781,-6.720,8.580,9232.390
178.460,-302.435,1433.175,86.620,-4.210,-0.836,1.731,-7.380,8.360,9232.870
178.480,-303.981,1432.181,87.760,-2.240,-0.849,1.709,-7.990,8.520,9233.360
178.500,-305.552,1431.228,88.890,-7.240,-0.865,1.723,-8.680,8.990,9233.850
178.520,-307.145,1430.319,90.380,-5.880,-0.920,1.862,-9.380,8.540,9234.350
178.540,-308.760,1429.453,91.530,-9.400,-0.947,1.751,-10.070,9.770,9234.860
178.560,-310.395,1428.631,92.880,-7.920,-0.939,1.738,-10.740,8.710,9235.380
178.580,-312.050,1427.854,94.000,-4.890,-0.979,1.689,-11.400,9.950,9235.900
178.600,-313.723,1427.123,94.850,-11.150,-0.985,1.540,-12.060,5.180,9236.430
178.620,-315.412,1426.437,95.600,-8.200,-1.016,1.415,-12.780,7.310,9236.960
178.640,-317.117,1425.798,96.400,-6.090,-1.049,1.305,-13.490,8.190,9237.500
178.660,-318.836,1425.205,97.330,-8.830,-1.070,1.316,-14.150,5.030,9238.040
178.680,-320.568,1424.659,98.620,-11.730,-1.113,1.482,-14.780,8.060,9238.580
178.700,-322.311,1424.160,99.840,-13.440,-1.119,1.513,-15.430,8.450,9239.140
178.720,-324.065,1423.709,100.700,-15.730,-1.163,1.470,-16.070,10.060,9239.700
178.740,-325.828,1423.306,101.680,-9.400,-1.174,1.543,-16.720,7.240,9240.260
178.760,-327.599,1422.951,102.280,-14.030,-1.176,1.250,-17.410,7.040,9240.830
178.780,-329.376,1422.644,102.870,-17.450,-1.193,1.092,-18.100,5.370,9241.400
178.800,-331.158,1422.386,103.730,-16.560,-1.232,1.177,-18.740,6.370,9241.980
178.820,-332.944,1422.176,104.380,-17.340,-1.250,1.039,-19.390,8.560,9242.560
178.840,-334.732,1422.015,105.090,-16.850,-1.286,1.053,-20.090,6.220,9243.140
178.860,-336.522,1421.903,105.590,-11.760,-1.306,0.912,-20.730,4.740,9243.730
178.880,-338.311,1421.839,105.950,-15.340,-1.330,0.757,-21.370,5.040,9244.320
178.900,-340.098,1421.824,106.320,-16.870,-1.355,0.678,-22.020,4.310,9244.910
178.920,-341.883,1421.858,106.740,-16.100,-1.348,0.652,-22.670,4.320,9245.500
178.940,-343.663,1421.940,107.070,-15.490,-1.338,0.561,-23.380,3.830,9246.100
178.960,-345.438,1422.071,107.080,-18.730,-1.330,0.517,-24.020,3.720,9246.690
178.980,-347.206,1422.250,107.210,-17.540,-1.340,0.393,-24.700,2.270,9247.290
179.000,-348.966,1422.477,106.960,-22.300,-1.322,0.205,-25.320,3.460,9247.880
179.020,-350.716,1422.751,107.000,-23.270,-1.352,0.041,-25.750,1.380,9248.480
179.040,-352.455,1423.074,106.820,-24.060,-1.333,-0.010,-26.070,4.420,9249.070
179.060,-354.183,1423.443,106.150,-21.730,-1.323,-0.253,-26.270,3.060,9249.660
179.080,-355.896,1423.859,106.600,-27.890,-1.335,0.096,-26.490,3.620,9250.250
179.100,-357.596,1424.322,106.240,-20.210,-1.339,-0.201,-26.630,4.000,9250.840
179.120,-359.279,1424.831,105.840,-24.000,-1.322,-0.359,-26.700,1.150,9251.430
179.140,-360.945,1425.385,105.940,-21.510,-1.318,-0.141,-26.810,2.730,9252.020
179.160,-362.592,1425.984,105.360,-26.030,-1.319,-0.394,-26.930,6.600,9252.600
179.180,-364.220,1426.628,104.760,-21.080,-1.331,-0.398,-27.040,2.890,9253.180
179.200,-365.827,1427.316,104.470,-20.590,-1.347,-0.445,-27.160,7.660,9253.770
179.220,-367.412,1428.048,104.080,-23.180,-1.336,-0.514,-27.240,5.290,9254.340
179.240,-368.973,1428.822,103.660,-22.350,-1.350,-0.543,-27.340,5.380,9254.920
179.260,-370.510,1429.639,103.190,-25.450,-1.320,-0.577,-27.410,5.020,9255.490
179.280,-372.022,1430.496,102.880,-23.300,-1.346,-0.640,-27.480,6.500,9256.060
179.300,-373.506,1431.395,102.910,-21.460,-1.324,-0.356,-27.520,5.550,9256.640
179.320,-374.963,1432.334,102.180,-23.990,-1.314,-0.590,-27.610,4.670,9257.200
179.340,-376.392,1433.311,102.020,-20.330,-1.309,-0.422,-27.700,3.450,9257.770
179.360,-377.790,1434.328,101.940,-26.950,-1.302,-0.411,-27.740,1.910,9258.340
179.380,-379.157,1435.382,101.340,-24.020,-1.345,-0.462,-27.800,5.530,9258.900
179.400,-380.492,1436.472,100.990,-27.190,-1.326,-0.468,-27.890,4.390,9259.460
179.420,-381.794,1437.599,100.530,-22.680,-1.318,-0.538,-27.960,3.250,9260.020
179.440,-383.062,1438.760,99.760,-23.690,-1.307,-0.635,-28.050,3.960,9260.570
179.460,-384.295,1439.955,99.670,-23.590,-1.218,-0.649,-28.130,4.600,9261.130
179.480,-385.493,1441.184,99.260,-21.730,-1.240,-0.521,-28.160,2.830,9261.680
179.500,-386.653,1442.444,98.740,-23.730,-1.217,-0.607,-28.250,4.630,9262.230
179.520,-387.776,1443.735,98.050,-17.500,-1.220,-0.721,-28.350,2.530,9262.770
179.540,-388.861,1445.057,97.840,-21.460,-1.223,-0.651,-28.420,3.920,9263.320
179.560,-389.906,1446.407,97.510,-23.000,-1.232,-0.642,-28.550,2.970,9263.860
179.580,-390.911,1447.785,97.240,-24.400,-1.187,-0.448,-28.610,4.240,9264.400
179.600,-391.876,1449.189,96.930,-24.850,-1.151,-0.435,-28.660,2.360,9264.940
179.620,-392.799,1450.620,96.330,-22.100,-1.156,-0.488,-28.680,3.180,9265.470
179.640,-393.680,1452.074,95.250,-23.930,-1.123,-0.758,-28.760,8.290,9266.000
179.660,-394.518,1453.552,95.000,-20.830,-1.136,-0.812,-28.840,6.410,9266.530
179.680,-395.313,1455.052,94.690,-22.930,-1.132,-0.641,-28.910,5.410,9267.050
179.700,-396.064,1456.573,94.430,-22.870,-1.105,-0.538,-28.930,6.040,9267.580
179.720,-396.770,1458.114,94.400,-22.470,-1.119,-0.341,-29.010,4.200,9268.100
179.740,-397.431,1459.673,93.970,-22.990,-1.121,-0.379,-29.150,1.460,9268.630
179.760,-398.046,1461.249,93.690,-22.110,-1.106,-0.506,-29.200,2.010,9269.150
179.780,-398.616,1462.841,93.310,-18.520,-1.092,-0.503,-29.310,-0.120,9269.660
179.800,-399.138,1464.448,92.580,-21.530,-1.100,-0.560,-29.400,4.460,9270.180
179.820,-399.615,1466.069,91.940,-21.720,-1.036,-0.820,-29.510,3.350,9270.690
179.840,-400.043,1467.701,91.950,-20.950,-1.050,-0.563,-29.490,3.220,9271.200
179.860,-400.425,1469.344,91.610,-22.620,-1.022,-0.469,-29.200,3.210,9271.710
179.880,-400.758,1470.997,91.650,-24.140,-1.009,-0.205,-28.720,1.820,9272.220
179.900,-401.044,1472.658,91.460,-27.970,-1.026,-0.413,-28.110,3.440,9272.730
179.920,-401.281,1474.326,91.720,-25.700,-1.015,-0.104,-27.440,1.970,9273.240
179.940,-401.470,1475.999,91.870,-19.710,-1.033,0.022,-26.730,1.570,9273.750
179.960,-401.611,1477.677,91.920,-20.030,-1.029,0.104,-25.960,0.100,9274.260
179.980,-401.702,1479.358,92.210,-20.600,-1.013,0.160,-25.180,2.950,9274.770
180.000,-401.746,1481.040,92.400,-15.080,-1.029,0.062,-24.390,5.540,9275.280
180.020,-401.740,1482.722,92.390,-19.330,-1.022,0.042,-23.570,2.600,9275.800
180.040,-401.685,1484.404,92.590,-23.420,-1.037,0.249,-22.670,6.350,9276.310
180.060,-401.582,1486.083,92.920,-16.620,-1.036,0.284,-21.850,2.210,9276.830
180.080,-401.431,1487.758,93.310,-15.220,-1.038,0.278,-20.990,2.670,9277.340
180.100,-401.231,1489.428,93.410,-15.500,-1.050,0.313,-20.110,3.170,9277.860
180.120,-400.982,1491.091,93.920,-14.000,-1.091,0.433,-19.270,3.440,9278.390
180.140,-400.686,1492.747,93.850,-19.270,-1.069,0.110,-18.470,4.270,9278.910
180.160,-400.341,1494.394,93.680,-14.940,-1.028,-0.014,-17.660,-1.180,9279.430
180.180,-399.949,1496.031,93.640,-16.150,-1.033,0.079,-16.810,1.660,9279.950
180.200,-399.510,1497.656,93.940,-12.800,-1.054,0.293,-15.900,5.630,9280.470
180.220,-399.024,1499.268,94.230,-10.170,-1.055,0.256,-15.040,2.260,9280.990
180.240,-398.491,1500.865,94.510,-13.320,-1.039,0.143,-14.210,3.970,9281.520
180.260,-397.912,1502.448,94.620,-10.650,-1.025,0.153,-13.390,3.490,9282.040
180.280,-397.287,1504.013,95.340,-13.080,-1.025,0.516,-12.550,3.750,9282.570
180.300,-396.617,1505.560,95.780,-10.750,-1.038,0.568,-11.710,4.540,9283.110
180.320,-395.902,1507.089,95.640,-11.110,-1.042,0.294,-10.870,2.980,9283.640
180.340,-395.143,1508.597,95.790,-5.840,-1.056,0.250,-10.060,-0.200,9284.170
180.360,-394.340,1510.083,95.990,-10.970,-1.090,0.326,-9.230,4.010,9284.700
180.380,-393.495,1511.546,96.320,-7.990,-1.106,0.401,-8.370,2.690,9285.240
180.400,-392.606,1512.985,96.170,-4.780,-1.116,0.215,-7.550,0.920,9285.770
180.420,-391.676,1514.399,96.080,-10.750,-1.110,0.025,-6.710,2.890,9286.310
180.440,-390.706,1515.787,96.160,-5.330,-1.148,0.146,-5.850,3.290,9286.840
180.460,-389.694,1517.148,96.820,-5.310,-1.134,0.323,-4.980,4.870,9287.380
180.480,-388.644,1518.480,96.940,-6.220,-1.175,0.254,-4.100,2.850,9287.920
180.500,-387.554,1519.782,97.370,-1.770,-1.160,0.348,-3.300,4.830,9288.460
180.520,-386.427,1521.054,97.700,-0.110,-1.136,0.413,-2.480,3.750,9289.000
180.540,-385.262,1522.294,97.850,-1.550,-1.124,0.385,-1.590,4.110,9289.540
180.560,-384.911,1522.608,98.490,0.720,-0.109,-0.006,-0.040,-0.130,9290.090
180.580,-384.568,1522.913,96.360,-2.070,0.015,-0.067,-0.420,0.320,9290.620
180.600,-384.213,1523.231,99.420,-0.890,0.080,0.279,0.500,0.140,9291.170
180.620,-383.858,1523.549,99.520,0.250,0.005,0.275,0.110,-0.060,9291.730
180.640,-383.503,1523.867,99.460,-1.580,-0.010,-0.041,0.360,0.330,9292.280
180.660,-383.145,1524.190,100.540,0.360,-0.010,0.255,0.240,0.130,9292.840
180.680,-382.771,1524.530,104.700,-0.660,0.073,0.267,-0.450,-0.010,9293.420
180.700,-382.419,1524.844,98.500,-0.780,-0.080,-0.038,0.660,0.150,9293.970
180.720,-382.056,1525.171,101.690,0.510,-0.020,0.307,-0.110,0.160,9294.530
180.740,-381.686,1525.506,103.610,0.170,0.042,0.279,-0.180,-0.330,9295.110
180.760,-381.326,1525.831,101.030,-1.120,0.016,-0.029,0.110,0.710,9295.670
180.780,-380.955,1526.168,103.960,1.120,0.059,0.282,0.120,0.020,9296.250
180.800,-380.582,1526.506,104.360,0.510,0.034,0.271,1.300,0.030,9296.830
180.820,-380.218,1526.835,102.030,-2.010,-0.024,-0.112,0.300,-0.530,9297.390
180.840,-379.846,1527.172,104.040,-0.300,0.029,0.246,-0.240,0.040,9297.970
180.860,-379.460,1527.526,108.100,0.370,-0.066,0.231,0.950,0.050,9298.570
180.880,-379.090,1527.861,103.540,-0.110,-0.101,-0.040,-0.820,-0.340,9299.150
180.900,-378.712,1528.206,105.770,-3.320,-0.031,0.233,-0.240,-0.310,9299.740
180.920,-378.331,1528.554,106.690,0.060,0.004,0.268,-0.280,-0.270,9300.330
180.940,-377.947,1528.905,107.450,0.760,-0.041,0.237,-0.000,-0.090,9300.920
180.960,-377.563,1529.256,107.330,-0.080,0.009,0.001,0.170,0.060,9301.520
180.980,-377.175,1529.612,108.570,0.060,0.003,0.300,0.220,-0.070,9302.120
181.000,-376.786,1529.970,108.900,1.020,-0.093,0.207,0.210,0.090,9302.730
181.020,-376.390,1530.334,110.530,-1.580,-0.027,0.260,0.310,0.200,9303.340
181.040,-375.992,1530.701,111.230,0.740,0.047,0.236,-0.030,0.160,9303.960
181.060,-375.595,1531.068,111.130,0.340,0.024,-0.042,0.640,0.110,9304.580
181.080,-375.197,1531.435,111.330,-1.620,-0.035,0.268,-0.810,0.090,9305.200
181.100,-374.806,1531.794,109.130,0.700,0.031,-0.088,-1.280,0.090,9305.800
181.120,-374.405,1532.165,112.160,1.810,0.088,0.221,0.370,-0.040,9306.430
181.140,-373.996,1532.544,114.160,0.330,-0.021,0.225,-0.170,-0.200,9307.060
181.160,-373.601,1532.909,110.580,0.550,0.037,-0.067,0.860,-0.030,9307.670
181.180,-373.202,1533.277,111.520,-1.070,0.029,0.234,0.520,0.200,9308.290
181.200,-372.785,1533.665,116.240,-0.620,-0.024,0.274,0.290,0.190,9308.940
181.220,-372.384,1534.037,112.260,-1.020,-0.057,-0.043,-0.240,0.150,9309.560
181.240,-371.973,1534.419,114.860,0.400,0.083,0.224,0.340,-0.140,9310.200
181.260,-371.562,1534.801,114.690,-0.520,0.054,-0.060,-0.200,-0.060,9310.840
181.280,-371.139,1535.197,118.170,-0.580,-0.014,0.179,0.030,-0.060,9311.500
181.300,-370.720,1535.588,116.980,0.700,0.061,0.011,-0.160,-0.180,9312.150
181.320,-370.296,1535.984,118.220,1.670,0.028,0.251,0.130,0.270,9312.800
181.340,-369.875,1536.378,117.620,-0.090,0.060,-0.020,-0.130,-0.550,9313.460
181.360,-369.441,1536.786,121.040,-1.570,-0.090,0.274,0.500,0.610,9314.130
181.380,-369.020,1537.179,117.430,0.040,-0.020,-0.051,0.230,0.620,9314.780
181.400,-368.592,1537.581,119.570,0.190,0.079,0.179,-0.250,0.020,9315.450
181.420,-368.156,1537.991,121.440,0.830,0.133,0.233,-0.220,0.120,9316.120
181.440,-367.718,1538.404,122.290,-0.320,-0.019,0.261,-0.640,0.250,9316.800
181.460,-367.287,1538.809,120.170,0.880,-0.020,-0.048,-0.980,-0.230,9317.470
181.480,-366.864,1539.204,118.030,0.730,0.034,-0.019,0.470,0.170,9318.120
181.500,-366.431,1539.612,121.000,-0.300,0.017,0.250,-0.180,0.400,9318.790
181.520,-365.983,1540.036,124.700,0.820,0.027,0.305,-0.610,-0.540,9319.490
181.540,-365.548,1540.446,121.440,0.930,-0.108,-0.082,0.220,-0.430,9320.160
181.560,-365.105,1540.864,123.530,-1.090,-0.012,0.266,-0.360,0.230,9320.850
181.580,-364.663,1541.281,123.140,0.960,0.040,-0.081,-0.030,-0.080,9321.530
181.600,-364.219,1541.701,123.990,-0.120,-0.118,0.277,-0.650,-0.120,9322.220
181.620,-363.765,1542.133,126.580,-0.250,-0.081,0.227,0.320,-0.100,9322.920
181.640,-363.314,1542.559,125.490,-0.110,-0.089,-0.103,0.040,-0.340,9323.620
181.660,-362.853,1542.999,128.680,1.240,0.033,0.205,0.250,-0.120,9324.340
181.680,-362.395,1543.435,127.590,1.240,-0.046,-0.064,-0.210,-0.400,9325.050
181.700,-361.940,1543.867,126.820,0.480,-0.060,-0.003,0.120,0.390,9325.750
181.720,-361.484,1544.300,126.990,0.270,0.003,0.272,-0.730,0.040,9326.460
181.740,-361.024,1544.738,128.130,-0.100,-0.062,0.263,1.140,0.030,9327.170
181.760,-360.571,1545.168,126.290,2.700,0.023,-0.052,0.210,0.200,9327.870
181.780,-360.115,1545.601,127.060,-0.680,0.121,0.216,0.850,0.840,9328.570
181.800,-359.647,1546.048,130.290,-0.450,-0.018,0.222,-0.130,-0.320,9329.300
181.820,-359.177,1546.498,131.040,0.300,-0.097,0.233,-0.520,-0.550,9330.030
181.840,-358.717,1546.936,128.180,-0.910,-0.023,-0.069,-0.250,-0.010,9330.740
181.860,-358.243,1547.389,131.950,1.050,0.024,0.230,-0.020,-0.550,9331.470
181.880,-357.773,1547.839,130.910,-1.470,0.020,-0.079,-0.060,-0.100,9332.200
181.900,-357.304,1548.286,130.430,-0.710,0.042,-0.050,0.930,0.260,9332.920
181.920,-356.831,1548.739,131.710,-0.400,-0.030,0.227,-0.430,0.460,9333.660
181.940,-356.350,1549.201,134.020,-1.000,-0.014,0.284,-0.300,-0.470,9334.400
181.960,-355.868,1549.663,134.100,1.040,-0.123,0.284,0.360,-0.280,9335.140
181.980,-355.386,1550.126,134.140,-1.310,0.031,0.268,-0.790,0.110,9335.890
182.000,-354.902,1550.592,134.770,-0.960,-0.066,0.265,-0.020,0.230,9336.640
182.020,-354.424,1551.050,132.990,-0.680,0.010,-0.097,0.070,0.240,9337.380
182.040,-353.936,1551.520,136.030,0.840,-0.044,0.319,0.220,0.440,9338.130
182.060,-353.450,1551.987,135.030,1.450,-0.004,-0.058,0.170,0.220,9338.880
182.080,-352.950,1552.471,139.250,0.520,0.048,0.274,0.990,-0.040,9339.660
182.100,-352.461,1552.942,136.150,-1.310,-0.022,-0.025,-0.440,0.320,9340.410
182.120,-351.955,1553.432,140.570,-0.620,-0.037,0.219,-0.320,0.020,9341.190
182.140,-351.461,1553.909,137.490,1.570,0.000,-0.069,0.300,0.080,9341.960
182.160,-350.965,1554.388,138.100,0.030,-0.032,0.262,0.110,-0.150,9342.730
182.180,-350.467,1554.868,138.300,-1.450,-0.047,0.204,0.180,0.050,9343.490
182.200,-349.974,1555.344,137.360,2.190,0.093,-0.053,-0.700,-0.490,9344.260
182.220,-349.464,1555.839,141.740,-0.570,-0.093,0.178,1.090,0.310,9345.040
182.240,-348.959,1556.328,140.400,-0.070,0.033,-0.050,0.230,-0.300,9345.820
182.260,-348.449,1556.822,141.700,-0.680,-0.007,0.291,-0.790,-0.270,9346.610
182.280,-347.933,1557.325,143.690,-0.960,-0.041,0.250,0.310,-0.700,9347.410
182.300,-347.423,1557.819,141.580,1.300,0.017,-0.094,-0.550,-0.250,9348.200
182.320,-346.912,1558.315,142.140,0.200,0.002,0.233,0.460,-0.290,9348.990
182.340,-346.398,1558.815,143.000,0.320,0.066,0.268,-0.660,0.070,9349.780
182.360,-345.889,1559.308,141.360,-1.280,-0.057,-0.045,0.500,-0.390,9350.570
182.380,-345.382,1559.800,141.050,-0.300,-0.026,-0.036,-0.610,-0.130,9351.350
182.400,-344.871,1560.295,142.040,-0.620,0.051,0.245,-0.490,-0.200,9352.140
182.420,-344.344,1560.810,146.660,-0.830,-0.010,0.227,0.070,-0.530,9352.950
182.440,-343.822,1561.318,144.820,0.470,0.027,-0.046,-0.310,0.070,9353.760
182.460,-343.293,1561.834,146.990,-0.340,0.061,0.252,-0.280,-0.070,9354.570
182.480,-342.768,1562.346,145.930,0.690,0.028,-0.019,-0.760,0.010,9355.390
182.500,-342.249,1562.852,144.460,0.720,-0.031,-0.064,-0.160,0.250,9356.190
182.520,-341.714,1563.375,148.630,-0.440,-0.018,0.251,0.440,0.000,9357.010
182.540,-341.186,1563.890,146.500,0.450,0.061,-0.054,0.940,-0.100,9357.830
182.560,-340.649,1564.416,149.210,-0.460,0.008,0.318,0.410,0.280,9358.660
182.580,-340.108,1564.945,150.230,-0.790,-0.010,0.227,0.340,-0.100,9359.490
182.600,-339.571,1565.472,149.280,-1.060,0.019,-0.062,-0.840,-0.150,9360.320
182.620,-339.029,1566.003,150.560,0.090,-0.064,0.221,-0.010,0.200,9361.160
182.640,-338.495,1566.524,148.220,-0.740,-0.012,-0.011,-0.330,-0.230,9361.980
182.660,-337.936,1567.075,155.250,1.380,-0.004,0.291,-0.760,0.350,9362.840
182.680,-337.389,1567.613,152.030,1.630,-0.005,-0.057,-0.640,0.050,9363.690
182.700,-336.838,1568.155,153.040,0.470,-0.020,0.286,0.330,0.470,9364.540
182.720,-336.284,1568.699,153.780,0.240,-0.015,0.260,-0.280,-0.020,9365.390
182.740,-335.734,1569.240,152.670,0.020,-0.006,-0.029,-0.740,0.280,9366.240
182.760,-335.181,1569.783,153.500,2.370,0.073,0.220,-0.320,-0.490,9367.090
182.780,-334.621,1570.335,155.520,1.960,-0.110,0.255,0.140,0.380,9367.960
182.800,-334.067,1570.880,153.840,-0.200,0.035,0.006,-0.340,0.210,9368.810
182.820,-333.506,1571.432,155.490,-0.200,-0.004,0.294,-0.610,-0.190,9369.680
182.840,-332.944,1571.987,156.110,0.330,-0.003,0.274,-0.460,0.260,9370.540
182.860,-332.386,1572.536,154.810,-1.180,-0.020,-0.021,0.440,-0.380,9371.400
182.880,-331.820,1573.094,157.080,-1.800,0.025,0.323,-1.040,-0.150,9372.280
182.900,-331.264,1573.642,154.380,-1.340,0.048,-0.026,-0.130,-0.260,9373.130
182.920,-330.692,1574.207,158.800,-0.300,-0.095,0.230,-0.060,0.280,9374.020
182.940,-330.114,1574.779,160.280,-0.940,0.105,0.286,-0.380,0.370,9374.910
182.960,-329.538,1575.349,159.790,1.450,0.007,-0.052,-0.480,-0.130,9375.790
182.980,-328.957,1575.925,161.190,-1.470,0.005,0.265,0.490,-0.380,9376.690
183.000,-328.387,1576.489,158.300,-1.340,-0.070,-0.046,0.490,-0.290,9377.570
183.020,-327.812,1577.058,159.610,-1.830,-0.029,0.229,0.050,0.030,9378.460
183.040,-327.233,1577.631,160.640,-0.650,0.068,0.259,-0.270,0.010,9379.350
183.060,-326.652,1578.207,161.150,-0.400,0.003,0.279,0.060,-0.100,9380.240
183.080,-326.072,1578.781,160.810,-0.080,0.021,-0.028,0.200,-0.250,9381.140
183.100,-325.493,1579.354,160.600,-0.030,-0.023,-0.036,-0.060,0.490,9382.030
183.120,-324.898,1579.946,165.060,-0.620,0.099,0.244,0.220,-0.190,9382.950
183.140,-324.315,1580.524,161.730,-1.050,-0.008,-0.100,-0.180,-0.250,9383.840
183.160,-323.716,1581.120,165.970,0.420,0.057,0.249,-1.580,0.340,9384.770
183.180,-323.122,1581.710,164.730,-0.900,-0.008,-0.033,-0.100,-0.080,9385.680
183.200,-322.528,1582.301,164.800,0.780,0.017,0.185,0.340,0.150,9386.600
183.220,-321.930,1582.896,165.810,-1.480,0.018,0.248,0.020,-0.260,9387.520
183.240,-321.325,1583.499,167.790,-0.750,0.046,0.247,0.170,0.150,9388.450
183.260,-320.741,1584.079,162.070,2.040,0.037,-0.077,-0.140,0.220,9389.350
183.280,-320.138,1584.679,167.050,2.180,-0.024,0.273,-0.100,-0.330,9390.280
183.300,-319.535,1585.280,167.240,-1.360,0.058,0.278,0.090,-0.160,9391.210
183.320,-318.929,1585.883,167.800,1.210,-0.050,0.304,0.970,-0.270,9392.140
183.340,-318.318,1586.494,169.440,1.610,-0.059,0.249,0.420,-0.160,9393.080
183.360,-317.714,1587.096,167.620,1.060,-0.015,-0.011,0.350,0.480,9394.010
183.380,-317.110,1587.697,167.310,-0.070,0.020,-0.075,0.100,0.080,9394.940
183.400,-316.506,1588.299,167.470,-1.930,-0.051,0.239,-0.670,0.580,9395.870
183.420,-315.898,1588.906,168.690,0.080,-0.004,0.270,0.610,0.440,9396.810
183.440,-315.278,1589.525,171.580,0.410,-0.069,0.230,0.450,0.340,9397.760
183.460,-314.658,1590.146,171.810,0.240,-0.013,0.245,0.180,0.440,9398.720
183.480,-314.034,1590.770,172.890,0.480,0.049,0.275,-0.020,0.350,9399.680
183.500,-313.416,1591.388,171.380,-0.810,-0.042,-0.050,0.270,0.510,9400.630
183.520,-312.796,1592.009,171.950,-0.480,-0.061,0.222,-0.120,0.160,9401.590
183.540,-312.162,1592.645,175.560,-2.390,0.019,0.232,0.360,0.210,9402.560
183.560,-311.530,1593.279,175.110,0.890,-0.039,-0.058,-0.420,0.200,9403.530
183.580,-310.897,1593.913,175.210,-0.900,0.121,0.268,-0.960,-0.130,9404.510
183.600,-310.277,1594.533,171.850,-0.250,0.010,-0.060,-0.600,0.250,9405.460
183.620,-309.634,1595.179,178.030,0.250,0.051,0.177,0.070,0.380,9406.450
183.640,-309.001,1595.814,175.460,-0.560,-0.066,-0.026,-0.150,-0.180,9407.430
183.660,-308.364,1596.454,176.370,-1.070,0.023,0.269,-0.070,-0.260,9408.410
183.680,-307.724,1597.096,177.280,0.260,-0.050,0.218,-0.650,-0.170,9409.390
183.700,-307.084,1597.740,177.360,-1.780,-0.009,0.216,0.150,0.410,9410.380
183.720,-306.444,1598.383,177.360,0.770,-0.038,0.291,-0.520,-0.070,9411.360
183.740,-305.800,1599.030,178.340,0.660,0.052,0.243,0.250,-0.330,9412.350
183.760,-305.151,1599.683,179.580,-0.550,0.016,0.273,-0.710,-0.310,9413.350
183.780,-304.500,1600.339,180.410,-0.490,0.006,0.229,-0.420,-0.270,9414.350
183.800,-303.844,1600.999,181.470,-0.990,0.068,0.270,-0.490,-0.210,9415.360
183.820,-303.200,1601.647,178.500,-0.380,0.001,-0.078,0.290,-0.420,9416.350
183.840,-302.551,1602.301,179.830,-0.200,0.052,0.263,-0.230,0.180,9417.350
183.860,-301.892,1602.965,182.430,-0.320,0.090,0.261,0.210,-0.060,9418.360
183.880,-301.244,1603.616,179.300,1.450,0.007,-0.112,0.570,0.160,9419.360
183.900,-300.585,1604.281,182.410,-1.750,0.013,0.254,0.890,-0.690,9420.370
183.920,-299.930,1604.941,181.490,-0.910,0.048,-0.072,0.120,0.320,9421.380
183.940,-299.265,1605.612,184.000,0.730,0.072,0.283,-0.550,-0.020,9422.400
183.960,-298.606,1606.277,182.410,2.050,0.006,-0.043,0.630,0.150,9423.420
183.980,-297.943,1606.946,183.640,-0.860,-0.032,0.243,0.760,0.460,9424.440
184.000,-297.277,1607.618,184.250,1.010,0.043,0.296,-0.030,0.110,9425.460
184.020,-296.607,1608.296,185.560,-1.150,0.029,0.193,0.660,0.630,9426.490
184.040,-295.931,1608.980,187.140,-0.390,0.043,0.308,0.170,-0.560,9427.530
184.060,-295.252,1609.666,187.750,0.010,0.035,0.306,-0.830,-0.100,9428.570
184.080,-294.577,1610.350,187.020,-0.690,0.010,-0.062,-0.320,-0.540,9429.610
184.100,-293.906,1611.027,185.550,-0.420,0.013,-0.023,-0.250,0.090,9430.640
184.120,-293.214,1611.730,191.590,-1.360,0.035,0.265,-0.180,0.020,9431.710
184.140,-292.534,1612.418,188.100,0.670,-0.072,-0.125,-0.470,-0.330,9432.750
184.160,-291.851,1613.110,189.140,-0.900,0.066,0.247,-0.480,0.650,9433.800
184.180,-291.166,1613.805,189.600,-0.660,0.022,0.212,0.670,-0.110,9434.860
184.200,-290.478,1614.502,190.270,-0.780,-0.042,0.209,-0.870,-0.660,9435.920
184.220,-289.795,1615.193,188.970,-0.730,0.009,-0.059,-0.360,0.200,9436.960
184.240,-289.103,1615.895,191.410,0.140,0.066,0.242,0.310,0.210,9438.030
184.260,-288.402,1616.608,193.980,0.060,0.015,0.286,-0.280,-0.140,9439.110
184.280,-287.720,1617.299,188.740,2.520,-0.037,-0.073,0.200,0.240,9440.150
184.300,-287.025,1618.004,192.310,-0.250,-0.064,0.238,-0.200,-0.290,9441.220
184.320,-286.334,1618.705,191.080,-0.100,0.123,-0.009,0.220,-0.130,9442.280
184.340,-285.630,1619.421,194.760,1.340,-0.087,0.244,-0.520,0.120,9443.370
184.360,-284.923,1620.140,195.490,0.220,0.017,0.235,-0.930,0.280,9444.450
184.380,-284.222,1620.853,194.090,-0.100,-0.029,-0.024,-0.200,-0.070,9445.530
184.400,-283.517,1621.569,194.880,-0.130,0.052,0.266,-0.890,-0.140,9446.610
184.420,-282.816,1622.282,193.970,0.190,-0.061,-0.047,-0.030,-0.010,9447.690
184.440,-282.121,1622.987,192.260,0.970,0.080,-0.022,-0.570,-0.610,9448.760
184.460,-281.413,1623.708,195.900,1.350,-0.006,0.213,-0.560,-0.080,9449.850
184.480,-280.702,1624.431,196.490,1.030,-0.011,0.233,0.740,-0.590,9450.940
184.500,-279.989,1625.158,197.380,0.470,-0.016,0.310,0.140,-0.250,9452.040
184.520,-279.291,1625.866,192.900,0.210,-0.030,-0.141,-0.770,-0.430,9453.110
184.540,-278.584,1626.586,195.730,2.040,-0.018,0.230,-0.020,0.160,9454.190
184.560,-277.873,1627.309,196.600,-0.470,0.036,0.214,-0.070,-0.220,9455.290
184.580,-277.152,1628.045,199.460,0.700,-0.086,0.252,-1.030,0.370,9456.400
184.600,-276.426,1628.785,200.710,1.170,-0.037,0.268,0.170,-0.550,9457.510
184.620,-275.707,1629.517,198.600,1.040,0.075,-0.017,0.480,-0.070,9458.610
184.640,-274.983,1630.257,200.430,-0.760,-0.005,0.238,-0.210,0.030,9459.730
184.660,-274.257,1630.997,200.480,2.820,-0.029,0.222,-0.150,0.150,9460.840
184.680,-273.516,1631.755,204.900,1.670,-0.064,0.206,-0.280,0.650,9461.980
184.700,-272.786,1632.500,201.780,1.060,-0.059,-0.049,0.190,-0.590,9463.100
184.720,-272.055,1633.247,202.220,-1.010,0.049,0.314,-0.120,-0.230,9464.220
184.740,-271.324,1633.994,202.150,0.980,-0.041,-0.068,-0.100,0.600,9465.350
184.760,-270.597,1634.736,201.020,-2.310,0.040,-0.052,-0.400,-0.280,9466.460
184.780,-269.854,1635.496,205.350,-0.230,-0.049,0.254,1.020,0.130,9467.600
184.800,-269.114,1636.252,204.480,0.110,-0.006,-0.063,-0.130,-0.280,9468.740
184.820,-268.373,1637.010,204.810,-0.450,-0.003,0.293,0.350,-0.420,9469.880
184.840,-267.627,1637.774,206.170,1.580,-0.038,0.286,0.130,-0.240,9471.020
184.860,-266.889,1638.528,204.030,0.100,0.004,-0.025,-1.280,0.590,9472.160
184.880,-266.131,1639.306,209.560,-0.960,-0.106,0.279,-0.190,-0.350,9473.320
184.900,-265.390,1640.063,204.680,0.750,-0.004,-0.071,-0.580,-0.090,9474.460
184.920,-264.628,1640.845,210.580,0.400,0.022,0.216,0.490,-0.080,9475.630
184.940,-263.874,1641.618,208.400,-1.750,-0.042,-0.070,-0.630,0.270,9476.790
184.960,-263.120,1642.390,208.340,1.340,0.011,-0.042,0.250,0.340,9477.940
184.980,-262.359,1643.172,210.440,0.100,0.008,0.240,0.500,0.030,9479.110
185.000,-261.601,1643.949,209.410,0.990,0.010,-0.033,0.140,-0.960,9480.280
185.020,-260.834,1644.736,211.840,0.410,-0.067,0.253,0.000,-0.270,9481.450
185.040,-260.069,1645.521,211.410,-0.340,0.005,-0.090,-0.200,-0.360,9482.630
185.060,-259.300,1646.311,212.520,0.420,-0.086,0.287,-0.060,0.350,9483.810
185.080,-258.527,1647.106,213.510,-0.100,-0.031,0.235,-0.670,-0.280,9484.990
185.100,-257.759,1647.894,212.200,0.290,-0.000,-0.026,0.090,0.510,9486.170
185.120,-256.983,1648.692,214.410,0.600,0.010,0.225,0.530,0.120,9487.360
185.140,-256.207,1649.489,214.240,0.150,-0.060,-0.076,-0.440,0.340,9488.550
185.160,-255.425,1650.294,215.970,0.470,-0.014,0.222,0.010,0.680,9489.750
185.180,-254.651,1651.090,213.930,-0.370,0.040,-0.093,-0.050,-0.280,9490.940
185.200,-253.865,1651.898,217.030,-0.570,-0.049,0.208,0.160,-0.490,9492.150
185.220,-253.089,1652.696,214.330,0.770,-0.108,-0.039,-0.270,0.060,9493.340
185.240,-252.319,1653.488,212.980,1.450,0.026,-0.078,-0.750,0.290,9494.520
185.260,-251.542,1654.286,214.450,-0.520,-0.047,0.260,-0.560,-0.200,9495.710
185.280,-250.758,1655.093,216.500,0.320,-0.032,0.253,-1.160,0.010,9496.920
185.300,-249.970,1655.905,217.900,-1.410,0.007,0.276,0.390,0.370,9498.130
185.320,-249.180,1656.718,218.040,1.800,0.004,0.219,0.200,0.340,9499.340
185.340,-248.385,1657.538,219.700,1.150,0.051,0.282,-0.010,-0.170,9500.560
185.360,-247.598,1658.348,217.220,-0.580,-0.012,-0.077,-0.350,0.080,9501.770
185.380,-246.794,1659.178,222.110,-0.350,0.003,0.168,-0.080,-0.280,9503.000
185.400,-245.990,1660.008,222.050,1.210,-0.085,-0.044,-0.010,-0.430,9504.230
185.420,-245.186,1660.837,221.940,0.180,0.031,-0.076,-0.260,0.410,9505.470
185.440,-244.379,1661.671,222.940,0.630,-0.035,0.295,-0.240,-0.640,9506.700
185.460,-243.585,1662.489,219.220,-0.990,0.162,-0.041,0.650,0.060,9507.920
185.480,-242.777,1663.323,223.100,0.580,-0.011,0.247,-0.630,-0.110,9509.160
185.500,-241.967,1664.159,223.670,-0.150,0.021,0.256,0.500,0.160,9510.400
185.520,-241.154,1664.999,224.510,0.300,0.032,0.235,-0.810,-0.210,9511.650
185.540,-240.339,1665.841,224.840,-0.400,-0.004,0.301,0.800,0.340,9512.900
185.560,-239.525,1666.682,224.740,-0.210,0.022,-0.066,-1.190,-0.070,9514.150
185.580,-238.710,1667.525,225.180,0.100,0.113,0.264,0.230,0.440,9515.400
185.600,-237.888,1668.375,226.870,-0.590,-0.038,0.225,-0.330,0.070,9516.660
185.620,-237.074,1669.215,224.650,2.270,-0.112,-0.050,-0.080,-0.310,9517.910
185.640,-236.253,1670.064,226.640,-1.050,-0.065,0.213,-0.070,0.160,9519.170
185.660,-235.435,1670.910,225.770,0.500,0.050,-0.043,0.300,0.130,9520.420
185.680,-234.614,1671.759,226.870,0.300,-0.024,0.252,-0.980,-0.030,9521.680
185.700,-233.804,1672.596,223.600,0.760,0.117,-0.034,-0.020,-0.220,9522.930
185.720,-232.982,1673.445,226.800,-2.500,0.036,0.264,0.090,0.260,9524.190
185.740,-232.156,1674.300,227.960,-1.690,-0.033,0.251,-0.330,-0.290,9525.450
185.760,-231.329,1675.156,228.480,-0.550,-0.039,0.311,-0.060,-0.260,9526.720
185.780,-230.499,1676.016,229.120,0.920,-0.022,0.249,-0.330,0.160,9527.990
185.800,-229.671,1676.872,228.350,-0.260,-0.103,-0.049,0.280,-0.060,9529.260
185.820,-228.838,1677.735,230.140,-0.300,0.014,0.247,0.180,-0.590,9530.540
185.840,-227.994,1678.610,232.770,0.020,0.035,0.256,0.110,-0.290,9531.830
185.860,-227.157,1679.478,231.200,-0.840,-0.048,-0.059,0.330,0.120,9533.120
185.880,-226.308,1680.358,234.100,0.470,-0.078,0.239,0.620,-0.080,9534.420
185.900,-225.459,1681.240,234.500,0.190,-0.046,0.273,-0.500,-0.030,9535.720
185.920,-224.617,1682.112,232.280,0.500,0.050,-0.051,1.110,0.080,9537.010
185.940,-223.767,1682.994,234.520,1.520,0.040,0.282,0.200,0.140,9538.320
185.960,-222.926,1683.866,232.200,-0.230,0.011,-0.107,-0.250,0.030,9539.610
185.980,-222.081,1684.742,233.090,0.110,0.082,0.296,1.150,-1.000,9540.900
186.000,-221.228,1685.628,235.350,-0.990,-0.084,0.277,-0.210,-0.020,9542.210
186.020,-220.371,1686.517,236.450,-1.250,-0.010,0.248,-0.610,-0.150,9543.520
186.040,-219.506,1687.416,238.610,-0.010,0.028,0.248,-0.250,0.010,9544.850
186.060,-218.650,1688.306,236.450,0.100,0.039,-0.031,-0.280,0.320,9546.160
186.080,-217.789,1689.200,237.460,0.690,0.040,0.219,0.540,-0.320,9547.480
186.100,-216.927,1690.096,237.850,0.580,0.036,0.251,-0.060,0.020,9548.800
186.120,-216.054,1691.005,240.900,0.250,0.066,0.255,0.050,0.140,9550.140
186.140,-215.181,1691.912,240.730,1.680,0.038,-0.111,0.030,-0.090,9551.480
186.160,-214.312,1692.816,239.790,-0.310,-0.058,-0.040,0.580,-0.390,9552.810
186.180,-213.439,1693.725,240.910,-0.190,-0.023,0.209,-0.160,-0.360,9554.150
186.200,-212.566,1694.633,240.750,0.280,-0.085,-0.018,-0.100,-0.010,9555.480
186.220,-211.687,1695.547,242.340,-1.180,0.050,0.290,-0.340,-0.190,9556.830
186.240,-210.808,1696.463,242.530,0.690,0.060,0.295,-0.210,-0.580,9558.180
186.260,-209.934,1697.373,241.290,0.070,-0.061,-0.060,0.260,-0.240,9559.520
186.280,-209.055,1698.287,242.400,0.090,-0.019,0.240,0.360,-0.390,9560.870
186.300,-208.174,1699.205,242.990,0.540,-0.088,0.191,0.850,0.220,9562.220
186.320,-207.291,1700.124,243.480,0.380,-0.006,0.270,-0.050,-0.450,9563.570
186.340,-206.410,1701.041,243.000,0.410,-0.041,-0.095,-0.130,0.430,9564.920
186.360,-205.523,1701.966,244.770,-0.390,-0.058,0.207,0.200,0.650,9566.280
186.380,-204.638,1702.887,244.010,1.570,-0.001,-0.059,-0.230,-0.220,9567.630
186.400,-203.752,1703.810,244.400,-1.460,0.094,0.217,-0.320,-0.180,9568.990
186.420,-202.862,1704.739,245.600,-0.690,0.040,0.221,0.160,0.280,9570.360
186.440,-201.967,1705.671,246.690,-0.550,-0.013,0.251,-0.200,0.330,9571.730
186.460,-201.066,1706.612,248.630,-0.720,-0.002,0.276,-0.140,-0.150,9573.110
186.480,-200.165,1707.552,248.360,-1.750,0.094,-0.034,0.300,-0.130,9574.490
186.500,-199.260,1708.496,249.470,1.640,0.063,0.256,0.160,-0.130,9575.870
186.520,-198.350,1709.446,250.960,0.640,-0.016,0.284,1.000,-0.260,9577.270
186.540,-197.451,1710.384,247.930,-0.630,0.025,-0.046,0.460,0.270,9578.650
186.560,-196.543,1711.332,250.380,0.700,-0.050,0.234,-0.380,0.050,9580.040
186.580,-195.633,1712.283,250.950,-0.160,0.001,0.227,-0.200,-0.220,9581.430
186.600,-194.724,1713.232,250.710,-0.290,0.038,-0.033,-0.690,0.020,9582.820
186.620,-193.810,1714.188,252.170,-0.960,0.051,0.217,-0.490,-0.110,9584.220
186.640,-192.898,1715.140,251.470,0.020,-0.032,-0.040,0.630,0.750,9585.620
186.660,-191.981,1716.099,252.850,-0.630,0.050,0.237,-0.140,-0.070,9587.030
186.680,-191.073,1717.046,250.220,-0.970,0.007,-0.075,-0.690,0.220,9588.420
186.700,-190.156,1718.004,252.850,0.960,-0.014,0.224,-0.970,0.130,9589.820
186.720,-189.233,1718.969,254.420,-0.820,0.095,0.279,-0.740,-0.050,9591.230
186.740,-188.307,1719.938,255.400,1.400,-0.018,0.224,-0.400,0.130,9592.650
186.760,-187.389,1720.898,253.070,-0.710,-0.055,-0.058,0.000,0.060,9594.060
186.780,-186.465,1721.864,254.750,-1.500,-0.034,0.236,-0.200,0.750,9595.470
186.800,-185.545,1722.826,253.780,0.530,0.036,-0.018,0.350,-0.030,9596.880
186.820,-184.619,1723.795,255.300,-0.450,-0.049,0.296,-0.470,-0.780,9598.300
186.840,-183.687,1724.770,256.860,-1.580,0.041,0.277,0.610,0.660,9599.730
186.860,-182.749,1725.752,258.440,0.250,-0.043,0.239,-0.070,-0.150,9601.170
186.880,-181.811,1726.735,258.750,-1.310,-0.004,0.260,0.230,0.030,9602.600
186.900,-180.874,1727.716,258.230,-1.990,0.111,-0.077,-0.260,-0.160,9604.040
186.920,-179.940,1728.693,257.430,0.680,-0.044,-0.044,0.510,-0.180,9605.470
186.940,-179.002,1729.676,258.700,1.490,-0.101,0.197,-0.660,-0.340,9606.900
186.960,-178.047,1730.678,263.220,-0.390,0.068,0.257,-0.620,-0.600,9608.370
186.980,-177.111,1731.657,257.820,1.210,-0.070,-0.052,-0.480,-0.220,9609.800
187.000,-176.173,1732.639,258.610,0.800,-0.041,0.263,0.590,0.150,9611.240
187.020,-175.226,1733.632,261.190,0.670,0.036,0.250,-0.120,-0.490,9612.690
187.040,-174.273,1734.631,262.490,-0.170,0.034,0.275,-0.470,0.150,9614.150
187.060,-173.318,1735.633,263.230,-0.600,-0.119,0.227,-0.100,0.700,9615.610
187.080,-172.364,1736.633,262.870,0.340,-0.017,-0.027,0.090,0.090,9617.070
187.100,-171.419,1737.624,260.670,0.650,0.043,-0.036,-0.540,-0.420,9618.520
187.120,-170.464,1738.625,263.120,-1.260,0.101,0.283,0.080,0.120,9619.980
187.140,-169.516,1739.619,261.310,-0.320,-0.062,-0.015,-0.070,0.290,9621.430
187.160,-168.554,1740.628,265.050,-0.190,0.053,0.221,-0.250,0.390,9622.900
187.180,-167.590,1741.640,265.650,-0.280,-0.033,0.266,-0.630,0.060,9624.380
187.200,-166.628,1742.650,265.280,-0.680,0.052,-0.085,0.440,0.180,9625.850
187.220,-165.669,1743.656,264.200,-1.330,-0.052,-0.015,-0.230,0.260,9627.320
187.240,-164.707,1744.666,265.250,-0.300,-0.012,0.224,-1.470,0.180,9628.790
187.260,-163.747,1745.673,264.550,-0.280,0.019,-0.061,0.180,0.100,9630.260
187.280,-162.776,1746.693,267.410,-0.470,0.048,0.257,0.190,-0.190,9631.750
187.300,-161.786,1747.734,272.750,0.650,0.029,0.272,0.470,0.290,9633.260
187.320,-160.812,1748.757,268.350,-1.370,-0.021,-0.039,0.210,-0.160,9634.750
187.340,-159.838,1749.780,268.380,0.280,-0.025,0.273,0.070,0.780,9636.250
187.360,-158.859,1750.810,269.840,-1.790,0.089,0.250,-0.240,-0.190,9637.740
187.380,-157.885,1751.832,268.290,-0.070,0.014,-0.043,-0.240,0.240,9639.240
187.400,-156.910,1752.858,268.850,-2.260,-0.024,0.197,0.340,-0.380,9640.730
187.420,-155.930,1753.888,270.100,-0.890,0.027,0.281,-0.080,-0.140,9642.230
187.440,-154.939,1754.930,272.860,-0.020,0.031,0.241,-0.720,-0.180,9643.750
187.460,-153.950,1755.970,272.540,-1.430,-0.068,-0.063,-0.170,-0.410,9645.260
187.480,-152.962,1757.010,272.300,-1.420,0.024,0.008,-0.030,-0.170,9646.770
187.500,-151.966,1758.057,274.170,0.980,-0.075,0.169,-1.000,0.110,9648.300
187.520,-150.964,1759.113,276.110,-1.600,-0.032,0.253,0.370,-0.070,9649.830
187.540,-149.965,1760.164,275.160,-0.120,-0.049,-0.117,0.000,0.360,9651.360
187.560,-148.974,1761.207,273.030,1.480,-0.006,-0.040,-0.680,-0.280,9652.870
187.580,-147.986,1762.246,272.240,0.140,-0.022,-0.071,-0.150,0.210,9654.390
187.600,-146.995,1763.289,272.950,0.030,-0.010,0.162,-0.050,-0.180,9655.900
187.620,-145.989,1764.349,277.380,-0.710,-0.095,0.283,0.470,0.340,9657.440
187.640,-144.989,1765.402,275.440,-0.710,-0.004,-0.089,0.460,0.240,9658.980
187.660,-143.978,1766.467,278.310,-0.170,-0.055,0.278,0.540,0.300,9660.520
187.680,-142.973,1767.526,276.910,-2.000,0.114,-0.079,0.190,-0.050,9662.060
187.700,-141.961,1768.592,278.680,1.010,-0.020,0.236,-0.330,0.400,9663.610
187.720,-140.946,1769.662,279.650,0.210,-0.013,0.181,-0.450,-0.500,9665.160
187.740,-139.937,1770.725,277.930,-1.750,0.035,-0.037,-0.350,0.130,9666.710
187.760,-138.917,1771.800,280.840,1.030,0.066,0.233,-0.030,0.040,9668.270
187.780,-137.904,1772.868,279.120,0.680,-0.059,-0.061,-0.010,0.250,9669.820
187.800,-136.889,1773.938,279.570,0.440,0.029,0.247,0.510,-0.020,9671.370
187.820,-135.864,1775.020,282.350,2.240,0.048,0.201,-0.130,-0.300,9672.940
187.840,-134.838,1776.102,282.580,0.100,0.009,0.271,-1.010,-0.330,9674.510
187.860,-133.811,1777.186,282.820,1.530,0.008,0.233,-0.600,-0.000,9676.080
187.880,-132.791,1778.262,280.980,0.030,-0.026,0.019,-0.490,-0.080,9677.640
187.900,-131.765,1779.344,282.570,0.450,-0.016,0.236,-0.490,0.260,9679.210
187.920,-130.731,1780.435,284.680,-0.550,-0.005,0.238,-1.400,0.290,9680.790
187.940,-129.687,1781.539,287.580,-1.890,-0.021,0.209,0.780,0.010,9682.390
187.960,-128.643,1782.641,287.370,-1.830,0.044,-0.098,-1.090,0.010,9683.990
187.980,-127.610,1783.732,284.460,-0.080,-0.044,-0.024,-0.290,0.320,9685.570
188.000,-126.577,1784.823,284.680,-0.240,0.043,0.282,0.330,-0.070,9687.150
188.020,-125.528,1785.931,288.770,-1.180,0.066,0.233,0.290,-0.060,9688.750
188.040,-124.484,1787.035,287.580,-0.280,0.018,-0.046,-0.730,-0.400,9690.350
188.060,-123.443,1788.133,286.480,0.450,-0.089,-0.013,0.600,0.260,9691.940
188.080,-122.398,1789.238,287.880,1.290,0.031,0.259,0.530,-0.030,9693.540
188.100,-121.358,1790.336,286.320,-0.690,-0.032,-0.035,-0.090,0.340,9695.130
188.120,-120.304,1791.450,290.210,0.390,-0.026,0.253,0.010,-0.360,9696.740
188.140,-119.246,1792.569,291.300,1.740,0.018,0.230,-0.460,-0.150,9698.360
188.160,-118.186,1793.691,292.020,0.750,0.055,0.262,0.130,0.280,9699.980
188.180,-117.125,1794.813,291.900,-0.770,-0.083,0.006,0.110,0.100,9701.610
188.200,-116.071,1795.927,290.240,0.100,0.003,-0.066,-0.240,-0.350,9703.220
188.220,-115.009,1797.051,292.560,0.180,0.100,0.276,0.320,0.280,9704.840
188.240,-113.941,1798.181,293.920,0.640,-0.055,0.255,0.170,-0.390,9706.480
188.260,-112.875,1799.310,293.650,0.040,-0.010,-0.068,1.610,0.250,9708.110
188.280,-111.807,1800.440,294.020,0.480,-0.031,0.277,-0.450,-0.290,9709.740
188.300,-110.741,1801.568,293.530,1.020,0.035,-0.027,0.670,0.360,9711.370
188.320,-109.679,1802.692,292.390,-1.050,-0.063,-0.033,-0.430,0.030,9713.000
188.340,-108.600,1803.834,297.030,-1.320,-0.079,0.302,0.260,0.100,9714.650
188.360,-107.529,1804.968,294.700,0.610,0.042,0.005,-1.300,-0.020,9716.280
188.380,-106.450,1806.111,297.080,-0.150,0.012,0.252,-0.260,0.030,9717.930
188.400,-105.362,1807.264,299.480,0.860,-0.059,0.247,0.240,0.020,9719.600
188.420,-104.281,1808.409,297.630,1.090,-0.003,-0.093,0.120,0.210,9721.250
188.440,-103.196,1809.558,298.540,-1.850,-0.064,0.296,-1.000,-0.020,9722.910
188.460,-102.122,1810.696,295.880,-0.840,0.046,-0.052,-0.210,0.440,9724.550
188.480,-101.044,1811.837,296.690,-0.130,0.014,0.232,0.740,-0.220,9726.200
188.500,-99.953,1812.993,300.190,-1.020,-0.036,0.222,0.510,0.260,9727.870
188.520,-98.871,1814.140,297.970,-0.470,-0.029,-0.078,0.480,0.170,9729.530
188.540,-97.791,1815.284,297.290,-1.280,-0.023,0.003,1.180,0.370,9731.180
188.560,-96.711,1816.428,297.310,-0.440,-0.054,0.277,-0.870,0.040,9732.830
188.580,-95.621,1817.583,299.980,-0.970,0.067,0.205,-0.200,0.100,9734.500
188.600,-94.529,1818.740,300.470,0.340,0.058,0.207,0.020,0.100,9736.160
188.620,-93.429,1819.907,302.820,0.900,-0.020,0.254,-0.370,-0.360,9737.850
188.640,-92.338,1821.064,300.340,0.410,-0.016,-0.080,0.060,0.120,9739.520
188.660,-91.232,1822.238,304.390,2.600,-0.056,0.242,0.650,0.980,9741.210
188.680,-90.139,1823.397,301.010,0.940,-0.008,-0.003,0.060,0.480,9742.880
188.700,-89.043,1824.559,301.560,0.900,0.024,0.282,-1.100,-0.230,9744.550
188.720,-87.938,1825.731,304.050,-0.080,0.059,0.199,0.340,-0.540,9746.240
188.740,-86.832,1826.905,304.430,-0.310,-0.045,0.220,-0.010,0.020,9747.930
188.760,-85.721,1828.084,305.720,1.270,-0.084,0.257,-1.090,0.320,9749.630
188.780,-84.618,1829.254,303.590,-0.250,-0.050,-0.016,-0.310,-0.010,9751.320
188.800,-83.505,1830.436,306.390,0.030,0.028,0.225,-0.870,0.570,9753.020
188.820,-82.401,1831.607,303.850,-0.170,-0.002,-0.039,-0.140,-0.230,9754.710
188.840,-81.298,1832.777,303.580,0.540,0.050,-0.064,-0.250,0.070,9756.400
188.860,-80.171,1833.975,310.120,0.890,0.002,0.303,-0.760,-0.030,9758.120
188.880,-79.047,1835.169,309.450,1.060,0.081,-0.031,0.130,0.220,9759.840
188.900,-77.926,1836.360,308.380,-0.300,-0.079,-0.056,-0.540,0.240,9761.550
188.920,-76.815,1837.539,305.860,0.180,-0.125,-0.095,0.660,0.360,9763.250
188.940,-75.693,1838.731,308.710,0.330,0.068,0.218,0.080,-0.040,9764.970
188.960,-74.564,1839.930,310.580,1.460,-0.040,0.174,-0.130,0.380,9766.690
188.980,-73.439,1841.126,309.720,-1.790,0.007,-0.042,0.630,0.100,9768.410
189.000,-72.300,1842.337,313.250,0.010,0.007,0.270,0.130,0.410,9770.150
189.020,-71.165,1843.543,312.360,-0.640,0.016,-0.029,0.170,0.450,9771.890
189.040,-70.037,1844.743,310.540,-0.530,-0.024,-0.068,-0.030,0.010,9773.610
189.060,-68.910,1845.940,310.030,-0.850,-0.048,-0.012,-0.160,-0.200,9775.340
189.080,-67.768,1847.154,314.240,0.540,-0.052,0.298,0.200,0.060,9777.080
189.100,-66.624,1848.371,314.700,-2.450,0.030,0.230,0.760,0.300,9778.830
189.120,-65.479,1849.589,315.080,-0.140,0.039,0.285,-1.710,-0.450,9780.580
189.140,-64.327,1850.815,316.970,-1.820,-0.013,0.254,0.930,-0.150,9782.340
189.160,-63.180,1852.036,315.640,-0.690,-0.030,-0.066,-0.500,0.200,9784.090
189.180,-62.033,1853.256,315.600,-0.210,0.028,-0.013,0.100,-0.780,9785.850
189.200,-60.880,1854.483,317.110,-0.410,-0.074,0.214,-0.860,-0.310,9787.610
189.220,-59.723,1855.714,318.320,0.680,0.097,0.205,0.750,-0.180,9789.380
189.240,-58.567,1856.945,318.000,1.250,0.023,-0.062,-0.690,-0.030,9791.140
189.260,-57.413,1858.173,317.520,1.960,-0.008,-0.057,0.560,-0.100,9792.910
189.280,-56.252,1859.409,319.430,-0.010,0.041,0.201,-0.120,-0.090,9794.680
189.300,-55.094,1860.642,318.630,1.160,0.032,-0.035,-0.080,-0.400,9796.450
189.320,-53.937,1861.874,318.260,1.460,0.012,-0.073,-0.630,0.530,9798.220
189.340,-52.775,1863.111,319.680,-0.480,-0.095,0.211,0.610,-0.180,9800.000
189.360,-51.614,1864.348,319.520,1.230,0.021,-0.031,-0.070,-0.570,9801.770
189.380,-50.504,1865.654,47.100,1.590,0.505,-0.001,5.300,1.940,9802.030
189.400,-49.462,1867.011,47.440,3.240,0.496,0.157,4.820,2.100,9802.300
189.420,-48.490,1868.416,48.320,-1.220,0.518,0.415,3.830,1.710,9802.560
189.440,-47.590,1869.866,50.040,1.310,0.527,0.969,4.830,5.030,9802.840
189.460,-46.764,1871.358,51.770,2.460,0.505,1.413,8.400,6.080,9803.130
189.480,-46.014,1872.886,53.860,1.240,0.500,1.821,9.510,7.560,9803.430
189.500,-45.342,1874.449,55.890,2.840,0.532,2.224,10.730,10.550,9803.740
189.520,-44.748,1876.043,58.070,6.280,0.586,2.527,13.970,13.740,9804.060
189.540,-44.235,1877.663,60.180,4.100,0.653,2.572,13.140,7.440,9804.400
189.560,-43.804,1879.305,62.300,5.260,0.677,2.799,15.600,13.090,9804.740
189.580,-43.456,1880.967,65.370,8.690,0.685,3.250,16.790,13.710,9805.110
189.600,-43.191,1882.643,67.340,7.730,0.757,3.060,19.880,11.110,9805.480
189.620,-43.010,1884.331,69.200,12.290,0.817,2.933,22.720,11.360,9805.860
189.640,-42.913,1886.025,71.590,7.880,0.881,3.151,24.910,14.110,9806.260
189.660,-42.901,1887.723,73.660,12.410,0.919,2.901,28.150,12.070,9806.670
189.680,-42.974,1889.420,75.600,16.160,1.009,3.018,29.510,12.510,9807.090
189.700,-43.132,1891.111,77.360,14.700,1.050,2.866,30.830,11.100,9807.520
189.720,-43.374,1892.794,79.060,17.570,1.117,2.658,34.330,10.400,9807.960
189.740,-43.699,1894.463,80.710,21.750,1.181,2.580,32.940,9.940,9808.410
189.760,-44.108,1896.116,82.550,19.350,1.249,2.687,36.320,11.140,9808.870
189.780,-44.599,1897.748,83.930,23.850,1.287,2.320,39.620,10.500,9809.330
189.800,-45.171,1899.356,85.480,26.020,1.325,2.330,40.100,11.330,9809.810
189.820,-45.823,1900.935,86.610,26.080,1.399,2.158,40.700,9.120,9810.290
189.840,-46.553,1902.481,87.590,27.270,1.457,1.911,41.590,10.730,9810.780
189.860,-47.360,1903.992,88.270,26.410,1.503,1.619,43.000,7.310,9811.270
189.880,-48.242,1905.464,89.450,31.540,1.564,1.742,45.720,10.380,9811.760
189.900,-49.197,1906.892,89.850,28.520,1.598,1.249,44.670,6.270,9812.260
189.920,-50.223,1908.274,90.150,33.350,1.612,0.984,48.450,9.690,9812.760
189.940,-51.318,1909.607,90.490,32.790,1.643,0.727,49.070,6.800,9813.270
189.960,-52.480,1910.887,90.200,34.220,1.662,0.426,50.570,6.080,9813.770
189.980,-53.705,1912.111,89.750,35.120,1.673,0.111,49.390,3.480,9814.270
190.000,-54.990,1913.275,89.060,37.110,1.648,-0.169,50.810,4.800,9814.760
190.020,-56.335,1914.379,88.110,39.700,1.618,-0.475,51.610,3.020,9815.250
190.040,-57.734,1915.418,87.550,37.120,1.628,-0.671,51.910,4.140,9815.740
190.060,-59.185,1916.390,86.340,35.330,1.604,-0.952,51.020,6.080,9816.220
190.080,-60.686,1917.293,85.260,33.670,1.540,-1.034,51.040,8.980,9816.690
190.100,-62.231,1918.124,84.240,38.410,1.495,-1.229,50.200,8.800,9817.160
190.120,-63.819,1918.882,83.420,36.310,1.455,-1.170,51.580,3.650,9817.620
190.140,-65.446,1919.564,82.490,35.660,1.465,-1.167,53.440,5.530,9818.080
190.160,-67.108,1920.169,81.170,36.210,1.439,-1.481,53.570,7.930,9818.530
190.180,-68.800,1920.696,80.760,36.920,1.417,-1.241,50.420,9.060,9818.980
190.200,-70.521,1921.142,79.880,34.360,1.386,-1.097,52.460,6.980,9819.420
190.220,-72.265,1921.507,78.710,33.560,1.339,-1.297,52.500,3.410,9819.860
190.240,-74.029,1921.789,77.760,31.520,1.333,-1.414,50.250,5.860,9820.290
190.260,-75.809,1921.988,76.800,31.170,1.318,-1.408,49.450,8.640,9820.720
190.280,-77.601,1922.103,75.660,31.940,1.271,-1.436,49.490,7.870,9821.140
190.300,-79.401,1922.134,74.690,34.370,1.270,-1.324,50.540,7.370,9821.550
190.320,-81.206,1922.080,73.720,30.930,1.249,-1.342,51.260,8.860,9821.960
190.340,-83.010,1921.942,72.860,32.140,1.194,-1.280,51.160,6.350,9822.370
190.360,-84.810,1921.718,71.760,33.860,1.156,-1.436,53.140,8.390,9822.770
190.380,-86.602,1921.411,70.720,32.540,1.119,-1.427,54.900,9.690,9823.160
190.400,-88.383,1921.019,69.580,35.870,1.096,-1.530,55.940,7.880,9823.550
190.420,-90.147,1920.544,68.430,31.720,1.036,-1.554,54.320,6.170,9823.930
190.440,-91.892,1919.987,67.230,31.090,0.997,-1.644,55.620,7.110,9824.300
190.460,-93.613,1919.348,66.330,30.290,0.991,-1.539,55.040,6.010,9824.670
190.480,-95.306,1918.629,66.980,35.120,0.944,-0.811,56.450,1.360,9825.040
190.500,-96.969,1917.832,68.060,33.550,0.944,-0.085,55.050,1.000,9825.420
190.520,-98.596,1916.957,68.730,28.130,0.928,0.255,54.280,3.700,9825.800
190.540,-100.185,1916.006,67.950,34.830,0.953,-0.068,52.540,2.160,9826.180
190.560,-101.732,1914.982,66.520,30.720,0.951,-0.749,50.240,6.560,9826.550
190.580,-103.233,1913.886,65.360,28.750,0.905,-0.966,47.300,5.410,9826.910
190.600,-104.686,1912.722,65.390,28.430,0.879,-0.700,45.860,5.540,9827.270
190.620,-106.086,1911.490,67.100,24.610,0.893,0.301,44.160,0.200,9827.650
190.640,-107.432,1910.193,69.040,25.990,0.870,0.922,40.990,4.310,9828.030
190.660,-108.719,1908.835,70.930,24.070,0.891,1.467,38.410,6.510,9828.420
190.680,-109.945,1907.419,71.640,22.800,0.917,1.392,35.110,5.470,9828.820
190.700,-111.108,1905.946,71.080,24.360,0.975,0.742,33.880,6.830,9829.220
190.720,-112.204,1904.420,69.790,20.680,0.972,-0.016,31.760,-0.890,9829.600
190.740,-113.232,1902.845,69.360,20.200,0.991,-0.136,29.940,2.290,9829.990
190.760,-114.189,1901.223,69.620,19.310,0.985,-0.144,26.920,4.170,9830.380
190.780,-115.073,1899.558,71.350,19.590,1.017,0.628,26.230,5.380,9830.770
190.800,-115.882,1897.853,73.580,18.980,1.012,1.474,22.210,6.610,9831.180
190.820,-116.614,1896.113,75.230,15.490,1.037,1.758,21.170,6.880,9831.600
190.840,-117.267,1894.340,75.660,13.730,1.072,1.419,19.540,8.750,9832.020
190.860,-117.841,1892.539,75.250,17.010,1.101,0.954,16.360,4.760,9832.440
190.880,-118.334,1890.713,74.390,6.440,1.119,0.136,12.820,1.470,9832.850
190.900,-118.744,1888.867,74.220,11.890,1.128,0.081,11.050,4.040,9833.260
190.920,-119.072,1887.003,75.230,8.710,1.149,0.469,10.130,4.400,9833.680
190.940,-119.155,1886.497,74.710,1.080,0.040,-0.005,0.170,-0.330,9834.100
190.960,-119.240,1885.982,76.510,0.070,-0.018,0.313,0.560,-0.000,9834.520
190.980,-119.326,1885.461,77.480,1.140,-0.039,0.205,-0.740,-0.400,9834.950
191.000,-119.412,1884.940,77.520,-0.090,-0.022,0.277,-0.160,0.290,9835.380
191.020,-119.499,1884.413,78.620,0.710,0.041,0.217,0.730,0.180,9835.820
191.040,-119.584,1883.900,75.940,0.860,0.032,-0.073,-0.430,0.130,9836.240
191.060,-119.672,1883.367,79.810,-1.070,0.008,0.256,-1.450,-0.190,9836.680
191.080,-119.760,1882.833,79.800,0.430,-0.030,-0.035,-0.410,0.430,9837.130
191.100,-119.849,1882.297,80.350,0.170,-0.020,0.228,0.220,-0.330,9837.570
191.120,-119.939,1881.755,81.310,-1.020,-0.007,0.268,-0.040,0.020,9838.020
191.140,-120.030,1881.207,82.390,-1.280,-0.045,0.286,-0.640,-0.350,9838.480
191.160,-120.122,1880.654,83.470,0.500,-0.006,0.272,-0.360,-0.050,9838.950
191.180,-120.215,1880.092,84.960,-0.280,-0.047,0.221,-0.670,0.380,9839.420
191.200,-120.308,1879.533,84.400,-1.460,0.018,-0.063,-0.610,0.140,9839.890
191.220,-120.403,1878.960,87.070,0.580,0.024,0.276,-0.440,-0.280,9840.370
191.240,-120.500,1878.381,88.180,0.930,0.056,0.297,0.050,-0.160,9840.860
191.260,-120.597,1877.797,88.960,-1.170,0.013,0.212,-1.190,-0.110,9841.350
191.280,-120.695,1877.208,90.060,-0.000,0.011,0.259,0.680,-0.250,9841.860
191.300,-120.792,1876.626,88.590,1.520,-0.042,-0.028,-0.050,0.080,9842.350
191.320,-120.891,1876.038,89.830,-0.910,-0.002,0.208,-0.550,0.660,9842.850
191.340,-120.990,1875.441,91.400,1.710,-0.051,0.281,-0.490,-0.170,9843.350
191.360,-121.090,1874.845,91.180,-0.320,-0.085,0.013,-0.320,0.580,9843.860
191.380,-121.189,1874.251,90.870,-0.070,-0.013,-0.030,0.000,-0.000,9844.370
191.400,-121.290,1873.647,92.640,-1.390,-0.025,0.267,0.080,0.100,9844.880
191.420,-121.395,1873.022,96.640,-1.360,0.031,0.227,-0.100,0.080,9845.420
191.440,-121.497,1872.411,93.860,-0.660,-0.048,-0.065,-0.380,-0.510,9845.940
191.460,-121.600,1871.797,94.570,0.890,0.141,0.231,-0.010,0.140,9846.460
191.480,-121.703,1871.176,95.730,2.340,-0.024,0.223,-1.040,-0.730,9847.000
191.500,-121.810,1870.542,98.180,2.610,-0.004,0.243,-0.610,0.060,9847.540
191.520,-121.917,1869.906,98.650,-0.120,-0.028,0.259,-0.340,0.050,9848.090
191.540,-122.025,1869.262,99.980,-0.360,0.039,0.224,-0.670,-0.460,9848.640
191.560,-122.136,1868.599,103.510,-0.980,-0.011,0.240,-0.110,0.020,9849.220
191.580,-122.246,1867.945,101.730,1.110,-0.049,-0.040,-0.670,-0.090,9849.790
191.600,-122.357,1867.287,102.640,-0.730,-0.092,0.186,0.860,-0.050,9850.360
191.620,-122.471,1866.608,106.370,-0.240,0.029,0.278,-0.730,-0.040,9850.950
191.640,-122.583,1865.944,103.600,0.500,0.032,-0.044,0.760,-0.180,9851.520
191.660,-122.694,1865.284,103.070,0.450,0.017,-0.043,-1.000,0.020,9852.090
191.680,-122.806,1864.618,103.990,-0.610,-0.011,0.285,1.000,0.260,9852.670
191.700,-122.921,1863.937,106.820,-0.100,-0.016,0.278,0.290,-0.070,9853.270
191.720,-123.033,1863.270,104.150,-0.580,0.039,-0.032,0.400,-0.020,9853.840
191.740,-123.145,1862.605,103.900,-0.830,-0.005,-0.042,-0.680,0.190,9854.420
191.760,-123.260,1861.926,106.380,-1.030,0.056,0.250,-0.160,0.680,9855.010
191.780,-123.377,1861.229,109.630,-1.470,-0.005,0.233,-0.130,-0.060,9855.620
191.800,-123.495,1860.530,110.080,0.360,-0.007,0.221,-0.050,-0.510,9856.230
191.820,-123.613,1859.833,109.740,-0.240,0.019,-0.038,0.640,-0.270,9856.840
191.840,-123.733,1859.121,112.370,-1.140,0.070,0.262,0.350,0.180,9857.470
191.860,-123.854,1858.409,112.470,-1.230,0.059,0.254,-0.080,0.450,9858.090
191.880,-123.975,1857.695,112.860,-1.240,-0.002,0.210,0.500,-0.280,9858.720
191.900,-124.096,1856.979,113.110,-0.610,-0.019,0.170,0.590,-0.010,9859.350
191.920,-124.219,1856.252,115.270,1.130,-0.060,0.252,-0.280,0.010,9859.990
191.940,-124.342,1855.521,115.850,-0.680,0.035,0.195,-0.300,-0.230,9860.630
191.960,-124.465,1854.795,115.090,0.560,-0.089,-0.040,1.080,0.460,9861.270
191.980,-124.591,1854.055,117.510,1.560,0.085,0.308,-0.120,0.350,9861.920
192.000,-124.715,1853.323,116.100,0.170,0.042,-0.040,-0.320,0.100,9862.570
192.020,-124.841,1852.579,118.220,-0.760,-0.037,0.237,-0.080,-0.130,9863.230
192.040,-124.968,1851.830,119.260,-0.090,0.062,0.219,0.540,0.290,9863.890
192.060,-125.095,1851.083,118.950,-0.040,0.027,-0.067,0.360,0.150,9864.550
192.080,-125.223,1850.327,120.440,1.730,0.023,0.249,-0.060,-0.130,9865.220
192.100,-125.353,1849.563,121.940,-1.730,-0.013,0.282,0.310,0.290,9865.900
192.120,-125.481,1848.809,120.200,1.120,0.028,-0.046,0.130,0.110,9866.560
192.140,-125.611,1848.039,122.880,-1.740,-0.071,0.241,-0.070,-0.500,9867.250
192.160,-125.746,1847.249,126.720,0.810,0.003,0.270,-0.150,-0.300,9867.950
192.180,-125.876,1846.480,122.950,-0.410,-0.034,-0.006,0.070,-0.400,9868.630
192.200,-126.011,1845.691,126.520,1.830,-0.014,0.259,-0.210,0.310,9869.340
192.220,-126.144,1844.907,125.620,0.670,-0.034,-0.044,0.040,-0.210,9870.030
192.240,-126.280,1844.108,128.330,0.570,-0.032,0.200,-0.020,0.190,9870.750
192.260,-126.414,1843.320,126.260,-0.940,0.064,-0.091,-0.730,0.650,9871.450
192.280,-126.550,1842.523,128.140,1.810,-0.072,0.205,-0.260,0.240,9872.160
192.300,-126.690,1841.702,132.240,2.820,0.020,0.244,-0.130,-0.130,9872.890
192.320,-126.827,1840.897,129.450,2.010,-0.057,-0.075,0.930,-0.220,9873.610
192.340,-126.966,1840.081,131.450,-1.000,0.066,0.235,-0.080,-0.090,9874.340
192.360,-127.106,1839.261,132.190,-0.190,0.021,0.225,0.140,-0.310,9875.080
192.380,-127.242,1838.459,129.040,-1.190,-0.070,-0.073,1.080,-0.340,9875.800
192.400,-127.383,1837.631,133.540,-0.610,0.017,0.194,-0.790,-0.240,9876.540
192.420,-127.523,1836.813,131.810,0.280,-0.035,-0.043,-0.770,0.160,9877.270
192.440,-127.666,1835.976,135.400,0.730,0.011,0.271,-0.390,-0.160,9878.020
192.460,-127.809,1835.138,135.420,0.530,-0.066,0.252,-0.170,-0.070,9878.770
192.480,-127.951,1834.306,134.360,-1.720,0.062,-0.039,-0.120,0.140,9879.520
192.500,-128.093,1833.471,135.040,-0.040,-0.100,0.264,-0.260,0.220,9880.270
192.520,-128.238,1832.622,137.500,0.520,-0.040,0.263,-0.620,-0.580,9881.030
192.540,-128.388,1831.748,142.120,0.950,-0.054,0.275,0.490,-0.520,9881.820
192.560,-128.537,1830.876,141.620,0.430,0.019,-0.014,-0.230,-0.120,9882.610
192.580,-128.685,1830.011,140.520,0.490,-0.025,-0.003,0.590,-0.330,9883.390
192.600,-128.834,1829.139,141.540,-0.240,-0.009,0.192,-0.510,0.260,9884.180
192.620,-128.984,1828.263,142.460,0.270,-0.032,0.264,0.980,-0.140,9884.970
192.640,-129.133,1827.392,141.550,2.580,-0.068,-0.086,-0.830,0.540,9885.760
192.660,-129.282,1826.518,142.100,1.210,-0.011,0.292,-0.010,-0.150,9886.540
192.680,-129.435,1825.627,145.200,0.360,-0.065,0.252,-0.500,0.090,9887.350
192.700,-129.586,1824.743,143.810,0.730,-0.092,-0.042,0.020,-0.200,9888.150
192.720,-129.741,1823.839,147.670,0.080,0.031,0.254,-0.490,0.150,9888.970
192.740,-129.893,1822.953,144.270,0.070,-0.062,-0.044,-1.070,0.150,9889.770
192.760,-130.046,1822.059,145.730,0.950,0.073,0.299,-0.390,0.270,9890.580
192.780,-130.203,1821.141,150.000,-0.600,0.071,0.287,0.800,-0.040,9891.420
192.800,-130.359,1820.234,148.230,-0.130,0.044,-0.002,-0.500,0.380,9892.240
192.820,-130.515,1819.320,149.270,-1.370,-0.057,0.244,0.250,0.090,9893.070
192.840,-130.674,1818.396,151.210,0.780,0.106,0.186,0.000,-0.190,9893.910
192.860,-130.834,1817.464,152.770,1.070,-0.118,0.272,-0.230,-0.190,9894.760
192.880,-130.994,1816.532,152.740,0.600,-0.044,-0.083,1.020,0.220,9895.610
192.900,-131.154,1815.598,153.040,-0.230,0.042,0.239,-0.160,0.380,9896.460
192.920,-131.316,1814.655,154.600,-0.040,0.038,0.248,0.080,-0.340,9897.310
192.940,-131.478,1813.711,154.810,0.150,-0.036,0.250,0.040,0.230,9898.170
192.960,-131.642,1812.758,156.610,1.090,-0.039,0.269,0.790,-0.450,9899.040
192.980,-131.809,1811.786,160.060,1.040,-0.011,0.222,-0.750,-0.190,9899.930
193.000,-131.974,1810.828,157.320,-1.430,-0.004,-0.031,1.120,0.150,9900.810
193.020,-132.137,1809.878,156.060,-0.880,-0.023,-0.056,0.760,-0.250,9901.670
193.040,-132.304,1808.907,159.700,0.430,0.083,0.328,0.200,0.440,9902.560
193.060,-132.470,1807.942,158.710,-1.340,-0.034,-0.098,0.310,0.180,9903.440
193.080,-132.637,1806.969,160.220,0.920,0.073,0.254,-0.110,-0.350,9904.330
193.100,-132.805,1805.991,161.060,-0.280,0.020,0.268,0.080,0.200,9905.230
193.120,-132.973,1805.017,160.420,0.710,0.051,-0.062,0.210,-0.400,9906.120
193.140,-133.141,1804.036,161.530,0.030,-0.075,0.233,-0.450,0.000,9907.020
193.160,-133.308,1803.068,159.410,-0.100,0.051,-0.010,0.760,0.260,9907.900
193.180,-133.479,1802.076,163.510,-1.090,0.050,0.275,0.110,0.210,9908.810
193.200,-133.651,1801.075,165.300,-0.550,-0.033,0.226,0.070,-0.030,9909.730
193.220,-133.823,1800.075,165.270,-0.120,0.042,-0.094,-0.430,-0.100,9910.650
193.240,-133.996,1799.073,165.340,-0.150,-0.074,0.268,0.580,-0.350,9911.570
193.260,-134.170,1798.061,167.390,0.720,-0.024,0.260,-0.020,0.050,9912.500
193.280,-134.343,1797.055,166.200,-0.640,0.058,-0.033,-0.260,0.240,9913.420
193.300,-134.517,1796.046,166.820,-0.030,-0.009,0.246,-0.540,0.620,9914.350
193.320,-134.694,1795.019,169.980,1.500,-0.013,0.276,-0.080,-0.140,9915.290
193.340,-134.872,1793.988,170.850,0.820,0.070,0.298,-0.580,0.250,9916.240
193.360,-135.050,1792.953,171.540,0.100,-0.098,0.296,0.170,0.230,9917.190
193.380,-135.229,1791.920,171.110,-1.460,-0.009,-0.075,0.390,-0.140,9918.140
193.400,-135.409,1790.871,173.990,-1.370,-0.003,0.325,-0.200,0.220,9919.110
193.420,-135.588,1789.837,171.460,0.640,-0.040,-0.030,0.120,-0.240,9920.060
193.440,-135.768,1788.791,173.480,0.740,0.069,0.207,0.610,0.080,9921.030
193.460,-135.951,1787.732,175.840,-1.950,-0.046,0.263,-0.090,-0.060,9922.000
193.480,-136.135,1786.668,176.800,0.700,-0.045,0.257,-0.050,0.130,9922.990
193.500,-136.317,1785.613,175.140,-0.560,-0.124,-0.053,0.000,0.160,9923.960
193.520,-136.504,1784.530,180.300,-0.410,0.056,0.244,-0.220,-0.160,9924.960
193.540,-136.688,1783.462,177.680,0.890,-0.016,-0.029,-0.180,-0.000,9925.950
193.560,-136.874,1782.387,178.800,0.730,-0.016,0.271,-0.380,-0.040,9926.940
193.580,-137.062,1781.300,180.920,-0.100,-0.011,0.232,0.210,-0.330,9927.950
193.600,-137.251,1780.205,182.570,0.690,0.060,0.234,-0.040,-0.110,9928.960
193.620,-137.439,1779.117,181.130,-0.360,0.081,-0.067,0.300,-0.170,9929.970
193.640,-137.629,1778.016,183.590,-0.790,-0.087,0.245,0.510,-0.340,9930.990
193.660,-137.818,1776.924,181.930,1.260,-0.023,-0.023,-0.530,-0.240,9932.000
193.680,-138.011,1775.811,185.910,1.330,-0.057,0.286,-0.420,-0.080,9933.030
193.700,-138.202,1774.706,184.250,-0.640,-0.011,-0.056,0.350,0.020,9934.050
193.720,-138.394,1773.595,185.460,-0.530,-0.005,0.283,-0.130,-0.370,9935.080
193.740,-138.586,1772.485,185.250,0.890,-0.086,-0.037,0.040,0.360,9936.110
193.760,-138.779,1771.366,186.890,-0.690,0.018,0.254,0.040,0.180,9937.150
193.780,-138.972,1770.250,186.260,0.800,-0.022,0.006,-0.470,-0.030,9938.190
193.800,-139.167,1769.125,188.050,-1.020,0.039,0.260,0.250,-0.370,9939.230
193.820,-139.363,1767.994,188.960,-0.290,0.002,0.246,0.120,-0.060,9940.280
193.840,-139.557,1766.868,188.140,0.980,-0.086,-0.025,-0.500,-0.080,9941.330
193.860,-139.754,1765.734,189.650,-0.970,0.031,0.213,-0.080,-0.320,9942.380
193.880,-139.949,1764.608,188.150,-0.590,-0.067,-0.057,-0.050,-0.350,9943.420
193.900,-140.145,1763.471,190.230,0.380,-0.062,0.258,0.370,0.230,9944.480
193.920,-140.345,1762.319,192.860,-1.800,-0.016,0.272,0.590,-0.100,9945.550
193.940,-140.547,1761.155,195.110,0.070,-0.014,0.257,-0.000,0.270,9946.640
193.960,-140.747,1759.998,193.920,1.160,-0.088,-0.089,-0.840,-0.000,9947.710
193.980,-140.949,1758.833,195.200,0.860,-0.007,0.223,0.360,0.230,9948.800
194.000,-141.153,1757.655,197.780,-0.050,-0.004,0.237,1.100,0.220,9949.900
194.020,-141.358,1756.474,198.080,0.020,-0.006,0.257,0.360,0.140,9951.000
194.040,-141.563,1755.290,198.850,1.490,-0.084,0.211,-0.140,0.350,9952.100
194.060,-141.768,1754.107,198.590,1.370,0.007,-0.008,0.200,0.030,9953.210
194.080,-141.973,1752.925,198.460,-0.090,0.031,-0.041,0.400,-0.450,9954.310
194.100,-142.180,1751.731,200.580,-0.630,-0.067,0.259,0.060,-0.400,9955.420
194.120,-142.389,1750.525,202.700,0.860,-0.054,0.245,0.660,-0.200,9956.550
194.140,-142.600,1749.311,204.280,1.130,0.039,0.207,-0.570,0.220,9957.680
194.160,-142.812,1748.088,205.960,1.380,0.079,0.253,-0.200,-0.120,9958.830
194.180,-143.024,1746.867,205.440,0.580,-0.008,-0.028,0.230,0.060,9959.970
194.200,-143.235,1745.655,204.000,-0.360,-0.022,-0.055,0.350,0.160,9961.100
194.220,-143.444,1744.448,202.920,-1.670,0.010,-0.018,-0.270,0.050,9962.230
194.240,-143.657,1743.222,206.420,1.940,0.068,0.248,-0.230,-0.690,9963.380
194.260,-143.871,1741.988,207.950,1.600,-0.043,0.271,-0.330,-0.360,9964.530
194.280,-144.081,1740.779,203.260,-0.770,-0.024,-0.053,-0.370,0.530,9965.660
194.300,-144.293,1739.558,205.660,0.190,-0.026,0.261,0.260,0.100,9966.800
194.320,-144.507,1738.323,207.990,-0.220,-0.071,0.276,-0.020,-0.810,9967.960
194.340,-144.722,1737.087,208.310,0.070,0.043,0.218,0.650,0.020,9969.120
194.360,-144.936,1735.853,207.840,-0.400,0.013,-0.031,-0.550,0.540,9970.270
194.380,-145.154,1734.599,211.610,0.690,-0.101,0.282,-0.080,0.080,9971.450
194.400,-145.374,1733.333,213.690,-1.130,-0.001,0.316,0.370,0.010,9972.630
194.420,-145.592,1732.075,212.340,-0.390,0.083,-0.048,0.170,-0.550,9973.810
194.440,-145.810,1730.825,210.920,0.870,0.014,-0.113,-0.550,-0.080,9974.990
194.460,-146.030,1729.555,214.510,-1.970,0.080,0.197,0.580,-0.490,9976.180
194.480,-146.250,1728.291,213.320,0.310,-0.028,-0.077,0.050,-0.370,9977.360
194.500,-146.470,1727.022,214.260,-0.550,0.048,0.288,0.960,-0.440,9978.550
194.520,-146.695,1725.733,218.010,1.620,0.066,0.316,-0.070,0.520,9979.760
194.540,-146.920,1724.438,219.160,0.330,-0.004,0.238,0.580,0.220,9980.980
194.560,-147.144,1723.150,217.710,-0.790,-0.021,-0.048,-0.180,0.420,9982.190
194.580,-147.370,1721.850,220.030,1.450,0.055,0.173,-0.120,-0.400,9983.410
194.600,-147.594,1720.560,218.110,0.020,0.027,-0.030,0.250,0.060,9984.630
194.620,-147.822,1719.253,221.310,0.130,0.048,0.254,-0.850,-0.300,9985.850
194.640,-148.048,1717.949,220.730,0.890,0.021,-0.058,-1.010,-0.270,9987.080
194.660,-148.275,1716.648,220.110,-0.610,-0.004,-0.079,-0.340,0.140,9988.300
194.680,-148.502,1715.340,221.520,1.450,-0.004,0.239,-0.650,0.050,9989.530
194.700,-148.733,1714.016,224.290,0.580,-0.018,0.210,-1.130,0.090,9990.780
194.720,-148.961,1712.704,222.240,-0.640,0.020,-0.076,0.370,-0.380,9992.020
194.740,-149.192,1711.377,224.830,-0.430,-0.009,0.212,-0.400,0.040,9993.260
194.760,-149.426,1710.035,227.640,-1.260,0.013,0.219,-0.170,0.100,9994.530
194.780,-149.658,1708.702,226.090,0.310,-0.040,-0.085,0.070,-0.200,9995.780
194.800,-149.889,1707.373,225.310,-0.180,-0.043,-0.033,0.250,-0.080,9997.040
194.820,-150.123,1706.029,227.990,0.310,0.029,0.216,0.140,-0.490,9998.300
194.840,-150.359,1704.673,230.220,-1.700,0.019,0.248,0.100,-0.650,9999.580
194.860,-150.593,1703.329,228.040,-0.520,-0.021,-0.083,0.230,0.600,10000.850
194.880,-150.832,1701.960,232.560,-0.980,0.069,0.218,-0.250,0.060,10002.140
194.900,-151.071,1700.590,232.710,0.490,-0.041,0.217,-0.360,-0.110,10003.430
194.920,-151.309,1699.220,232.880,-0.600,0.022,0.279,-1.160,0.240,10004.730
194.940,-151.549,1697.843,234.010,0.470,0.023,0.245,0.320,-0.260,10006.030
194.960,-151.789,1696.466,234.130,-0.530,0.003,0.228,-0.340,0.030,10007.330
194.980,-152.030,1695.082,235.230,1.630,0.063,0.220,0.990,0.330,10008.640
195.000,-152.272,1693.697,235.620,0.050,0.081,0.210,0.370,-0.330,10009.940
195.020,-152.515,1692.300,237.630,0.920,-0.058,0.228,0.480,-0.150,10011.260
195.040,-152.760,1690.896,239.030,-0.110,-0.114,0.207,0.350,-0.410,10012.590
195.060,-153.003,1689.505,236.650,0.920,-0.024,-0.063,0.270,0.250,10013.910
195.080,-153.246,1688.109,237.620,-0.770,-0.049,0.229,0.240,0.060,10015.230
195.100,-153.491,1686.705,238.880,-0.040,-0.022,0.227,0.280,0.350,10016.550
195.120,-153.736,1685.299,239.340,-0.470,0.091,0.287,0.090,0.250,10017.880
195.140,-153.985,1683.875,242.740,1.870,0.135,0.243,-0.310,-0.080,10019.230
195.160,-154.230,1682.468,239.580,-1.190,-0.047,-0.055,-0.590,0.120,10020.560
195.180,-154.479,1681.040,243.440,2.070,0.011,0.288,0.210,0.130,10021.920
195.200,-154.730,1679.600,245.490,-1.370,0.010,0.209,0.650,0.220,10023.280
195.220,-154.980,1678.172,243.330,0.740,0.017,-0.065,-0.060,0.440,10024.630
195.240,-155.232,1676.724,247.200,-0.620,-0.069,0.204,0.080,-0.330,10026.010
195.260,-155.486,1675.273,247.520,0.250,0.062,0.252,-0.660,-0.560,10027.380
195.280,-155.737,1673.830,246.050,-0.170,0.045,-0.032,-0.230,-0.320,10028.750
195.300,-155.992,1672.374,248.590,-0.830,-0.024,0.177,-0.610,0.140,10030.130
195.320,-156.244,1670.927,246.910,0.080,0.062,-0.024,-0.580,0.120,10031.500
195.340,-156.497,1669.478,247.290,-0.420,-0.072,0.259,0.050,-0.170,10032.870
195.360,-156.752,1668.019,249.030,0.570,-0.085,0.251,-0.030,-0.080,10034.260
195.380,-157.010,1666.541,252.540,-1.010,0.013,0.213,0.390,-0.250,10035.660
195.400,-157.266,1665.073,250.620,0.470,0.022,-0.027,0.380,-0.030,10037.050
195.420,-157.524,1663.597,252.160,0.860,-0.008,0.300,-0.440,-0.210,10038.450
195.440,-157.781,1662.125,251.380,-0.110,0.055,-0.062,-0.970,0.490,10039.850
195.460,-158.042,1660.634,254.980,-1.320,-0.033,0.240,-0.470,0.400,10041.270
195.480,-158.303,1659.139,255.710,1.730,0.060,0.251,-0.360,0.220,10042.690
195.500,-158.563,1657.652,254.200,0.470,0.039,-0.062,0.280,0.010,10044.100
195.520,-158.821,1656.173,252.570,-0.720,0.093,-0.055,0.310,0.340,10045.500
195.540,-159.083,1654.675,256.290,0.490,-0.089,0.281,-0.020,0.030,10046.930
195.560,-159.346,1653.165,258.290,-1.680,-0.024,0.248,0.370,0.050,10048.360
195.580,-159.610,1651.655,258.390,1.180,-0.045,0.259,1.280,-0.520,10049.800
195.600,-159.875,1650.140,259.320,2.120,0.039,0.311,-0.060,0.080,10051.240
195.620,-160.141,1648.619,260.520,0.820,0.079,0.294,-0.120,-0.390,10052.690
195.640,-160.407,1647.100,260.020,-1.000,-0.019,-0.081,-0.420,-0.120,10054.130
195.660,-160.672,1645.583,259.690,-1.990,0.030,0.002,0.160,0.050,10055.570
195.680,-160.941,1644.045,263.470,1.360,0.072,0.291,0.570,-0.270,10057.040
195.700,-161.208,1642.516,261.820,-0.150,0.016,-0.005,-0.250,0.140,10058.490
195.720,-161.476,1640.986,262.140,-0.390,0.035,0.231,-0.200,0.320,10059.950
195.740,-161.746,1639.437,265.480,1.160,-0.099,0.256,-0.260,-0.270,10061.420
195.760,-162.016,1637.897,263.860,-0.590,0.078,-0.062,-0.580,0.040,10062.890
195.780,-162.286,1636.350,265.080,0.760,-0.015,0.254,0.070,-0.370,10064.360
195.800,-162.561,1634.780,269.470,0.020,0.133,0.303,0.080,-0.350,10065.860
195.820,-162.837,1633.205,270.270,0.250,-0.043,0.254,-0.020,0.090,10067.360
195.840,-163.112,1631.629,270.470,1.630,0.024,0.198,0.920,0.210,10068.860
195.860,-163.388,1630.052,270.610,-0.490,0.041,0.239,0.200,-0.450,10070.360
195.880,-163.666,1628.467,271.990,-0.580,-0.125,0.230,-0.560,0.610,10071.880
195.900,-163.945,1626.872,273.990,-0.200,0.089,0.304,0.320,-0.150,10073.400
195.920,-164.224,1625.280,273.480,-1.200,0.037,-0.074,-0.170,0.060,10074.920
195.940,-164.502,1623.690,273.000,0.940,-0.075,-0.062,-0.160,-0.160,10076.430
195.960,-164.782,1622.090,274.730,0.800,0.018,0.239,-0.090,-0.090,10077.960
195.980,-165.060,1620.498,273.510,-0.010,0.018,-0.002,-0.140,0.460,10079.480
196.000,-165.341,1618.896,275.210,-0.920,-0.007,0.279,0.130,0.450,10081.010
196.020,-165.622,1617.289,276.070,-2.750,-0.030,0.267,1.060,-0.500,10082.540
196.040,-165.904,1615.681,276.370,-0.830,-0.003,0.257,-0.180,-0.170,10084.080
196.060,-166.186,1614.069,276.890,-0.230,0.043,0.256,0.040,0.890,10085.620
196.080,-166.471,1612.441,280.080,-1.900,0.041,0.252,0.120,-0.130,10087.170
196.100,-166.754,1610.826,277.510,2.490,0.000,0.012,-0.260,0.130,10088.710
196.120,-167.039,1609.198,279.950,0.420,0.011,0.212,-0.200,0.340,10090.270
196.140,-167.323,1607.578,278.590,0.540,-0.006,-0.133,0.500,0.260,10091.820
196.160,-167.606,1605.959,278.300,-0.150,-0.049,-0.037,-0.260,-0.850,10093.360
196.180,-167.895,1604.310,283.890,0.740,-0.003,0.292,-0.440,0.100,10094.940
196.200,-168.185,1602.655,284.820,-0.300,-0.037,0.256,0.890,0.520,10096.520
196.220,-168.473,1601.011,282.950,-0.160,-0.050,-0.109,-0.600,0.010,10098.090
196.240,-168.763,1599.358,284.550,1.400,-0.121,0.272,0.440,-0.310,10099.680
196.260,-169.053,1597.703,284.830,1.100,-0.020,0.218,-0.100,-0.310,10101.260
196.280,-169.343,1596.044,285.620,-0.010,0.039,0.211,-0.610,-0.060,10102.840
196.300,-169.634,1594.383,286.110,2.020,0.061,0.221,-0.190,0.200,10104.430
196.320,-169.928,1592.709,288.320,-0.080,0.022,0.202,-0.110,0.870,10106.040
196.340,-170.221,1591.038,287.850,-0.510,-0.065,-0.044,-0.820,-0.090,10107.630
196.360,-170.515,1589.356,289.830,0.130,-0.008,0.231,0.210,0.170,10109.250
196.380,-170.813,1587.659,292.500,0.300,-0.058,0.210,0.160,-0.460,10110.870
196.400,-171.109,1585.969,291.370,-1.190,0.095,0.021,-0.170,-0.510,10112.490
196.420,-171.406,1584.277,291.760,0.490,-0.019,0.234,0.240,-0.150,10114.110
196.440,-171.702,1582.586,291.510,2.110,-0.025,-0.048,0.100,0.130,10115.730
196.460,-172.000,1580.886,293.130,0.950,0.046,0.297,0.650,-0.030,10117.360
196.480,-172.297,1579.195,291.440,0.660,-0.002,-0.030,-0.540,0.020,10118.980
196.500,-172.599,1577.473,297.040,0.480,0.054,0.307,-0.150,-0.080,10120.630
196.520,-172.898,1575.768,294.090,-1.000,-0.056,-0.071,0.500,-0.010,10122.260
196.540,-173.196,1574.067,293.440,-1.000,0.004,-0.019,0.270,-0.090,10123.890
196.560,-173.498,1572.346,296.950,0.160,0.025,0.265,-1.150,-0.400,10125.540
196.580,-173.801,1570.617,298.420,-0.430,-0.131,0.280,-0.830,-0.450,10127.200
196.600,-174.107,1568.876,300.670,-1.450,-0.034,0.275,0.000,0.410,10128.870
196.620,-174.411,1567.139,299.840,-0.350,-0.031,-0.073,0.820,-0.250,10130.530
196.640,-174.718,1565.393,301.650,0.450,0.003,0.335,-0.220,-0.070,10132.210
196.660,-175.025,1563.642,302.450,0.580,-0.016,0.182,0.320,0.360,10133.890
196.680,-175.333,1561.887,303.090,-0.830,0.015,0.224,0.040,-0.080,10135.570
196.700,-175.638,1560.145,300.930,-0.050,-0.012,-0.030,0.290,0.260,10137.250
196.720,-175.947,1558.384,304.190,0.410,0.057,0.259,0.540,-0.270,10138.940
196.740,-176.254,1556.635,302.130,-1.270,0.106,-0.046,0.470,0.470,10140.610
196.760,-176.567,1554.854,307.990,-0.770,-0.075,0.271,0.450,0.070,10142.330
196.780,-176.878,1553.079,306.830,-0.010,0.001,-0.075,-0.310,-0.010,10144.030
196.800,-177.189,1551.311,305.640,-0.910,0.054,-0.025,-0.080,-0.050,10145.730
196.820,-177.501,1549.530,307.930,-0.330,-0.035,0.246,0.260,0.230,10147.440
196.840,-177.813,1547.756,306.640,2.500,0.014,-0.008,0.240,0.070,10149.140
196.860,-178.124,1545.982,306.610,-1.510,-0.019,-0.059,0.300,-0.960,10150.850
196.880,-178.440,1544.184,311.050,1.420,-0.050,0.264,-0.880,-0.130,10152.570
196.900,-178.754,1542.397,309.050,0.340,-0.051,-0.031,0.600,0.100,10154.290
196.920,-179.069,1540.599,311.040,-1.220,-0.124,0.277,-0.850,-0.290,10156.020
196.940,-179.386,1538.794,312.410,0.680,0.008,0.251,-0.380,-0.150,10157.760
196.960,-179.703,1536.987,312.620,0.040,0.012,0.241,0.100,-0.120,10159.490
196.980,-180.020,1535.183,312.140,1.210,-0.048,-0.073,-0.010,0.480,10161.230
197.000,-180.339,1533.366,314.560,0.660,-0.014,0.265,0.710,0.180,10162.970
197.020,-180.659,1531.544,315.480,0.200,-0.072,0.193,-0.590,0.100,10164.730
197.040,-180.981,1529.712,317.360,-0.310,0.027,0.259,-0.180,-0.350,10166.490
197.060,-181.306,1527.865,320.000,1.170,-0.020,0.261,-0.980,-0.210,10168.270
197.080,-181.625,1526.047,314.670,-0.390,0.039,0.006,0.070,0.260,10170.020
197.100,-181.947,1524.215,317.220,-1.400,-0.016,0.230,-0.100,0.200,10171.780
197.120,-182.271,1522.371,319.540,-1.900,-0.049,0.256,-0.620,-0.430,10173.550
197.140,-182.595,1520.524,320.000,-1.240,-0.027,0.255,0.650,0.420,10175.330
197.160,-182.980,1518.685,41.780,-2.420,-0.268,0.008,-0.460,-0.260,10175.560
197.180,-183.425,1516.859,42.590,2.330,-0.241,0.334,-0.730,2.380,10175.800
197.200,-183.929,1515.049,44.240,-1.810,-0.241,0.923,-1.090,2.650,10176.040
197.220,-184.491,1513.258,45.390,-3.980,-0.284,1.062,-1.670,3.030,10176.300
197.240,-185.110,1511.486,46.910,-2.640,-0.299,1.568,-2.560,6.680,10176.560
197.260,-185.787,1509.736,48.440,-2.850,-0.306,1.682,-3.340,6.420,10176.830
197.280,-186.520,1508.010,50.240,-1.200,-0.339,2.047,-4.110,6.790,10177.110
197.300,-187.309,1506.310,52.350,-0.670,-0.336,2.240,-4.950,7.240,10177.400
197.320,-188.151,1504.637,54.100,-4.440,-0.403,2.352,-5.690,7.990,10177.700
197.340,-189.048,1502.994,55.880,-1.540,-0.404,2.428,-6.700,10.530,10178.010
197.360,-189.997,1501.382,57.950,0.160,-0.416,2.584,-7.900,10.500,10178.330
197.380,-190.997,1499.803,59.500,-1.140,-0.486,2.419,-9.010,8.310,10178.660
197.400,-192.047,1498.259,61.370,-2.550,-0.505,2.403,-9.760,8.350,10179.000
197.420,-193.147,1496.752,63.040,-3.430,-0.538,2.605,-10.540,8.470,10179.350
197.440,-194.294,1495.282,64.810,-5.470,-0.534,2.439,-11.600,9.010,10179.710
197.460,-195.487,1493.853,66.410,-2.620,-0.584,2.573,-12.580,10.360,10180.080
197.480,-196.725,1492.464,67.900,-5.250,-0.596,2.291,-13.600,7.890,10180.460
197.500,-198.007,1491.119,69.230,-8.400,-0.609,2.281,-14.660,12.480,10180.840
197.520,-199.331,1489.818,70.940,-7.850,-0.655,2.304,-15.850,10.310,10181.240
197.540,-200.695,1488.563,72.710,-9.650,-0.665,2.379,-16.710,9.610,10181.640
197.560,-202.099,1487.354,74.480,-9.310,-0.717,2.357,-17.430,9.810,10182.050
197.580,-203.539,1486.195,75.700,-7.360,-0.728,2.170,-18.460,6.960,10182.470
197.600,-205.015,1485.084,77.200,-10.940,-0.719,2.155,-19.530,7.180,10182.900
197.620,-206.525,1484.025,78.690,-13.020,-0.755,2.170,-20.590,11.090,10183.340
197.640,-208.067,1483.018,80.030,-10.190,-0.796,2.072,-21.500,11.300,10183.780
197.660,-209.639,1482.063,81.260,-10.540,-0.857,1.951,-22.340,5.220,10184.240
197.680,-211.240,1481.163,81.920,-15.480,-0.859,1.614,-23.310,8.070,10184.690
197.700,-212.868,1480.318,83.020,-11.840,-0.887,1.590,-24.610,9.410,10185.150
197.720,-214.520,1479.528,84.040,-13.720,-0.942,1.606,-25.310,6.990,10185.620
197.740,-216.194,1478.795,85.080,-17.590,-0.950,1.501,-26.230,9.430,10186.090
197.760,-217.890,1478.120,86.150,-14.940,-0.991,1.471,-27.310,8.280,10186.570
197.780,-219.604,1477.503,86.730,-20.740,-1.014,1.328,-28.400,7.350,10187.050
197.800,-221.336,1476.944,87.200,-20.130,-1.057,0.993,-29.440,5.220,10187.540
197.820,-223.082,1476.445,87.660,-22.190,-1.102,0.985,-30.290,5.790,10188.020
197.840,-224.840,1476.005,87.940,-22.840,-1.137,0.813,-31.560,4.450,10188.510
197.860,-226.610,1475.626,88.230,-19.940,-1.155,0.723,-32.070,5.280,10189.000
197.880,-228.388,1475.307,88.280,-22.300,-1.151,0.522,-32.470,4.510,10189.490
197.900,-230.173,1475.049,87.980,-24.970,-1.162,0.148,-32.780,2.190,10189.980
197.920,-231.962,1474.851,87.700,-24.330,-1.178,0.027,-33.220,-0.470,10190.470
197.940,-233.753,1474.715,87.150,-24.810,-1.190,-0.167,-33.620,2.670,10190.950
197.960,-235.545,1474.640,86.310,-23.090,-1.149,-0.479,-33.390,2.450,10191.430
197.980,-237.335,1474.626,85.540,-19.090,-1.141,-0.727,-33.550,3.140,10191.910
198.000,-239.121,1474.672,84.530,-23.150,-1.165,-0.878,-33.460,4.370,10192.380
198.020,-240.902,1474.780,84.390,-22.980,-1.143,-0.639,-33.570,5.760,10192.850
198.040,-242.674,1474.948,84.010,-20.430,-1.133,-0.704,-33.790,3.060,10193.310
198.060,-244.436,1475.176,83.490,-24.580,-1.109,-0.793,-33.960,3.660,10193.780
198.080,-246.186,1475.465,82.650,-20.760,-1.102,-0.721,-33.990,5.790,10194.240
198.100,-247.921,1475.812,82.070,-24.180,-1.055,-0.807,-34.030,3.790,10194.690
198.120,-249.641,1476.219,81.430,-23.960,-1.045,-0.879,-34.190,3.470,10195.140
198.140,-251.342,1476.683,80.280,-23.750,-1.032,-1.112,-34.250,7.170,10195.590
198.160,-253.022,1477.206,79.370,-23.140,-1.019,-1.138,-34.320,5.830,10196.030
198.180,-254.681,1477.785,78.750,-23.150,-0.989,-1.002,-34.520,5.580,10196.470
198.200,-256.316,1478.421,77.890,-21.970,-0.963,-1.200,-34.800,5.790,10196.900
198.220,-257.924,1479.111,77.010,-23.400,-0.955,-1.174,-34.890,6.650,10197.330
198.240,-259.504,1479.856,76.470,-22.250,-0.937,-0.938,-35.140,6.180,10197.750
198.260,-261.055,1480.654,75.540,-25.560,-0.923,-1.072,-35.300,5.410,10198.170
198.280,-262.574,1481.505,75.310,-20.680,-0.890,-0.838,-35.340,2.470,10198.590
198.300,-264.060,1482.406,74.770,-19.890,-0.905,-0.823,-35.460,5.140,10199.010
198.320,-265.511,1483.358,73.810,-21.550,-0.892,-0.982,-35.400,4.710,10199.420
198.340,-266.925,1484.359,73.190,-20.380,-0.875,-0.991,-35.650,6.510,10199.820
198.360,-268.300,1485.407,72.320,-23.460,-0.826,-1.077,-36.060,4.080,10200.230
198.380,-269.635,1486.501,71.360,-18.570,-0.789,-1.091,-35.900,4.930,10200.620
198.400,-270.929,1487.639,70.920,-21.080,-0.774,-1.016,-36.000,2.880,10201.020
198.420,-272.180,1488.821,70.080,-24.520,-0.786,-1.027,-36.100,6.340,10201.410
198.440,-273.386,1490.045,69.010,-18.710,-0.769,-1.179,-36.320,7.500,10201.790
198.460,-274.546,1491.309,68.280,-19.570,-0.715,-1.009,-36.650,4.230,10202.170
198.480,-275.659,1492.612,67.780,-17.150,-0.713,-1.018,-36.760,4.700,10202.550
198.500,-276.723,1493.951,66.890,-17.390,-0.702,-1.018,-36.690,3.750,10202.920
198.520,-277.738,1495.326,66.060,-17.850,-0.688,-1.069,-36.780,4.050,10203.280
198.540,-278.701,1496.735,65.150,-19.390,-0.693,-1.173,-36.890,6.530,10203.650
198.560,-279.612,1498.175,64.600,-18.770,-0.694,-1.126,-37.150,4.570,10204.000
198.580,-280.470,1499.645,64.020,-22.090,-0.692,-0.985,-36.440,5.540,10204.360
198.600,-281.274,1501.143,63.720,-20.170,-0.678,-0.759,-35.810,3.990,10204.710
198.620,-282.023,1502.668,63.690,-13.240,-0.653,-0.655,-34.650,4.720,10205.070
198.640,-282.715,1504.217,63.880,-22.250,-0.641,-0.279,-33.730,1.670,10205.420
198.660,-283.351,1505.788,64.310,-17.730,-0.627,0.032,-32.550,2.990,10205.780
198.680,-283.929,1507.380,64.480,-17.990,-0.584,0.045,-31.650,4.140,10206.140
198.700,-284.450,1508.991,64.900,-15.780,-0.546,0.263,-30.750,-0.540,10206.500
198.720,-284.911,1510.618,65.070,-16.620,-0.568,0.226,-29.560,1.790,10206.860
198.740,-285.313,1512.259,65.500,-14.080,-0.570,0.371,-28.260,2.300,10207.220
198.760,-285.655,1513.913,66.050,-15.940,-0.579,0.559,-26.960,2.040,10207.590
198.780,-285.937,1515.577,66.310,-13.860,-0.579,0.342,-25.720,2.970,10207.960
198.800,-286.158,1517.249,66.690,-14.070,-0.582,0.422,-24.230,4.320,10208.330
198.820,-286.319,1518.928,66.890,-14.770,-0.616,0.489,-23.080,-0.020,10208.700
198.840,-286.419,1520.610,67.380,-14.480,-0.594,0.584,-22.000,0.160,10209.080
198.860,-286.457,1522.295,67.170,-10.450,-0.586,0.175,-20.860,4.270,10209.450
198.880,-286.435,1523.980,67.360,-11.150,-0.592,0.352,-19.760,2.060,10209.820
198.900,-286.351,1525.663,68.030,-9.810,-0.605,0.315,-18.470,2.450,10210.200
198.920,-286.207,1527.341,68.200,-8.640,-0.622,0.438,-17.090,1.170,10210.580
198.940,-286.002,1529.013,68.660,-11.520,-0.641,0.488,-15.720,3.060,10210.960
198.960,-285.736,1530.676,69.480,-10.400,-0.647,0.639,-14.620,5.580,10211.350
198.980,-285.411,1532.330,70.100,-9.920,-0.666,0.698,-13.450,4.520,10211.740
199.000,-285.025,1533.970,70.970,-6.580,-0.683,0.847,-12.330,4.620,10212.130
199.020,-284.580,1535.596,71.250,-7.800,-0.704,0.730,-10.960,1.310,10212.530
199.040,-284.077,1537.206,71.540,-6.990,-0.724,0.761,-9.930,5.230,10212.930
199.060,-283.515,1538.796,71.880,-8.820,-0.700,0.642,-8.770,3.660,10213.320
199.080,-282.895,1540.367,72.050,-4.490,-0.717,0.572,-8.040,2.520,10213.720
199.100,-282.219,1541.914,72.420,-3.790,-0.742,0.478,-6.740,4.120,10214.130
199.120,-281.487,1543.438,72.590,-3.700,-0.750,0.435,-5.390,1.750,10214.530
199.140,-280.700,1544.935,73.300,-3.790,-0.787,0.535,-4.070,4.290,10214.940
199.160,-279.859,1546.403,73.860,-1.320,-0.776,0.638,-2.880,5.610,10215.350
199.180,-279.672,1546.668,74.090,1.380,0.036,-0.038,-0.130,-0.270,10215.760
199.200,-279.487,1546.929,73.490,-1.710,-0.019,-0.094,0.110,0.060,10216.170
199.220,-279.302,1547.191,73.530,-1.550,-0.028,0.259,0.270,0.360,10216.580
199.240,-279.112,1547.461,75.230,-0.320,-0.066,0.242,0.120,0.460,10217.000
199.260,-278.924,1547.726,74.270,-0.550,-0.054,-0.009,0.260,-0.160,10217.410
199.280,-278.725,1548.013,78.740,0.310,0.088,0.243,-0.760,-0.480,10217.850
199.300,-278.541,1548.274,73.330,-1.930,0.042,-0.075,0.450,-0.210,10218.250
199.320,-278.350,1548.546,75.530,0.330,0.065,0.210,-0.370,0.240,10218.670
199.340,-278.157,1548.821,76.390,1.280,-0.043,0.255,-0.820,-0.220,10219.100
199.360,-277.964,1549.097,76.480,-0.980,0.090,0.234,0.920,0.320,10219.520
199.380,-277.773,1549.370,75.680,-0.380,-0.003,-0.013,0.710,-0.220,10219.940
199.400,-277.574,1549.656,78.630,-0.800,-0.039,0.269,-0.010,-0.170,10220.380
199.420,-277.377,1549.940,78.050,0.320,-0.054,-0.053,0.530,-0.050,10220.810
199.440,-277.179,1550.226,78.430,-1.080,-0.052,0.269,-0.170,0.280,10221.250
199.460,-276.985,1550.502,76.580,-1.200,-0.037,0.002,-0.230,-0.480,10221.670
199.480,-276.790,1550.782,77.240,-0.150,-0.045,0.215,-0.300,0.080,10222.100
199.500,-276.591,1551.070,78.850,0.340,0.045,0.231,-0.320,0.080,10222.540
199.520,-276.397,1551.347,76.730,0.150,0.130,0.008,-0.130,-0.300,10222.970
199.540,-276.196,1551.639,79.650,-0.440,-0.012,0.227,-0.360,0.110,10223.410
199.560,-275.996,1551.926,78.760,0.670,-0.011,-0.030,-1.420,-0.050,10223.850
199.580,-275.792,1552.223,80.780,0.230,-0.093,0.286,-0.090,-0.340,10224.300
199.600,-275.593,1552.511,78.800,-1.170,-0.046,-0.050,-0.480,-0.020,10224.730
199.620,-275.384,1552.816,82.430,-2.680,-0.081,0.271,0.150,-0.310,10225.190
199.640,-275.180,1553.112,80.590,0.520,0.041,-0.059,-0.120,-0.190,10225.640
199.660,-274.975,1553.410,81.020,-0.260,0.097,0.304,0.320,0.260,10226.090
199.680,-274.773,1553.701,79.470,-1.110,-0.054,-0.063,0.010,-0.090,10226.530
199.700,-274.568,1554.000,81.160,1.630,-0.010,0.221,-0.630,0.260,10226.980
199.720,-274.365,1554.294,80.220,1.610,-0.012,-0.023,-0.630,-0.050,10227.430
199.740,-274.165,1554.583,79.000,1.270,0.034,-0.029,-0.620,-0.290,10227.870
199.760,-273.959,1554.882,81.280,0.230,0.005,0.254,-0.430,0.140,10228.320
199.780,-273.747,1555.193,83.580,-3.160,0.106,0.251,-0.350,0.170,10228.780
199.800,-273.540,1555.496,82.010,1.180,-0.037,-0.065,0.460,-0.370,10229.240
199.820,-273.332,1555.799,81.930,-0.920,0.045,-0.072,0.090,0.340,10229.690
199.840,-273.124,1556.103,82.180,-0.560,-0.030,0.232,-0.930,0.460,10230.150
199.860,-272.905,1556.427,86.270,0.900,-0.080,0.259,-0.440,0.190,10230.630
199.880,-272.691,1556.740,84.080,2.030,0.071,-0.056,-0.020,0.020,10231.100
199.900,-272.486,1557.038,81.050,1.540,0.094,-0.095,-0.500,0.600,10231.550
199.920,-272.276,1557.346,82.890,0.170,0.020,0.237,0.040,0.160,10232.010
199.940,-272.065,1557.656,83.370,0.740,-0.032,0.244,-0.420,0.060,10232.470
199.960,-271.854,1557.964,83.150,-1.110,-0.057,-0.035,-0.070,0.510,10232.930
199.980,-271.639,1558.280,84.600,-1.620,0.028,0.259,-0.280,0.480,10233.400
200.000,-271.426,1558.592,83.910,1.080,-0.106,0.003,0.060,-0.430,10233.870
200.020,-271.213,1558.906,84.260,0.320,0.044,0.221,0.720,-0.150,10234.340
200.040,-270.996,1559.227,85.530,-1.450,-0.021,0.267,0.450,0.180,10234.810
200.060,-270.784,1559.536,83.250,-0.050,-0.022,-0.031,-0.540,0.370,10235.270
200.080,-270.575,1559.842,82.610,0.620,-0.054,-0.042,1.260,-0.350,10235.730
200.100,-270.352,1560.174,87.960,0.910,-0.072,0.241,0.590,0.270,10236.220
200.120,-270.129,1560.505,87.620,0.630,-0.003,-0.071,-0.340,-0.120,10236.710
200.140,-269.907,1560.833,87.180,-0.360,0.010,-0.051,-0.430,0.220,10237.190
200.160,-269.685,1561.162,87.350,-0.850,-0.005,0.196,0.170,-0.170,10237.680
200.180,-269.465,1561.489,86.880,0.120,0.055,-0.078,0.350,-0.700,10238.160
200.200,-269.231,1561.841,91.950,0.800,0.003,0.221,0.880,-0.530,10238.670
200.220,-269.007,1562.173,87.980,0.910,0.036,-0.035,0.250,-0.340,10239.160
200.240,-268.773,1562.524,91.870,1.580,-0.073,0.269,-0.330,-0.180,10239.670
200.260,-268.540,1562.873,91.320,0.040,-0.022,-0.082,-0.250,-0.000,10240.180
200.280,-268.314,1563.211,89.190,-1.110,0.074,-0.089,0.310,-0.160,10240.670
200.300,-268.089,1563.546,88.440,1.090,0.049,-0.094,-0.670,-0.010,10241.170
200.320,-267.862,1563.883,89.050,0.080,0.017,0.279,0.750,-0.150,10241.660
200.340,-267.637,1564.219,88.690,-1.280,-0.019,-0.023,-0.270,-0.000,10242.150
200.360,-267.407,1564.562,90.250,0.620,-0.047,0.269,0.480,0.280,10242.650
200.380,-267.176,1564.908,90.830,1.410,-0.026,0.295,0.600,-0.000,10243.160
200.400,-266.952,1565.242,88.250,0.380,0.032,0.003,1.530,0.160,10243.650
200.420,-266.711,1565.605,94.280,1.420,-0.099,0.220,-0.150,0.210,10244.170
200.440,-266.484,1565.944,89.450,-0.480,0.090,-0.062,-0.140,-0.050,10244.670
200.460,-266.263,1566.271,86.860,-0.730,0.062,-0.027,-0.160,-0.540,10245.150
200.480,-266.031,1566.618,91.030,0.850,0.061,0.167,0.090,0.080,10245.660
200.500,-265.803,1566.959,89.700,-0.350,0.031,-0.058,-0.320,-0.200,10246.160
200.520,-265.570,1567.309,91.610,1.210,0.005,0.279,0.610,0.260,10246.670
200.540,-265.336,1567.661,92.060,0.170,0.019,0.240,0.500,0.410,10247.180
200.560,-265.099,1568.017,92.890,1.220,-0.018,0.272,-0.130,-0.080,10247.690
200.580,-264.859,1568.379,93.990,0.630,0.106,0.190,-0.360,0.050,10248.220
200.600,-264.627,1568.727,91.240,-0.900,-0.007,-0.041,-0.220,0.200,10248.720
200.620,-264.392,1569.081,92.470,-1.990,-0.024,0.236,-0.230,-0.240,10249.240
200.640,-264.151,1569.444,94.300,0.780,-0.013,0.243,0.250,0.000,10249.760
200.660,-263.915,1569.799,92.560,0.570,-0.036,-0.078,0.100,-0.460,10250.270
200.680,-263.684,1570.146,91.000,-1.020,0.040,-0.002,0.410,0.310,10250.780
200.700,-263.442,1570.512,95.010,0.800,-0.026,0.252,0.740,0.510,10251.310
200.720,-263.203,1570.872,93.500,1.390,-0.006,-0.046,0.150,0.030,10251.830
200.740,-262.965,1571.232,93.670,-0.710,0.067,0.312,0.300,-0.230,10252.350
200.760,-262.722,1571.598,95.060,-1.930,0.054,0.222,1.230,0.080,10252.880
200.780,-262.480,1571.966,95.150,0.970,-0.051,0.254,0.290,-0.380,10253.400
200.800,-262.232,1572.341,96.910,1.270,0.059,0.230,-0.240,-0.130,10253.940
200.820,-261.993,1572.702,93.800,-0.730,-0.071,-0.072,-0.030,-0.130,10254.460
200.840,-261.739,1573.090,99.340,0.770,-0.075,0.259,-0.830,-0.160,10255.020
200.860,-261.500,1573.452,94.090,0.330,-0.016,-0.058,0.270,0.070,10255.540
200.880,-261.255,1573.823,95.890,-0.110,0.015,0.309,-0.270,0.130,10256.070
200.900,-261.012,1574.191,95.440,0.580,-0.011,0.003,-0.450,0.000,10256.600
200.920,-260.764,1574.568,97.090,-0.500,0.022,0.245,-0.430,0.270,10257.140
200.940,-260.515,1574.946,97.300,-1.100,-0.019,0.204,0.570,0.120,10257.680
200.960,-260.266,1575.326,97.790,0.410,-0.103,0.241,-0.130,-0.150,10258.220
200.980,-260.015,1575.708,98.200,0.270,-0.010,0.281,0.380,-0.030,10258.770
201.000,-259.759,1576.099,100.030,-2.550,-0.076,0.223,0.190,-0.020,10259.330
201.020,-259.508,1576.483,98.570,-1.180,0.000,-0.002,0.100,-0.110,10259.870
201.040,-259.250,1576.878,100.690,-0.670,-0.063,0.267,-0.190,0.150,10260.430
201.060,-259.005,1577.250,96.240,0.520,0.026,-0.085,0.250,-0.640,10260.970
201.080,-258.760,1577.621,95.860,-1.520,0.068,-0.070,-0.210,0.010,10261.500
201.100,-258.506,1578.010,99.590,-0.320,-0.086,0.234,0.080,0.090,10262.050
201.120,-258.250,1578.402,100.160,1.940,-0.102,0.226,0.550,0.180,10262.610
201.140,-257.997,1578.788,99.130,0.070,-0.015,-0.084,0.660,0.330,10263.160
201.160,-257.741,1579.180,100.190,0.130,0.056,0.233,-0.220,-0.040,10263.720
201.180,-257.480,1579.581,102.080,-0.060,0.008,0.239,0.190,0.250,10264.280
201.200,-257.220,1579.981,101.740,0.980,-0.021,-0.011,0.290,0.180,10264.850
201.220,-256.963,1580.374,100.500,0.040,-0.054,-0.037,0.120,0.080,10265.410
201.240,-256.703,1580.772,101.560,-0.220,0.036,0.265,0.380,-0.420,10265.970
201.260,-256.441,1581.176,102.670,0.150,0.077,0.260,0.390,0.330,10266.540
201.280,-256.185,1581.567,99.950,1.330,-0.093,-0.074,0.920,0.030,10267.100
201.300,-255.927,1581.962,100.860,0.400,0.015,0.284,1.080,-0.080,10267.660
201.320,-255.662,1582.371,103.710,0.060,0.127,0.237,-0.080,-0.350,10268.230
201.340,-255.406,1582.762,100.000,1.180,-0.030,-0.060,0.830,-0.730,10268.790
201.360,-255.148,1583.159,101.230,-0.520,-0.010,0.261,0.220,0.570,10269.350
201.380,-254.889,1583.556,101.310,-3.200,-0.002,0.325,-0.090,0.090,10269.910
201.400,-254.621,1583.971,104.770,0.450,-0.020,0.233,0.300,-0.330,10270.500
201.420,-254.360,1584.372,102.030,0.440,0.055,-0.099,-0.120,-0.380,10271.060
201.440,-254.091,1584.787,105.110,-0.620,0.090,0.259,-0.020,-0.080,10271.650
201.460,-253.825,1585.196,103.660,-0.270,-0.085,-0.029,-0.550,0.240,10272.220
201.480,-253.551,1585.622,107.130,1.260,-0.047,0.237,0.040,0.190,10272.820
201.500,-253.282,1586.037,104.920,0.450,0.062,-0.068,0.470,0.200,10273.400
201.520,-253.009,1586.460,106.590,1.470,0.030,0.212,0.360,-0.270,10273.990
201.540,-252.738,1586.880,105.950,0.270,0.022,-0.040,0.180,-0.050,10274.580
201.560,-252.470,1587.295,104.850,-0.150,0.035,0.008,0.870,0.040,10275.160
201.580,-252.199,1587.714,105.770,0.710,0.005,0.301,1.070,-0.020,10275.750
201.600,-251.927,1588.134,106.070,0.370,0.024,0.259,0.250,0.160,10276.340
201.620,-251.657,1588.553,105.630,0.440,-0.016,-0.062,0.800,0.470,10276.930
201.640,-251.380,1588.982,107.920,-0.230,-0.011,0.261,0.170,0.060,10277.530
201.660,-251.097,1589.425,110.620,-0.570,-0.005,0.240,0.040,-0.180,10278.140
201.680,-250.822,1589.851,107.290,-0.530,-0.020,-0.069,0.480,-0.440,10278.740
201.700,-250.544,1590.284,108.460,0.520,0.023,0.255,-0.040,0.050,10279.340
201.720,-250.266,1590.716,108.450,0.650,0.015,-0.012,-1.180,-0.200,10279.940
201.740,-250.000,1591.126,104.000,-2.630,-0.093,-0.056,-0.130,0.130,10280.520
201.760,-249.721,1591.561,108.920,-0.730,-0.010,0.244,-0.750,0.110,10281.130
201.780,-249.441,1591.996,109.110,-1.590,0.001,0.242,-0.190,0.470,10281.730
201.800,-249.167,1592.420,106.840,-0.500,0.077,-0.026,-0.270,0.060,10282.330
201.820,-248.895,1592.842,106.300,-0.600,-0.014,-0.024,-0.270,0.140,10282.920
201.840,-248.613,1593.281,109.890,0.150,0.005,0.218,-0.530,-0.200,10283.530
201.860,-248.326,1593.731,111.980,0.190,-0.004,0.245,-0.600,-0.430,10284.150
201.880,-248.046,1594.167,109.230,2.130,0.066,-0.017,-0.320,0.320,10284.760
201.900,-247.765,1594.604,109.550,0.370,-0.060,0.240,-0.190,0.360,10285.370
201.920,-247.473,1595.062,113.780,0.640,-0.039,0.292,-0.150,-0.100,10286.000
201.940,-247.186,1595.512,111.920,-1.420,-0.043,-0.029,0.130,-0.580,10286.620
201.960,-246.906,1595.947,109.020,-0.330,0.001,0.003,0.350,0.410,10287.220
201.980,-246.624,1596.386,110.040,-1.080,-0.075,0.241,-0.500,0.360,10287.840
202.000,-246.330,1596.849,114.650,0.600,0.073,0.271,-0.440,-0.040,10288.470
202.020,-246.046,1597.292,110.650,0.050,0.021,-0.028,0.830,0.320,10289.090
202.040,-245.761,1597.737,111.110,-0.340,0.029,0.282,0.380,-0.010,10289.700
202.060,-245.471,1598.192,113.180,0.960,0.105,0.261,-0.390,0.070,10290.330
202.080,-245.183,1598.642,112.050,-0.270,-0.017,-0.017,-0.630,-0.490,10290.960
202.100,-244.892,1599.098,113.370,1.330,0.043,0.231,-0.250,0.370,10291.590
202.120,-244.601,1599.555,113.410,1.320,0.029,0.248,-0.130,-0.530,10292.220
202.140,-244.311,1600.009,113.020,-0.640,0.077,-0.095,0.340,0.520,10292.840
202.160,-244.015,1600.475,115.320,1.110,0.035,0.242,-1.150,0.550,10293.480
202.180,-243.728,1600.924,111.860,0.110,-0.025,-0.076,-0.480,-0.770,10294.110
202.200,-243.435,1601.384,114.210,-0.390,0.021,0.260,0.900,0.470,10294.740
202.220,-243.144,1601.840,113.430,0.390,-0.032,-0.020,0.010,-0.070,10295.370
202.240,-242.843,1602.314,117.030,-1.590,-0.023,0.267,0.030,0.130,10296.020
202.260,-242.549,1602.776,114.570,-0.540,-0.001,-0.027,-0.280,-0.420,10296.660
202.280,-242.245,1603.255,117.990,0.420,-0.009,0.253,0.390,-0.100,10297.310
202.300,-241.951,1603.718,114.740,-0.290,-0.045,-0.054,-0.900,-0.350,10297.950
202.320,-241.653,1604.186,115.800,1.080,-0.113,0.215,-0.210,-0.240,10298.590
202.340,-241.351,1604.663,117.530,-0.400,0.015,0.192,-1.040,0.370,10299.250
202.360,-241.057,1605.125,114.730,0.120,0.018,-0.095,-0.010,0.300,10299.880
202.380,-240.752,1605.608,118.700,-0.120,0.018,0.230,-0.220,0.250,10300.540
202.400,-240.452,1606.080,116.740,-1.530,0.095,-0.023,-0.810,-0.160,10301.190
202.420,-240.150,1606.557,117.580,0.390,-0.077,0.213,0.510,-0.210,10301.850
202.440,-239.846,1607.036,118.050,0.320,0.078,0.225,0.350,-0.490,10302.500
202.460,-239.545,1607.512,117.380,-1.930,0.125,-0.064,0.510,0.200,10303.150
202.480,-239.245,1607.984,116.550,-2.470,0.088,-0.011,-0.750,0.580,10303.800
202.500,-238.941,1608.463,118.170,-0.450,-0.017,0.249,-0.500,0.440,10304.460
202.520,-238.645,1608.929,115.280,1.230,0.023,-0.046,0.600,0.010,10305.100
202.540,-238.346,1609.401,116.600,2.720,-0.039,0.262,0.410,0.150,10305.750
202.560,-238.041,1609.882,118.620,-1.820,-0.034,0.292,0.700,0.070,10306.400
202.580,-237.729,1610.378,121.420,1.630,0.086,0.253,-0.120,0.270,10307.080
202.600,-237.416,1610.874,121.640,1.160,0.035,0.197,-0.050,0.520,10307.750
202.620,-237.104,1611.368,121.100,-0.580,0.038,-0.046,0.310,-0.170,10308.430
202.640,-236.802,1611.845,117.580,1.880,-0.056,-0.007,-0.680,-0.160,10309.080
202.660,-236.492,1612.337,120.610,0.470,-0.074,0.269,0.100,-0.090,10309.750
202.680,-236.186,1612.821,119.130,-0.230,0.053,-0.044,1.270,-0.010,10310.410
202.700,-235.875,1613.312,120.590,-1.780,0.021,0.261,-0.180,0.220,10311.080
202.720,-235.561,1613.813,122.390,0.100,-0.015,0.195,-0.800,-0.020,10311.760
202.740,-235.246,1614.312,122.210,0.040,0.087,-0.109,0.210,-0.260,10312.440
202.760,-234.928,1614.817,123.410,2.240,0.030,0.277,-0.450,-0.250,10313.130
202.780,-234.621,1615.304,119.640,-0.950,-0.043,-0.011,-0.050,-0.350,10313.790
202.800,-234.311,1615.795,120.490,-0.890,-0.097,0.231,0.540,-0.030,10314.460
202.820,-233.990,1616.306,124.550,-0.510,0.030,0.256,0.280,0.310,10315.150
202.840,-233.669,1616.818,124.840,2.660,-0.023,0.269,-0.240,0.130,10315.850
202.860,-233.353,1617.320,122.800,-1.150,-0.007,-0.000,0.420,0.170,10316.530
202.880,-233.036,1617.823,123.050,1.310,-0.011,0.248,-0.830,-0.330,10317.210
202.900,-232.714,1618.337,125.110,-1.560,0.072,0.272,0.100,-0.350,10317.910
202.920,-232.394,1618.847,124.420,0.430,0.042,0.010,-0.190,0.050,10318.600
202.940,-232.073,1619.359,124.790,0.100,-0.005,0.242,-1.180,0.370,10319.290
202.960,-231.757,1619.861,122.760,-0.700,-0.006,-0.048,-0.610,0.250,10319.970
202.980,-231.432,1620.379,126.140,0.720,0.014,0.217,-0.010,-0.200,10320.670
203.000,-231.112,1620.889,124.380,-0.800,0.066,-0.082,0.370,0.690,10321.370
203.020,-230.795,1621.392,122.860,-1.620,0.004,-0.024,0.010,-0.610,10322.050
203.040,-230.476,1621.900,124.040,-0.310,-0.029,0.286,-0.150,0.010,10322.740
203.060,-230.155,1622.411,124.580,-0.920,-0.060,0.285,0.400,0.030,10323.430
203.080,-229.826,1622.939,127.960,0.260,-0.004,0.219,0.140,-0.060,10324.140
203.100,-229.504,1623.451,124.970,-0.290,-0.060,-0.056,0.500,0.160,10324.830
203.120,-229.177,1623.973,126.860,1.560,0.017,0.264,0.290,-0.060,10325.540
203.140,-228.860,1624.478,123.380,-0.320,0.023,-0.118,-0.360,-0.450,10326.230
203.160,-228.529,1625.007,128.220,0.280,0.060,0.264,0.340,-0.030,10326.940
203.180,-228.205,1625.524,125.890,-1.160,-0.010,0.006,0.480,0.050,10327.640
203.200,-227.875,1626.052,127.930,-0.430,0.052,0.284,0.700,0.270,10328.350
203.220,-227.545,1626.580,128.200,-0.910,0.081,0.178,-0.260,0.430,10329.060
203.240,-227.213,1627.112,128.820,1.180,0.004,0.262,-0.180,-0.260,10329.780
203.260,-226.882,1627.642,128.640,-0.760,0.112,-0.044,0.440,0.500,10330.490
203.280,-226.543,1628.186,131.280,-0.650,0.072,0.258,0.420,-0.130,10331.220
203.300,-226.211,1628.718,128.990,0.300,-0.024,-0.047,-0.260,-0.150,10331.940
203.320,-225.870,1629.267,132.310,-0.710,0.147,0.240,-0.340,-0.120,10332.670
203.340,-225.534,1629.805,130.160,1.410,-0.003,-0.120,-0.220,-0.590,10333.390
203.360,-225.199,1630.342,129.880,1.960,0.070,-0.041,0.040,-0.130,10334.120
203.380,-224.861,1630.885,131.080,-0.900,0.031,0.269,-0.440,0.390,10334.840
203.400,-224.525,1631.424,130.300,0.850,0.015,-0.067,0.210,0.140,10335.570
203.420,-224.188,1631.965,130.940,-0.840,0.065,0.288,-0.860,0.070,10336.300
203.440,-223.850,1632.508,131.060,-0.360,0.008,0.201,-0.420,0.110,10337.020
203.460,-223.512,1633.051,131.170,0.690,-0.004,0.198,0.090,0.380,10337.750
203.480,-223.165,1633.609,134.250,0.140,-0.002,0.253,-0.460,-0.260,10338.500
203.500,-222.818,1634.170,134.740,0.170,-0.057,0.230,-0.210,0.270,10339.250
203.520,-222.477,1634.717,132.090,1.100,0.053,-0.021,-0.060,0.020,10339.980
203.540,-222.132,1635.273,133.760,1.090,-0.033,0.237,1.060,-0.240,10340.720
203.560,-221.786,1635.830,133.930,0.050,0.011,0.291,-0.650,0.140,10341.470
203.580,-221.440,1636.387,134.040,-0.630,0.001,0.228,0.120,0.030,10342.210
203.600,-221.096,1636.941,133.480,0.000,0.030,-0.046,-0.510,-0.240,10342.950
203.620,-220.751,1637.497,133.930,-1.010,-0.001,0.190,-0.530,-0.320,10343.700
203.640,-220.405,1638.055,134.050,0.790,-0.013,0.248,-0.440,-0.130,10344.440
203.660,-220.063,1638.604,132.390,-0.190,0.021,-0.048,-0.080,-0.150,10345.180
203.680,-219.719,1639.159,133.630,-1.110,0.016,0.286,0.720,0.370,10345.920
203.700,-219.378,1639.707,132.200,1.340,-0.053,-0.095,0.590,-0.060,10346.650
203.720,-219.029,1640.269,135.130,-0.010,-0.005,0.242,-0.230,-0.110,10347.410
203.740,-218.680,1640.832,135.170,-0.750,0.063,0.294,-0.130,0.340,10348.160
203.760,-218.329,1641.398,135.840,1.140,0.123,0.298,0.300,0.400,10348.910
203.780,-217.984,1641.954,133.900,1.260,-0.085,-0.075,0.030,-0.250,10349.660
203.800,-217.631,1642.524,136.770,-1.890,0.041,0.229,-0.320,-0.370,10350.410
203.820,-217.279,1643.093,136.300,1.110,0.005,-0.101,0.330,0.150,10351.170
203.840,-216.920,1643.675,139.210,0.160,-0.030,0.186,0.810,-0.060,10351.950
203.860,-216.565,1644.248,137.330,0.970,-0.021,-0.062,0.530,-0.160,10352.710
203.880,-216.215,1644.812,135.490,-0.070,-0.047,-0.069,0.680,0.310,10353.460
203.900,-215.868,1645.372,134.630,0.380,-0.068,0.012,-0.070,-0.080,10354.210
203.920,-215.514,1645.945,137.250,-0.300,0.019,0.260,-0.540,0.580,10354.970
203.940,-215.164,1646.510,135.650,0.990,0.089,-0.056,-1.000,0.010,10355.730
203.960,-214.812,1647.078,136.350,-0.670,0.018,0.270,-1.040,0.050,10356.480
203.980,-214.460,1647.646,136.270,1.030,0.009,-0.019,-0.100,0.670,10357.240
204.000,-214.106,1648.218,137.120,0.180,-0.031,0.286,0.250,0.090,10358.000
204.020,-213.743,1648.807,140.440,0.760,-0.047,0.258,0.420,-0.210,10358.780
204.040,-213.389,1649.378,137.070,-1.010,0.001,-0.051,0.120,-0.310,10359.540
204.060,-213.032,1649.956,138.150,0.420,-0.051,0.255,-0.360,-0.140,10360.310
204.080,-212.679,1650.527,136.910,0.530,0.056,-0.052,0.330,0.070,10361.070
204.100,-212.326,1651.097,136.760,1.850,-0.029,-0.066,-0.600,0.270,10361.830
204.120,-211.967,1651.679,139.160,0.700,-0.042,0.281,-0.550,-0.450,10362.600
204.140,-211.604,1652.266,140.160,-0.590,0.113,0.244,0.310,0.000,10363.380
204.160,-211.247,1652.844,138.390,-0.630,0.065,-0.080,-0.620,0.380,10364.150
204.180,-210.891,1653.421,138.100,0.760,-0.060,-0.049,-0.380,0.080,10364.920
204.200,-210.535,1653.997,137.840,-0.540,-0.044,-0.029,-0.490,0.410,10365.680
204.220,-210.170,1654.589,141.130,-0.520,-0.010,0.206,0.080,-0.450,10366.470
204.240,-209.801,1655.187,142.580,-0.860,-0.008,0.242,0.290,-0.070,10367.260
204.260,-209.442,1655.770,139.300,0.130,-0.023,-0.074,0.310,0.040,10368.030
204.280,-209.078,1656.360,140.740,0.220,0.067,0.315,-0.290,0.170,10368.820
204.300,-208.707,1656.964,143.600,-0.330,0.011,0.253,-0.080,-0.260,10369.610
204.320,-208.340,1657.559,141.920,1.700,-0.002,-0.003,0.370,0.120,10370.400
204.340,-207.972,1658.157,142.360,0.570,-0.030,0.257,-0.270,0.150,10371.190
204.360,-207.602,1658.759,143.350,1.760,-0.053,0.260,-0.460,-0.020,10371.990
204.380,-207.234,1659.357,142.380,0.130,-0.031,-0.052,-0.320,0.140,10372.780
204.400,-206.866,1659.954,142.140,-0.730,-0.044,-0.057,-0.300,0.090,10373.570
204.420,-206.494,1660.560,144.040,-0.990,-0.063,0.248,0.020,-0.200,10374.370
204.440,-206.128,1661.155,141.770,-0.120,0.054,-0.070,-0.010,-0.050,10375.160
204.460,-205.762,1661.749,141.690,0.750,0.047,-0.050,-0.080,-0.370,10375.950
204.480,-205.391,1662.351,143.340,-0.300,-0.019,0.201,-0.400,-0.450,10376.740
204.500,-205.014,1662.965,145.710,0.860,0.066,0.255,-0.470,0.080,10377.550
204.520,-204.635,1663.584,146.650,1.400,0.030,0.214,0.320,-0.570,10378.370
204.540,-204.262,1664.192,144.460,-0.810,-0.054,-0.047,0.170,-0.070,10379.170
204.560,-203.882,1664.811,146.680,-1.100,-0.073,0.260,-0.220,0.120,10379.980
204.580,-203.500,1665.435,147.780,0.950,0.015,0.293,-0.030,0.000,10380.800
204.600,-203.122,1666.051,146.030,0.270,0.024,-0.040,0.610,0.660,10381.620
204.620,-202.742,1666.672,147.190,0.330,-0.065,0.242,-0.040,0.130,10382.430
204.640,-202.355,1667.303,149.300,0.700,-0.026,0.231,-0.000,-0.080,10383.260
204.660,-201.979,1667.917,145.710,-1.530,0.043,-0.029,0.760,0.180,10384.070
204.680,-201.599,1668.536,146.670,0.440,0.079,0.247,0.540,-0.390,10384.890
204.700,-201.212,1669.170,149.700,0.180,0.004,0.227,-0.320,0.300,10385.720
204.720,-200.834,1669.786,146.160,0.460,0.003,-0.045,0.540,-0.150,10386.530
204.740,-200.451,1670.411,148.070,-0.950,-0.023,0.194,-0.080,0.330,10387.350
204.760,-200.070,1671.033,147.160,0.080,0.074,-0.048,-0.530,0.120,10388.170
204.780,-199.681,1671.670,150.410,-0.480,0.028,0.227,0.650,0.190,10389.010
204.800,-199.301,1672.289,146.850,1.040,-0.042,-0.060,-0.350,-0.170,10389.820
204.820,-198.916,1672.918,148.800,-0.090,0.039,0.310,-0.250,-0.340,10390.650
204.840,-198.534,1673.542,147.590,-0.600,-0.035,-0.065,-0.190,-0.350,10391.470
204.860,-198.154,1674.163,147.230,-0.990,-0.048,-0.026,1.020,-0.510,10392.290
204.880,-197.774,1674.783,146.850,0.870,-0.022,-0.019,-0.480,-0.120,10393.100
204.900,-197.386,1675.416,149.710,0.980,-0.043,0.276,-0.300,-0.180,10393.940
204.920,-196.996,1676.056,150.950,1.920,-0.045,0.261,-0.170,0.300,10394.770
204.940,-196.606,1676.693,150.520,-0.320,-0.070,-0.083,0.260,-0.310,10395.610
204.960,-196.215,1677.334,151.110,-1.010,-0.035,0.230,-0.030,0.660,10396.450
204.980,-195.826,1677.971,150.370,-0.130,-0.027,-0.085,-0.330,-0.300,10397.280
205.000,-195.430,1678.619,152.770,-0.700,-0.068,0.239,0.310,-0.270,10398.130
205.020,-195.035,1679.267,152.650,-0.630,0.027,-0.060,0.680,-0.440,10398.980
205.040,-194.642,1679.912,152.010,0.470,-0.088,-0.077,-0.810,0.000,10399.830
205.060,-194.247,1680.558,152.400,1.090,-0.019,0.266,-0.340,-0.100,10400.670
205.080,-193.854,1681.202,151.660,0.410,0.033,-0.065,0.260,-0.030,10401.520
205.100,-193.452,1681.864,155.540,0.110,0.057,0.239,-0.620,0.120,10402.380
205.120,-193.053,1682.519,154.100,0.820,-0.029,-0.097,-0.080,0.290,10403.240
205.140,-192.656,1683.168,153.000,-0.230,0.051,-0.048,0.640,-0.350,10404.090
205.160,-192.260,1683.819,153.160,1.450,-0.018,0.247,0.310,0.010,10404.940
205.180,-191.863,1684.469,153.100,3.000,0.113,-0.068,0.260,0.260,10405.790
205.200,-191.466,1685.121,153.510,-0.630,-0.073,0.261,0.370,-0.330,10406.640
205.220,-191.066,1685.778,154.590,1.210,-0.050,0.254,0.160,0.830,10407.500
205.240,-190.672,1686.423,151.930,1.210,0.008,-0.032,-0.170,0.700,10408.340
205.260,-190.273,1687.079,154.380,0.530,-0.063,0.269,0.480,-0.020,10409.200
205.280,-189.872,1687.737,154.820,1.290,-0.035,0.271,-0.240,-0.330,10410.060
205.300,-189.469,1688.398,155.270,0.350,0.023,0.300,-0.080,-0.290,10410.920
205.320,-189.066,1689.062,155.810,0.650,0.010,0.254,-0.830,0.070,10411.790
205.340,-188.662,1689.725,155.860,0.080,-0.002,0.222,-0.240,0.190,10412.650
205.360,-188.256,1690.393,156.690,0.140,-0.001,0.237,0.040,-0.550,10413.530
205.380,-187.852,1691.058,156.150,0.640,-0.123,-0.062,0.010,-0.280,10414.390
205.400,-187.442,1691.732,158.100,0.420,0.007,0.222,0.460,0.040,10415.270
205.420,-187.033,1692.406,157.870,-1.050,-0.032,-0.125,-0.220,-0.420,10416.150
205.440,-186.617,1693.092,160.520,0.510,-0.018,0.257,-0.200,-0.090,10417.040
205.460,-186.206,1693.768,158.470,-0.250,-0.080,-0.049,-0.270,0.130,10417.920
205.480,-185.801,1694.435,156.560,-0.560,0.034,0.007,0.120,-0.050,10418.790
205.500,-185.392,1695.108,157.710,0.970,0.028,0.306,0.770,-0.220,10419.670
205.520,-184.984,1695.779,157.450,-0.930,-0.058,-0.030,-1.160,0.030,10420.540
205.540,-184.574,1696.456,158.490,-0.270,0.009,0.267,-0.240,0.150,10421.420
205.560,-184.158,1697.141,160.390,-1.070,0.082,0.225,-0.180,-0.280,10422.310
205.580,-183.747,1697.818,158.520,-0.400,0.007,-0.044,-1.070,0.100,10423.190
205.600,-183.337,1698.494,158.420,2.390,-0.101,-0.053,-0.060,0.100,10424.070
205.620,-182.921,1699.179,160.320,-0.760,-0.029,0.254,-0.180,0.160,10424.960
205.640,-182.510,1699.856,158.580,-0.150,0.006,-0.073,-0.220,0.080,10425.840
205.660,-182.099,1700.534,158.760,1.390,0.106,0.263,-0.550,0.040,10426.730
205.680,-181.682,1701.222,160.910,0.440,-0.060,0.209,-0.040,-0.050,10427.620
205.700,-181.272,1701.896,157.920,-0.140,-0.007,0.041,-0.580,-0.090,10428.500
205.720,-180.857,1702.580,160.150,-0.690,-0.053,0.293,-0.420,0.220,10429.390
205.740,-180.436,1703.276,162.420,0.670,0.044,0.290,-0.100,-0.030,10430.290
205.760,-180.025,1703.953,158.650,-0.320,-0.018,-0.088,0.510,0.160,10431.170
205.780,-179.613,1704.632,159.030,2.170,-0.137,0.201,0.210,0.160,10432.060
205.800,-179.199,1705.315,159.790,-0.280,-0.020,0.258,0.310,-0.280,10432.940
205.820,-178.789,1705.990,158.110,1.690,-0.006,-0.059,0.980,-0.100,10433.820
205.840,-178.360,1706.699,165.310,0.880,0.019,0.305,0.220,-0.020,10434.740
205.860,-177.938,1707.397,162.920,0.870,0.009,-0.031,-0.520,0.030,10435.640
205.880,-177.518,1708.091,162.000,-0.160,0.033,-0.051,-0.280,0.130,10436.540
205.900,-177.100,1708.781,161.330,-0.460,-0.006,-0.006,-0.430,0.050,10437.440
205.920,-176.667,1709.498,166.830,-0.260,0.004,0.255,-0.070,0.010,10438.370
205.940,-176.239,1710.205,164.780,1.050,0.001,-0.043,-0.210,-0.130,10439.280
205.960,-175.814,1710.908,163.870,0.520,-0.021,-0.019,-0.470,0.320,10440.190
205.980,-175.383,1711.622,166.160,-1.870,0.028,0.230,0.460,0.100,10441.120
206.000,-174.955,1712.331,165.180,-1.290,0.042,-0.019,0.500,-0.030,10442.030
206.020,-174.529,1713.035,164.110,-0.140,-0.002,-0.033,0.090,-0.120,10442.950
206.040,-174.103,1713.739,164.220,0.540,-0.025,0.222,-0.500,0.080,10443.860
206.060,-173.677,1714.445,164.510,-0.230,-0.054,0.309,0.060,0.010,10444.770
206.080,-173.251,1715.149,164.140,-0.500,0.018,-0.064,-0.310,-0.460,10445.680
206.100,-172.816,1715.870,167.600,-0.980,-0.050,0.201,0.640,-0.300,10446.620
206.120,-172.387,1716.580,165.420,0.910,0.008,-0.073,-0.600,0.390,10447.530
206.140,-171.950,1717.305,168.490,0.100,0.007,0.219,0.330,0.110,10448.470
206.160,-171.521,1718.016,165.480,1.680,0.053,-0.044,0.320,-0.190,10449.390
206.180,-171.090,1718.729,166.090,-1.300,0.069,0.299,0.450,-0.110,10450.310
206.200,-170.658,1719.445,166.580,0.690,-0.152,0.257,0.100,-0.260,10451.240
206.220,-170.227,1720.159,166.180,0.550,-0.010,-0.002,-0.170,-0.160,10452.160
206.240,-169.794,1720.877,166.910,0.850,-0.105,0.282,1.200,0.310,10453.090
206.260,-169.355,1721.604,168.880,0.830,0.058,0.170,-0.440,-0.050,10454.030
206.280,-168.914,1722.337,170.130,-0.510,-0.001,0.277,0.360,0.250,10454.970
206.300,-168.475,1723.065,169.040,-0.180,0.058,-0.067,0.010,0.490,10455.910
206.320,-168.042,1723.783,167.070,0.170,0.013,-0.035,0.170,-0.120,10456.840
206.340,-167.605,1724.507,168.220,-1.000,-0.068,0.248,0.170,-0.390,10457.770
206.360,-167.168,1725.233,168.520,1.030,-0.048,0.334,-0.540,0.130,10458.710
206.380,-166.721,1725.976,172.200,-2.470,-0.007,0.263,-0.670,-0.250,10459.670
206.400,-166.276,1726.715,171.400,-1.160,0.028,-0.032,-0.640,0.000,10460.620
206.420,-165.829,1727.458,172.010,-1.680,0.003,0.282,-0.220,0.050,10461.570
206.440,-165.390,1728.187,169.390,1.100,0.009,-0.095,0.120,0.560,10462.520
206.460,-164.951,1728.914,168.810,0.220,-0.018,-0.017,-0.340,0.100,10463.450
206.480,-164.505,1729.656,171.840,-0.530,0.056,0.244,-0.720,-0.140,10464.410
206.500,-164.063,1730.391,170.560,0.100,0.007,-0.071,0.460,0.190,10465.360
206.520,-163.616,1731.133,171.950,0.260,0.002,0.275,-0.770,0.240,10466.310
206.540,-163.169,1731.878,172.400,-1.240,0.015,0.205,0.240,0.360,10467.270
206.560,-162.724,1732.617,171.460,0.150,-0.021,-0.022,-0.380,-0.280,10468.220
206.580,-162.272,1733.369,173.820,1.390,-0.018,0.245,0.610,0.390,10469.190
206.600,-161.830,1734.103,170.390,1.560,0.024,-0.053,-0.260,0.690,10470.130
206.620,-161.381,1734.850,173.010,0.850,0.039,0.183,-0.880,0.380,10471.090
206.640,-160.928,1735.603,174.130,0.260,0.044,0.277,-0.020,0.440,10472.060
206.660,-160.472,1736.365,175.930,0.920,-0.010,0.257,-0.420,-0.130,10473.040
206.680,-160.020,1737.116,173.850,0.710,0.006,-0.064,0.410,0.510,10474.010
206.700,-159.563,1737.877,175.800,-1.120,-0.030,0.222,0.160,-0.140,10474.980
206.720,-159.106,1738.639,175.960,-0.910,0.039,0.273,-0.310,-0.010,10475.960
206.740,-158.644,1739.410,177.950,0.630,-0.047,0.260,-0.500,-0.140,10476.950
206.760,-158.189,1740.168,175.190,-0.670,0.011,-0.050,-0.550,-0.170,10477.920
206.780,-157.726,1740.940,178.050,-1.030,0.044,0.220,-0.290,-0.000,10478.910
206.800,-157.268,1741.704,176.460,1.290,0.006,-0.041,0.680,-0.350,10479.890
206.820,-156.818,1742.452,173.210,0.060,0.015,-0.043,-0.070,-0.210,10480.850
206.840,-156.362,1743.213,175.820,-0.060,-0.014,0.289,0.470,-0.290,10481.830
206.860,-155.908,1743.969,174.660,-1.200,-0.093,-0.086,-0.740,0.460,10482.800
206.880,-155.444,1744.743,178.600,-0.450,-0.034,0.229,-0.960,0.490,10483.790
206.900,-154.985,1745.509,176.820,-0.340,0.002,0.008,-0.470,0.760,10484.770
206.920,-154.531,1746.266,174.860,-0.910,-0.034,-0.044,0.330,-0.020,10485.750
206.940,-154.067,1747.039,178.430,-1.220,0.024,0.258,-0.140,0.010,10486.740
206.960,-153.601,1747.818,179.350,1.750,-0.073,0.279,0.440,0.230,10487.730
206.980,-153.141,1748.584,177.030,1.410,-0.097,0.004,0.630,-0.380,10488.720
207.000,-152.681,1749.352,177.230,-0.100,0.035,0.215,-0.480,-0.290,10489.700
207.020,-152.217,1750.126,178.470,-1.330,-0.016,0.315,0.420,-0.480,10490.690
207.040,-151.761,1750.887,175.720,-1.730,0.017,-0.051,0.690,0.250,10491.670
207.060,-151.293,1751.667,179.770,-0.450,-0.026,0.258,0.520,-0.260,10492.670
207.080,-150.822,1752.456,181.500,-2.250,0.028,0.252,-0.800,0.300,10493.680
207.100,-150.359,1753.229,178.260,-0.450,0.068,-0.005,-0.930,-0.140,10494.670
207.120,-149.885,1754.021,182.260,-2.020,0.071,0.279,-0.220,0.000,10495.680
207.140,-149.414,1754.809,181.260,-0.090,-0.032,-0.054,-0.210,-0.050,10496.690
207.160,-148.946,1755.590,179.920,0.200,-0.021,-0.084,0.420,0.060,10497.690
207.180,-148.475,1756.377,181.250,-0.190,0.009,0.243,-0.480,-0.150,10498.690
207.200,-147.999,1757.173,182.960,2.170,0.094,0.210,0.210,0.310,10499.710
207.220,-147.529,1757.960,181.040,-0.210,-0.058,-0.023,-0.540,-0.050,10500.720
207.240,-147.057,1758.749,181.680,1.730,-0.057,0.230,0.170,0.110,10501.720
207.260,-146.587,1759.533,180.560,0.300,0.043,-0.053,-0.230,0.030,10502.730
207.280,-146.116,1760.322,181.450,2.010,-0.033,0.285,0.180,-0.300,10503.740
207.300,-145.640,1761.118,182.950,-1.760,0.033,0.274,-0.180,0.400,10504.750
207.320,-145.167,1761.908,181.890,-1.080,-0.029,-0.039,-1.100,-0.200,10505.760
207.340,-144.695,1762.698,181.670,-0.290,0.018,-0.074,0.250,0.240,10506.770
207.360,-144.216,1763.501,184.420,1.600,-0.025,0.265,0.590,0.220,10507.800
207.380,-143.738,1764.300,183.680,-0.240,-0.050,-0.074,-0.420,-0.450,10508.820
207.400,-143.264,1765.094,182.500,-0.680,0.007,-0.035,0.400,-0.050,10509.830
207.420,-142.780,1765.905,186.120,0.610,-0.061,0.211,-0.310,0.170,10510.860
207.440,-142.294,1766.720,186.930,0.910,0.023,0.286,-0.670,-0.090,10511.900
207.460,-141.811,1767.529,185.540,-0.770,-0.012,-0.044,-0.310,-0.040,10512.930
207.480,-141.337,1768.323,182.500,-0.690,-0.068,-0.050,-0.090,0.070,10513.950
207.500,-140.855,1769.129,185.170,1.690,0.015,0.262,-0.660,-0.110,10514.980
207.520,-140.372,1769.938,185.700,1.250,0.014,0.247,0.670,0.110,10516.010
207.540,-139.897,1770.733,182.710,1.520,-0.118,-0.048,-0.770,0.010,10517.020
207.560,-139.411,1771.549,187.140,0.940,-0.003,0.289,-0.270,-0.060,10518.060
207.580,-138.927,1772.360,185.930,-0.850,0.000,-0.018,-0.460,-0.290,10519.100
207.600,-138.439,1773.178,187.570,-0.030,0.005,0.271,0.680,0.120,10520.140
207.620,-137.957,1773.987,185.690,-1.060,-0.091,-0.042,-0.750,-0.720,10521.170
207.640,-137.470,1774.804,187.140,0.980,0.018,0.241,0.410,0.080,10522.210
207.660,-136.982,1775.621,187.480,-0.540,0.026,0.282,0.100,0.000,10523.250
207.680,-136.495,1776.438,187.230,-1.710,-0.047,-0.077,-0.620,-0.240,10524.290
207.700,-136.006,1777.258,187.950,0.110,-0.070,0.304,-0.180,-0.420,10525.340
207.720,-135.519,1778.075,187.280,1.130,-0.049,-0.029,-0.090,0.130,10526.380
207.740,-135.036,1778.886,185.970,-1.380,0.006,-0.015,0.290,-0.070,10527.410
207.760,-134.555,1779.691,184.950,-0.130,-0.062,-0.036,-0.320,0.040,10528.440
207.780,-134.068,1780.509,187.350,-0.550,-0.068,0.246,0.320,-0.550,10529.480
207.800,-133.574,1781.338,189.730,0.990,0.105,0.278,0.020,0.140,10530.530
207.820,-133.087,1782.155,187.250,-2.050,-0.000,-0.092,0.230,0.280,10531.570
207.840,-132.591,1782.988,190.670,1.130,-0.016,0.232,-0.440,-0.050,10532.630
207.860,-132.093,1783.825,191.430,-0.710,-0.034,0.244,-0.120,-0.270,10533.690
207.880,-131.598,1784.657,190.320,-0.160,-0.021,-0.091,0.060,0.130,10534.750
207.900,-131.104,1785.485,189.630,0.860,0.090,-0.031,0.040,-0.090,10535.810
207.920,-130.606,1786.324,191.680,1.480,0.041,0.288,-0.020,0.260,10536.870
207.940,-130.106,1787.165,192.140,0.050,0.119,0.199,1.050,0.010,10537.940
207.960,-129.610,1787.996,190.340,-0.720,0.020,-0.062,0.290,-0.640,10539.000
207.980,-129.113,1788.832,191.070,-0.530,-0.048,0.245,0.360,-0.700,10540.060
208.000,-128.619,1789.662,189.990,1.170,0.014,-0.040,0.120,-0.210,10541.110
208.020,-128.120,1790.502,191.900,-0.880,0.027,0.276,0.270,0.140,10542.180
208.040,-127.629,1791.325,188.640,0.330,0.031,-0.058,0.100,-0.150,10543.230
208.060,-127.131,1792.163,191.570,0.010,-0.022,0.278,0.910,0.150,10544.290
208.080,-126.634,1792.998,190.990,0.760,0.090,-0.047,-0.030,-0.200,10545.350
208.100,-126.133,1793.840,192.410,0.030,-0.063,0.232,0.420,0.620,10546.420
208.120,-125.634,1794.678,191.610,-0.430,0.017,-0.043,1.040,-0.060,10547.490
208.140,-125.140,1795.509,190.200,-0.500,-0.015,-0.088,0.330,0.080,10548.540
208.160,-124.639,1796.351,192.360,-0.520,-0.039,0.242,-0.140,-0.290,10549.610
208.180,-124.137,1797.195,192.890,-1.380,0.012,0.245,-0.370,-0.130,10550.680
208.200,-123.628,1798.052,195.470,0.510,0.063,0.232,-0.250,0.150,10551.770
208.220,-123.126,1798.898,193.170,0.210,0.020,0.026,0.200,-0.010,10552.840
208.240,-122.623,1799.743,193.130,-1.470,0.014,-0.011,0.890,-0.830,10553.910
208.260,-122.121,1800.588,192.880,-0.410,-0.101,-0.044,0.300,0.150,10554.990
208.280,-121.609,1801.450,196.650,-0.280,0.046,0.263,-0.190,0.180,10556.080
208.300,-121.102,1802.304,194.860,-0.590,-0.020,-0.034,-0.150,0.220,10557.160
208.320,-120.592,1803.163,195.870,-0.120,0.027,0.269,-0.070,0.330,10558.250
208.340,-120.089,1804.010,193.420,-0.110,0.046,-0.003,-0.670,0.050,10559.320
208.360,-119.585,1804.857,193.360,0.890,0.010,-0.022,-0.230,0.720,10560.400
208.380,-119.078,1805.711,194.910,-0.000,-0.100,0.190,-0.250,0.070,10561.480
208.400,-118.560,1806.585,198.960,0.590,0.071,0.275,1.390,-0.690,10562.590
208.420,-118.052,1807.440,195.160,-1.390,0.090,-0.075,0.460,0.070,10563.670
208.440,-117.541,1808.301,196.120,-1.060,0.041,0.233,-0.540,0.340,10564.760
208.460,-117.028,1809.167,197.350,-1.370,-0.036,0.279,-0.780,-0.410,10565.860
208.480,-116.516,1810.029,196.660,-0.400,0.061,-0.106,-0.650,-0.080,10566.950
208.500,-115.999,1810.901,198.580,0.060,-0.014,0.301,0.710,0.360,10568.050
208.520,-115.486,1811.765,196.880,1.670,-0.003,-0.025,-0.670,-0.170,10569.150
208.540,-114.974,1812.628,196.740,-0.830,0.060,-0.040,0.800,-0.070,10570.240
208.560,-114.446,1813.521,202.730,0.850,0.032,0.275,0.120,0.230,10571.360
208.580,-113.932,1814.388,197.520,-0.830,-0.118,-0.016,-0.120,-0.380,10572.460
208.600,-113.410,1815.269,200.380,0.020,0.010,0.257,-0.570,-0.000,10573.580
208.620,-112.894,1816.138,198.040,-0.150,0.059,-0.027,0.630,-0.290,10574.680
208.640,-112.380,1817.004,197.410,-0.920,-0.068,-0.079,0.270,-0.080,10575.770
208.660,-111.860,1817.883,199.850,-0.850,0.049,0.274,0.450,0.070,10576.880
208.680,-111.344,1818.753,198.240,1.600,-0.083,-0.032,-0.140,0.320,10577.980
208.700,-110.823,1819.632,199.930,-0.530,-0.011,0.293,0.330,0.090,10579.090
208.720,-110.303,1820.509,199.590,1.000,0.027,-0.045,0.740,-0.170,10580.200
208.740,-109.775,1821.402,202.930,0.680,-0.013,0.259,0.300,0.360,10581.330
208.760,-109.256,1822.276,199.010,-0.610,0.059,-0.078,-0.530,0.180,10582.440
208.780,-108.729,1823.168,202.600,-0.000,-0.071,0.250,0.260,-0.580,10583.560
208.800,-108.202,1824.058,202.280,0.120,0.041,-0.032,0.380,0.250,10584.690
208.820,-107.676,1824.946,201.770,0.490,0.003,-0.029,0.840,0.020,10585.810
208.840,-107.152,1825.831,201.250,-0.410,-0.043,0.001,0.290,-0.010,10586.920
208.860,-106.624,1826.724,202.910,-1.510,0.022,0.264,0.550,0.360,10588.050
208.880,-106.094,1827.619,203.250,-0.700,-0.004,0.247,0.310,-0.060,10589.180
208.900,-105.563,1828.517,203.770,1.170,0.074,0.267,-0.680,0.270,10590.310
208.920,-105.034,1829.411,203.040,-0.030,0.029,-0.067,0.410,0.380,10591.440
208.940,-104.508,1830.299,202.000,-0.420,0.021,-0.010,0.060,0.020,10592.560
208.960,-103.973,1831.204,205.300,-1.480,-0.034,0.229,1.000,0.130,10593.700
208.980,-103.441,1832.104,204.240,1.240,0.007,-0.062,-0.720,0.210,10594.840
209.000,-102.911,1833.001,203.590,-0.210,-0.029,-0.082,-0.570,0.140,10595.970
209.020,-102.381,1833.896,203.280,1.090,-0.003,-0.048,0.360,0.270,10597.100
209.040,-101.844,1834.806,206.430,0.680,0.062,0.269,0.760,-0.310,10598.250
209.060,-101.303,1835.721,207.390,0.800,-0.014,0.300,-0.060,-0.190,10599.400
209.080,-100.765,1836.632,206.440,1.660,-0.072,-0.052,-0.060,-0.380,10600.550
209.100,-100.226,1837.544,206.810,0.120,0.025,0.243,0.100,0.510,10601.690
209.120,-99.685,1838.461,207.870,-0.130,0.039,0.170,-0.240,-0.500,10602.850
209.140,-99.148,1839.369,205.830,1.560,0.079,-0.043,0.490,0.400,10603.990
209.160,-98.601,1840.296,209.840,0.830,0.043,0.251,-0.240,0.140,10605.160
209.180,-98.066,1841.201,205.320,-0.700,-0.014,-0.050,0.350,-0.260,10606.300
209.200,-97.528,1842.113,206.810,1.040,0.013,0.295,-0.660,-0.380,10607.450
209.220,-96.990,1843.023,206.280,1.510,0.019,-0.034,0.860,-0.010,10608.590
209.240,-96.449,1843.940,207.800,-2.300,0.022,0.238,-1.060,-0.070,10609.750
209.260,-95.900,1844.871,210.570,-1.240,-0.124,0.223,-0.530,0.120,10610.920
209.280,-95.358,1845.788,207.880,-0.810,-0.029,-0.085,1.130,-0.660,10612.070
209.300,-94.813,1846.712,209.140,0.720,0.024,0.237,0.050,-0.060,10613.230
209.320,-94.280,1847.612,204.410,0.790,0.055,-0.039,-0.330,-0.260,10614.370
209.340,-93.734,1848.539,209.680,0.520,-0.032,0.187,-0.640,0.380,10615.540
209.360,-93.184,1849.470,210.800,0.880,-0.021,0.246,-0.220,0.120,10616.710
209.380,-92.638,1850.397,209.750,-1.110,-0.012,-0.026,0.140,-0.150,10617.870
209.400,-92.095,1851.316,208.230,-1.210,-0.007,-0.081,0.240,0.430,10619.030
209.420,-91.552,1852.236,208.300,1.250,0.043,0.245,0.160,-0.130,10620.190
209.440,-91.006,1853.161,209.530,0.100,-0.037,0.220,-0.890,-0.030,10621.350
209.460,-90.462,1854.083,208.820,1.210,0.043,-0.131,0.070,0.080,10622.510
209.480,-89.906,1855.027,213.260,-0.700,0.071,0.226,0.170,0.270,10623.690
209.500,-89.353,1855.964,211.870,-1.060,-0.020,-0.082,0.170,0.000,10624.870
209.520,-88.797,1856.910,213.600,-1.270,-0.021,0.273,0.010,0.430,10626.060
209.540,-88.246,1857.844,211.260,0.800,0.008,-0.036,-0.610,-0.120,10627.230
209.560,-87.696,1858.775,210.820,1.130,-0.029,-0.081,-0.460,-0.290,10628.400
209.580,-87.146,1859.709,211.170,0.540,-0.004,0.289,0.610,0.480,10629.580
209.600,-86.594,1860.646,211.800,-0.480,-0.073,0.272,-0.390,-0.090,10630.750
209.620,-86.041,1861.583,212.020,0.640,0.043,0.242,-0.360,0.180,10631.930
209.640,-85.481,1862.535,214.860,0.610,0.083,0.260,-0.150,0.230,10633.120
209.660,-84.921,1863.485,214.660,-2.030,-0.034,-0.078,-0.610,0.620,10634.320
209.680,-84.363,1864.433,213.970,-0.350,-0.082,-0.124,0.320,-0.090,10635.510
209.700,-83.812,1865.367,211.340,0.280,0.046,-0.047,-0.630,0.160,10636.680
209.720,-83.253,1866.317,214.530,1.110,-0.021,0.209,0.540,-0.230,10637.870
209.740,-82.695,1867.264,213.890,-0.090,-0.033,-0.057,-0.670,-0.140,10639.060
209.760,-82.130,1868.225,216.730,0.150,-0.006,0.262,-0.140,-0.230,10640.260
209.780,-81.566,1869.183,216.230,-0.070,-0.061,-0.108,0.170,0.250,10641.470
209.800,-81.004,1870.137,215.370,0.270,0.024,-0.044,0.400,0.280,10642.660
209.820,-80.451,1871.076,212.280,-1.370,-0.063,-0.025,-0.110,0.110,10643.840
209.840,-79.889,1872.030,215.480,-0.610,-0.059,0.188,-0.350,-0.230,10645.040
209.860,-79.329,1872.983,214.970,-2.230,-0.060,-0.029,0.710,-0.200,10646.230
209.880,-78.763,1873.944,216.830,-0.440,0.008,0.307,0.090,-0.210,10647.440
209.900,-78.203,1874.895,214.770,0.500,-0.091,-0.058,-0.090,0.110,10648.630
209.920,-77.637,1875.858,217.150,-0.790,0.104,0.272,-0.910,-0.470,10649.840
209.940,-77.080,1876.804,213.690,-0.250,-0.019,-0.080,0.100,-0.120,10651.020
209.960,-76.518,1877.757,215.210,0.390,-0.106,0.278,-0.000,-0.400,10652.220
209.980,-75.955,1878.715,216.230,2.720,-0.053,0.265,-0.680,0.150,10653.420
210.000,-75.389,1879.677,217.000,-0.080,0.030,0.257,-0.390,-0.300,10654.630
210.020,-74.818,1880.647,218.670,0.720,0.067,0.255,0.050,0.590,10655.840
210.040,-74.255,1881.604,215.870,-0.190,0.008,-0.038,0.230,0.310,10657.040
210.060,-73.688,1882.569,217.650,0.360,0.004,0.248,-0.510,-0.030,10658.250
210.080,-73.119,1883.536,217.960,-0.030,-0.077,0.221,-0.500,0.120,10659.460
210.100,-72.545,1884.513,220.180,-0.420,0.074,0.246,0.060,0.140,10660.680
210.120,-71.973,1885.486,219.130,-0.200,0.028,-0.051,-0.420,-0.290,10661.900
210.140,-71.404,1886.454,218.230,1.250,0.016,-0.085,-0.100,0.370,10663.110
210.160,-70.835,1887.422,218.330,0.290,0.001,0.247,0.890,-0.030,10664.330
210.180,-70.262,1888.396,219.380,-1.200,0.027,0.248,-0.020,-0.230,10665.550
210.200,-69.694,1889.363,218.010,-0.420,-0.040,-0.066,0.510,0.160,10666.760
210.220,-69.111,1890.355,223.180,-0.890,0.047,0.261,-0.620,-0.340,10668.000
210.240,-68.535,1891.336,221.000,0.930,0.040,-0.032,-0.380,0.200,10669.220
210.260,-67.961,1892.313,219.910,-0.760,-0.005,-0.070,-0.390,0.100,10670.450
210.280,-67.387,1893.289,219.960,0.860,-0.014,0.254,-0.550,-0.200,10671.670
210.300,-66.814,1894.266,220.000,0.980,-0.108,0.277,-0.880,0.290,10672.890
210.320,-66.233,1895.255,222.630,0.140,-0.087,0.220,0.100,0.210,10674.130
210.340,-65.659,1896.231,219.860,0.540,0.027,-0.100,0.190,-0.100,10675.350
210.360,-65.079,1897.219,222.340,-0.500,0.045,0.222,-0.470,0.160,10676.580
210.380,-64.495,1898.214,223.730,0.850,0.054,0.266,-0.370,-0.400,10677.830
210.400,-63.915,1899.202,222.260,-1.240,-0.067,-0.064,0.040,0.150,10679.060
210.420,-63.336,1900.188,221.890,-0.460,0.115,-0.087,0.010,-0.440,10680.290
210.440,-62.749,1901.188,224.930,-0.310,0.050,0.288,0.520,0.040,10681.540
210.460,-62.170,1902.176,222.240,0.990,-0.029,-0.085,0.570,0.210,10682.780
210.480,-61.586,1903.171,223.790,1.710,0.008,0.245,-0.330,0.100,10684.020
210.500,-61.000,1904.170,224.640,-0.450,-0.085,0.272,-0.030,0.470,10685.270
210.520,-60.415,1905.166,223.830,-0.100,-0.031,-0.030,-0.500,-0.240,10686.510
210.540,-59.833,1906.158,223.200,-1.180,0.027,-0.037,0.750,0.120,10687.750
210.560,-59.247,1907.156,224.430,-0.080,0.003,0.230,0.130,-0.640,10689.000
210.580,-58.657,1908.163,226.040,1.100,0.087,0.267,0.500,-0.150,10690.260
210.600,-58.071,1909.162,224.710,-1.800,-0.074,-0.050,-0.180,-0.090,10691.500
210.620,-57.479,1910.172,226.750,0.020,-0.006,0.262,0.510,0.470,10692.760
210.640,-56.890,1911.177,225.950,0.720,-0.057,-0.009,0.370,-0.010,10694.020
210.660,-56.301,1912.182,225.690,0.060,0.077,-0.086,0.640,0.270,10695.270
210.680,-55.711,1913.187,225.780,-0.190,0.013,0.262,-0.670,-0.270,10696.530
210.700,-55.118,1914.200,227.480,0.880,0.000,0.254,0.040,-0.100,10697.790
210.720,-54.520,1915.221,229.090,-0.810,-0.007,0.278,0.550,-0.250,10699.060
210.740,-53.925,1916.236,227.850,-0.780,-0.044,0.003,-0.470,-0.300,10700.330
210.760,-53.334,1917.244,226.480,-1.850,0.060,0.002,0.260,-0.280,10701.590
210.780,-52.734,1918.269,229.840,0.330,0.009,0.275,0.290,-0.180,10702.860
210.800,-52.141,1919.280,227.130,0.220,0.012,-0.068,0.350,0.610,10704.130
210.820,-51.537,1920.312,231.320,-0.570,0.029,0.237,0.170,-0.020,10705.410
210.840,-50.940,1921.332,228.750,-0.890,-0.043,-0.028,0.310,-0.410,10706.680
210.860,-50.345,1922.347,227.940,-0.050,0.100,-0.089,0.220,-0.160,10707.950
210.880,-49.744,1923.374,230.360,0.100,0.078,0.243,0.590,0.300,10709.230
210.900,-49.145,1924.396,229.320,-1.200,-0.002,-0.072,-0.360,-0.210,10710.500
210.920,-48.543,1925.425,230.720,-1.950,-0.015,0.215,0.170,0.450,10711.780
210.940,-47.941,1926.453,230.460,-1.730,0.032,-0.043,0.610,0.310,10713.060
210.960,-47.345,1927.471,228.520,-1.450,0.056,-0.026,-0.390,-0.060,10714.330
210.980,-46.742,1928.501,230.750,-1.210,0.088,0.268,-0.350,-0.200,10715.620
211.000,-46.137,1929.535,231.870,-0.080,0.032,0.254,0.260,-0.290,10716.900
211.020,-45.532,1930.568,231.560,0.080,0.007,-0.061,0.690,0.060,10718.190
211.040,-44.922,1931.611,233.540,-0.170,0.007,0.234,-0.070,0.120,10719.490
211.060,-44.316,1932.648,232.390,0.360,-0.094,-0.024,0.050,0.400,10720.780
211.080,-43.710,1933.682,231.820,0.400,-0.022,-0.065,0.180,0.110,10722.070
211.100,-43.103,1934.721,232.770,0.330,0.018,0.234,-0.240,-0.110,10723.360
211.120,-42.497,1935.757,231.980,0.090,-0.113,-0.038,1.100,0.410,10724.650
211.140,-41.887,1936.799,233.530,-1.060,0.009,0.221,-0.460,0.250,10725.950
211.160,-41.277,1937.843,233.790,-1.340,-0.041,0.253,0.050,-0.210,10727.250
211.180,-40.672,1938.877,231.660,-0.560,0.079,-0.066,0.050,-0.020,10728.530
211.200,-40.058,1939.926,234.940,1.140,-0.014,0.230,-1.090,0.200,10729.840
211.220,-39.438,1940.988,237.400,2.340,-0.013,0.243,-0.420,0.090,10731.160
211.240,-38.824,1942.038,235.130,0.560,-0.007,-0.027,-0.680,-0.300,10732.460
211.260,-38.220,1943.071,231.540,0.360,-0.000,-0.045,0.360,0.050,10733.750
211.280,-37.608,1944.117,234.210,1.070,0.040,0.259,-0.850,-0.200,10735.050
211.300,-36.999,1945.159,233.190,1.510,-0.017,-0.027,0.470,0.020,10736.350
211.320,-36.386,1946.208,234.940,-0.920,0.001,0.269,-0.590,-0.390,10737.650
211.340,-35.768,1947.266,236.680,2.900,0.040,0.245,0.480,-0.270,10738.970
211.360,-35.154,1948.315,234.830,1.590,0.000,-0.033,-0.700,0.630,10740.270
211.380,-34.530,1949.385,239.010,-1.370,0.033,0.245,0.210,-0.130,10741.600
211.400,-33.924,1950.420,232.120,-1.000,-0.022,-0.037,0.470,0.330,10742.890
211.420,-33.307,1951.477,236.340,2.820,0.018,0.281,0.290,-0.040,10744.200
211.440,-32.686,1952.539,237.550,1.040,0.065,0.266,-0.610,-0.360,10745.520
211.460,-32.072,1953.591,235.410,-0.600,0.030,-0.087,0.560,-0.320,10746.830
211.480,-31.456,1954.645,235.880,0.080,-0.094,0.235,0.270,-0.240,10748.140
211.500,-30.831,1955.714,238.910,0.750,0.028,0.269,-1.180,0.640,10749.470
211.520,-30.202,1956.793,240.930,0.890,-0.058,0.185,0.060,-0.070,10750.800
211.540,-29.571,1957.874,241.380,1.370,-0.046,0.260,1.420,0.050,10752.150
211.560,-28.950,1958.939,238.050,0.240,0.025,-0.042,0.560,0.200,10753.470
211.580,-28.320,1960.017,240.870,0.280,-0.048,0.332,-0.250,0.150,10754.810
211.600,-27.696,1961.087,239.000,-0.360,-0.055,-0.037,0.270,0.260,10756.130
211.620,-27.067,1962.165,240.750,-0.930,-0.000,0.247,-0.200,-0.160,10757.470
211.640,-26.442,1963.236,239.320,-0.980,-0.031,-0.015,0.510,-0.360,10758.800
211.660,-25.820,1964.301,238.200,-0.140,-0.081,-0.060,-0.410,-0.280,10760.120
211.680,-25.186,1965.388,242.570,0.340,0.028,0.251,0.600,-0.460,10761.470
211.700,-24.550,1966.478,243.230,-1.460,0.049,0.253,0.460,-0.160,10762.820
211.720,-23.923,1967.553,240.070,2.050,0.045,-0.032,0.320,-1.120,10764.160
211.740,-23.290,1968.638,242.370,-0.700,-0.045,0.222,1.040,0.220,10765.500
211.760,-22.660,1969.718,241.020,-0.860,0.021,-0.025,0.500,0.170,10766.840
211.780,-22.021,1970.815,244.770,-0.030,-0.025,0.234,0.510,-0.290,10768.200
211.800,-21.395,1971.887,239.530,-2.370,-0.063,0.012,0.560,-0.410,10769.530
211.820,-20.764,1972.970,241.770,0.360,-0.037,0.205,0.360,0.460,10770.880
211.840,-20.136,1974.045,240.130,-0.990,-0.141,-0.073,0.230,0.290,10772.210
211.860,-19.509,1975.120,240.180,-1.920,-0.053,0.189,-0.340,-0.080,10773.540
211.880,-18.875,1976.207,242.660,0.140,-0.073,0.339,-0.330,-0.200,10774.890
211.900,-18.241,1977.294,242.420,0.140,0.010,-0.087,0.220,0.010,10776.240
211.920,-17.610,1978.377,241.850,1.950,0.015,-0.027,0.300,-0.430,10777.580
211.940,-16.970,1979.475,244.880,0.180,-0.084,0.272,0.010,0.090,10778.940
211.960,-16.327,1980.578,245.840,0.170,0.041,0.223,-0.240,-0.360,10780.310
211.980,-15.687,1981.676,244.930,0.040,-0.030,-0.027,-0.070,-0.720,10781.670
212.000,-15.056,1982.758,241.610,-2.580,-0.053,-0.082,-0.030,-0.240,10783.010
212.020,-14.415,1983.858,245.200,0.080,-0.090,0.226,0.140,-0.300,10784.370
212.040,-13.774,1984.959,245.450,-0.050,-0.040,0.203,-0.110,0.540,10785.740
212.060,-13.136,1986.052,243.960,-0.140,-0.007,-0.030,0.580,0.500,10787.090
212.080,-12.493,1987.156,246.010,-0.830,0.050,0.191,-0.060,-0.330,10788.460
212.100,-11.853,1988.255,245.000,0.570,-0.005,-0.038,-0.320,-0.030,10789.820
212.120,-11.213,1989.352,244.790,-0.980,-0.016,-0.054,-0.040,-0.200,10791.180
212.140,-10.575,1990.449,244.520,0.710,0.029,0.002,-0.550,0.550,10792.540
212.160,-9.927,1991.561,247.810,0.390,0.007,0.251,1.010,-0.550,10793.920
212.180,-9.277,1992.678,248.760,1.400,-0.075,0.275,0.330,0.140,10795.300
212.200,-8.631,1993.786,246.880,-0.460,-0.022,-0.035,-0.010,0.380,10796.670
212.220,-7.981,1994.903,248.830,1.340,-0.029,0.247,0.710,-0.160,10798.050
212.240,-7.328,1996.026,249.910,0.210,-0.007,0.283,-0.100,0.010,10799.440
212.260,-6.679,1997.140,248.080,-0.080,-0.024,-0.039,-0.020,0.320,10800.820
212.280,-6.031,1998.253,248.040,-0.850,-0.040,-0.023,-0.350,-0.330,10802.200
212.300,-5.380,1999.372,249.120,0.400,0.073,0.222,-0.470,0.190,10803.580
212.320,-4.733,2000.483,247.430,-0.480,-0.002,-0.034,0.110,-0.460,10804.960
212.340,-4.080,2001.605,249.770,-0.030,0.024,0.274,0.530,-0.480,10806.340
212.360,-3.428,2002.725,249.440,0.780,-0.006,-0.083,-0.440,0.260,10807.730
212.380,-2.782,2003.836,247.520,-0.030,0.041,-0.052,-0.120,-0.290,10809.100
212.400,-2.134,2004.948,247.810,0.320,-0.005,0.198,-0.100,0.050,10810.480
212.420,-1.484,2006.064,248.540,1.510,0.049,0.202,0.390,-0.350,10811.860
212.440,-0.828,2007.193,251.050,0.560,-0.144,0.248,-0.220,0.080,10813.260
212.460,-0.174,2008.316,250.040,-0.680,0.005,0.004,0.380,-0.500,10814.650
212.480,0.481,2009.443,250.780,-0.410,0.013,0.306,0.360,0.390,10816.040
212.500,1.143,2010.581,253.130,0.140,0.015,0.241,-0.330,0.240,10817.450
212.520,1.802,2011.714,252.010,2.120,-0.054,-0.079,-0.150,-0.180,10818.850
212.540,2.457,2012.840,250.650,-1.330,-0.036,-0.022,0.040,-0.560,10820.240
212.560,3.112,2013.965,250.400,0.190,-0.052,-0.110,-0.220,-0.060,10821.630
212.580,3.772,2015.101,252.600,1.360,0.024,0.238,-0.450,-0.110,10823.030
212.600,4.428,2016.229,250.950,0.610,0.045,-0.072,0.740,-0.160,10824.430
212.620,5.093,2017.374,254.560,-0.130,-0.082,0.247,-0.890,0.320,10825.840
212.640,5.756,2018.513,253.310,-1.720,0.010,-0.009,0.120,0.360,10827.250
212.660,6.418,2019.653,253.400,1.510,-0.043,0.172,0.680,0.130,10828.660
212.680,7.077,2020.786,252.040,-0.470,0.087,-0.041,-0.400,0.450,10830.060
212.700,7.743,2021.932,254.670,-0.950,0.028,0.260,0.010,-0.840,10831.470
212.720,8.412,2023.083,255.700,0.250,-0.018,0.248,0.450,-0.090,10832.890
212.740,9.076,2024.226,254.070,1.430,-0.007,-0.041,-1.520,-0.110,10834.300
212.760,9.745,2025.378,255.930,0.400,0.065,0.265,-0.030,0.250,10835.720
212.780,10.410,2026.521,254.200,-0.360,0.003,-0.045,-0.790,-0.100,10837.140
212.800,11.076,2027.669,254.980,0.250,-0.089,0.189,0.480,0.170,10838.550
212.820,11.752,2028.833,258.470,0.120,0.076,0.223,-0.400,-0.140,10839.990
212.840,12.419,2029.981,255.050,-0.470,0.041,-0.002,0.890,-0.200,10841.410
212.860,13.091,2031.137,256.680,0.070,-0.027,0.215,-0.480,0.240,10842.830
212.880,13.759,2032.287,255.550,-0.820,0.030,-0.048,0.220,-0.000,10844.250
212.900,14.430,2033.443,256.820,-0.990,-0.031,0.228,-0.440,0.090,10845.680
212.920,15.104,2034.604,257.710,0.550,-0.032,0.268,-0.120,-0.370,10847.110
212.940,15.773,2035.754,255.580,-0.390,-0.006,-0.056,-0.000,0.200,10848.530
212.960,16.442,2036.907,256.140,-0.030,0.030,0.270,0.010,-0.320,10849.950
212.980,17.118,2038.071,258.320,-0.770,0.024,0.261,0.830,0.510,10851.390
213.000,17.793,2039.233,257.970,-0.570,0.047,-0.062,0.710,-0.080,10852.820
213.020,18.472,2040.404,259.760,-0.480,0.024,0.183,-0.370,-0.120,10854.260
213.040,19.148,2041.569,258.670,-0.590,0.073,-0.076,0.020,0.270,10855.700
213.060,19.832,2042.748,261.320,-0.410,0.086,0.214,-0.580,-0.020,10857.150
213.080,20.512,2043.919,259.840,0.200,0.015,-0.086,-0.700,0.220,10858.600
213.100,21.197,2045.100,261.880,1.390,-0.017,0.265,-0.330,-0.090,10860.050
213.120,21.881,2046.281,261.860,0.760,-0.009,0.011,0.840,0.210,10861.510
213.140,22.558,2047.446,258.630,-0.330,-0.096,-0.124,-0.840,-0.020,10862.940
213.160,23.243,2048.628,262.080,-0.630,0.001,0.205,0.290,0.260,10864.400
213.180,23.928,2049.807,261.540,-1.780,-0.031,-0.043,0.230,0.350,10865.850
213.200,24.612,2050.988,261.700,-0.670,-0.035,0.242,-0.370,-0.480,10867.310
213.220,25.299,2052.171,262.440,-1.100,-0.002,0.264,0.320,0.110,10868.760
213.240,25.980,2053.346,260.460,0.050,-0.105,-0.051,0.320,0.550,10870.210
213.260,26.664,2054.526,261.680,1.670,-0.009,0.290,-0.020,0.190,10871.670
213.280,27.346,2055.702,260.830,-0.400,0.010,-0.033,-0.080,0.730,10873.110
213.300,28.040,2056.899,265.190,-1.450,-0.077,0.276,-0.120,-0.280,10874.590
213.320,28.723,2058.075,260.860,-0.200,0.068,-0.019,-0.420,0.080,10876.040
213.340,29.403,2059.249,260.340,-0.440,0.022,-0.086,0.080,0.150,10877.480
213.360,30.087,2060.427,261.300,1.260,0.065,0.268,-0.250,-0.160,10878.940
213.380,30.774,2061.612,262.710,-1.880,0.022,0.269,0.080,-0.370,10880.390
213.400,31.462,2062.798,262.960,-0.990,0.018,0.240,-0.310,0.650,10881.860
213.420,32.154,2063.993,264.660,0.760,0.076,0.240,-0.330,0.340,10883.330
213.440,32.844,2065.183,263.630,-1.570,0.066,-0.060,-0.270,0.170,10884.790
213.460,33.532,2066.370,263.110,0.570,0.097,-0.076,0.630,0.010,10886.250
213.480,34.225,2067.565,264.840,-0.670,-0.006,0.209,-0.690,0.040,10887.720
213.500,34.921,2068.767,266.130,1.030,-0.040,0.314,0.890,0.190,10889.200
213.520,35.615,2069.963,264.960,-0.050,-0.058,-0.018,0.380,0.430,10890.670
213.540,36.311,2071.165,266.220,-0.160,-0.049,0.251,-0.780,-0.210,10892.150
213.560,37.005,2072.363,265.310,0.600,0.034,-0.094,-0.290,0.030,10893.630
213.580,37.699,2073.560,265.060,0.020,0.136,-0.034,-0.810,-0.110,10895.100
213.600,38.397,2074.765,266.760,-1.240,0.075,0.239,0.320,-0.320,10896.580
213.620,39.093,2075.967,266.320,-0.520,-0.009,-0.055,0.640,-0.180,10898.060
213.640,39.794,2077.177,267.750,-1.630,0.038,0.317,0.110,0.060,10899.550
213.660,40.497,2078.392,268.830,-0.860,-0.028,0.307,0.610,-0.090,10901.040
213.680,41.195,2079.596,266.610,-2.140,-0.025,-0.121,0.090,0.010,10902.520
213.700,41.896,2080.807,268.020,2.340,-0.052,0.261,0.490,0.220,10904.010
213.720,42.600,2082.023,268.910,-0.030,-0.048,0.255,0.150,0.350,10905.510
213.740,43.302,2083.235,268.190,0.530,0.028,-0.039,0.010,0.800,10907.000
213.760,44.005,2084.449,268.610,-0.840,0.074,0.233,0.390,0.230,10908.490
213.780,44.707,2085.661,268.330,0.530,0.052,-0.050,-0.080,-0.190,10909.980
213.800,45.410,2086.876,268.760,0.770,0.073,0.217,0.730,0.330,10911.470
213.820,46.115,2088.094,269.430,0.940,0.039,0.281,-0.160,-0.100,10912.970
213.840,46.816,2089.305,268.000,-0.080,-0.002,-0.020,0.280,-0.210,10914.460
213.860,47.514,2090.509,266.630,1.020,-0.026,-0.001,-0.350,0.190,10915.940
213.880,48.219,2091.726,269.310,-0.610,0.029,0.227,-0.790,0.420,10917.440
213.900,48.924,2092.944,269.450,0.370,-0.084,0.258,0.180,-0.180,10918.930
213.920,49.637,2094.177,272.400,0.050,-0.030,0.311,-0.900,0.090,10920.450
213.940,50.345,2095.401,270.680,-1.180,-0.039,-0.070,1.070,0.140,10921.950
213.960,51.055,2096.628,271.350,-1.830,0.062,0.220,-0.180,-0.280,10923.460
213.980,51.762,2097.849,270.150,-0.300,-0.069,-0.041,-0.040,-0.430,10924.960
214.000,52.469,2099.071,270.140,-0.300,0.046,-0.015,-0.160,-0.420,10926.460
214.020,53.176,2100.292,270.050,-0.270,0.019,-0.070,0.070,0.380,10927.960
214.040,53.881,2101.511,269.680,1.050,0.020,0.008,0.170,-0.140,10929.460
214.060,54.596,2102.746,272.930,1.380,-0.023,0.223,-0.420,-0.190,10930.970
214.080,55.309,2103.979,272.560,0.660,-0.073,-0.030,-1.280,0.100,10932.490
214.100,56.028,2105.222,274.580,0.590,0.025,0.230,-0.550,0.390,10934.010
214.120,56.743,2106.460,273.460,-0.080,0.044,-0.064,-0.240,-0.350,10935.530
214.140,57.459,2107.697,273.260,0.180,0.025,-0.025,0.140,-0.570,10937.050
214.160,58.166,2108.918,270.190,0.430,-0.007,-0.056,0.090,0.440,10938.550
214.180,58.889,2110.170,276.290,0.140,-0.057,0.204,0.380,0.150,10940.090
214.200,59.605,2111.409,273.760,0.590,-0.031,-0.074,-0.820,-0.320,10941.610
214.220,60.314,2112.633,270.840,0.050,0.023,-0.028,-0.450,-0.130,10943.110
214.240,61.033,2113.877,274.570,-0.500,-0.040,0.262,-0.220,-0.300,10944.640
214.260,61.748,2115.113,273.280,0.260,-0.048,-0.028,0.760,0.190,10946.160
214.280,62.464,2116.351,273.490,-0.240,-0.072,0.232,1.360,0.310,10947.680
214.300,63.185,2117.598,275.430,1.450,0.027,0.218,-0.670,0.200,10949.210
214.320,63.903,2118.840,274.410,-0.430,0.026,-0.075,0.550,0.050,10950.730
214.340,64.629,2120.096,277.100,2.860,0.058,0.227,0.040,0.110,10952.270
214.360,65.350,2121.344,275.650,1.640,-0.107,-0.051,0.280,-0.220,10953.800
214.380,66.074,2122.598,276.690,-1.130,0.059,0.214,-0.660,-0.130,10955.340
214.400,66.800,2123.853,277.210,1.250,0.056,0.282,0.680,0.000,10956.880
214.420,67.525,2125.108,277.000,-0.130,0.060,-0.035,-1.110,-0.080,10958.420
214.440,68.251,2126.364,277.210,0.570,0.006,0.224,-0.660,0.000,10959.960
214.460,68.977,2127.621,277.370,1.580,0.011,0.244,-0.130,-0.490,10961.500
214.480,69.709,2128.889,279.660,-0.780,0.011,0.223,-0.300,0.260,10963.050
214.500,70.440,2130.153,278.960,-0.460,-0.046,-0.054,0.010,-0.320,10964.600
214.520,71.164,2131.408,276.920,0.750,-0.044,-0.075,-0.340,-0.630,10966.140
214.540,71.888,2132.660,276.550,-0.370,0.011,0.014,-0.180,-0.210,10967.680
214.560,72.614,2133.917,277.300,-2.220,-0.012,0.202,-0.090,-0.060,10969.220
214.580,73.346,2135.183,279.400,0.960,0.036,0.212,-0.110,0.610,10970.770
214.600,74.072,2136.440,277.360,0.370,-0.018,-0.057,0.070,-0.150,10972.310
214.620,74.800,2137.701,278.310,-0.020,-0.073,0.253,0.450,0.060,10973.860
214.640,75.527,2138.959,277.540,0.130,-0.071,-0.047,-0.380,0.100,10975.400
214.660,76.263,2140.234,281.220,2.240,-0.038,0.278,0.670,-0.450,10976.960
214.680,76.999,2141.509,281.080,1.010,0.036,-0.037,0.020,-0.030,10978.520
214.700,77.737,2142.787,281.670,-0.860,-0.026,0.222,0.630,-0.080,10980.090
214.720,78.470,2144.056,279.900,0.120,0.015,-0.018,-0.170,0.030,10981.640
214.740,79.198,2145.317,278.250,1.190,-0.084,-0.031,-0.430,0.130,10983.190
214.760,79.931,2146.586,279.900,1.160,0.008,0.292,0.040,0.260,10984.740
214.780,80.662,2147.852,279.390,-1.500,0.002,-0.048,1.280,-0.260,10986.290
214.800,81.394,2149.120,279.640,-0.500,0.060,0.283,-0.680,0.140,10987.850
214.820,82.137,2150.407,283.650,-1.130,0.008,0.168,0.340,-0.220,10989.420
214.840,82.875,2151.686,281.840,0.640,0.038,-0.065,0.090,-0.270,10990.990
214.860,83.616,2152.970,282.910,-0.910,0.097,0.223,0.200,0.530,10992.560
214.880,84.361,2154.261,284.400,1.550,0.002,0.271,-0.600,-0.540,10994.140
214.900,85.098,2155.537,281.480,1.300,0.077,-0.072,0.230,-0.150,10995.710
214.920,85.842,2156.827,284.200,-0.250,0.006,0.279,0.150,0.070,10997.280
214.940,86.579,2158.104,281.370,-1.260,-0.027,-0.026,-0.740,-0.180,10998.850
214.960,87.323,2159.394,284.190,-0.790,-0.005,0.232,0.070,0.050,11000.430
214.980,88.071,2160.691,285.680,0.450,-0.025,0.257,-0.120,-0.400,11002.010
215.000,88.811,2161.973,282.630,0.850,-0.024,-0.056,-0.180,-0.550,11003.580
215.020,89.560,2163.271,285.850,-0.040,-0.029,0.253,-0.020,-0.260,11005.170
215.040,90.307,2164.566,285.210,-2.570,-0.015,-0.028,0.540,0.050,11006.760
215.060,91.051,2165.858,284.460,0.680,0.036,-0.060,0.230,-0.050,11008.340
215.080,91.794,2167.145,283.610,-2.020,-0.085,-0.100,-0.520,0.190,11009.910
215.100,92.543,2168.444,286.040,-2.120,0.014,0.268,0.250,-0.430,11011.500
215.120,93.294,2169.746,286.680,1.000,0.006,0.282,-0.020,-0.170,11013.090
215.140,94.042,2171.043,285.730,-1.190,0.069,-0.101,-0.310,-0.020,11014.680
215.160,94.789,2172.337,285.000,0.250,-0.018,-0.051,-0.620,-0.290,11016.260
215.180,95.543,2173.645,287.880,0.090,0.057,0.222,0.400,0.040,11017.860
215.200,96.299,2174.958,288.780,-0.810,-0.043,0.284,-0.290,-0.080,11019.470
215.220,97.055,2176.270,288.700,0.210,-0.023,-0.015,0.450,0.150,11021.070
215.240,97.815,2177.587,289.920,-0.550,0.021,0.226,-0.540,0.090,11022.680
215.260,98.566,2178.890,286.820,0.050,0.030,-0.089,1.000,-0.560,11024.280
215.280,99.315,2180.189,285.950,-0.390,-0.013,-0.043,1.320,0.440,11025.860
215.300,100.071,2181.502,288.950,-0.500,0.011,0.217,0.270,-0.650,11027.470
215.320,100.826,2182.811,288.000,-0.660,-0.008,-0.024,0.650,-0.470,11029.070
215.340,101.586,2184.131,290.350,-0.900,0.040,0.246,-0.230,-0.020,11030.680
215.360,102.339,2185.437,287.580,0.850,-0.007,-0.002,-0.280,0.090,11032.280
215.380,103.094,2186.745,287.950,-0.450,-0.011,0.299,0.600,-0.080,11033.880
215.400,103.853,2188.063,289.770,-1.130,0.050,0.297,0.080,-0.160,11035.490
215.420,104.613,2189.382,290.190,-0.410,0.011,0.262,-0.690,-0.020,11037.100
215.440,105.376,2190.706,291.210,-0.530,0.033,0.222,0.040,0.160,11038.720
215.460,106.136,2192.026,290.320,-0.390,0.125,-0.094,-0.610,-0.340,11040.330
215.480,106.890,2193.334,287.850,0.710,-0.099,-0.032,-0.090,-0.330,11041.930
215.500,107.666,2194.682,296.170,-0.630,-0.051,0.270,0.520,-0.260,11043.580
215.520,108.429,2196.007,291.310,-0.380,-0.046,-0.042,0.730,0.400,11045.200
215.540,109.204,2197.354,295.860,0.640,-0.043,0.210,0.140,0.110,11046.840
215.560,109.968,2198.680,291.600,0.440,0.071,-0.074,0.670,0.170,11048.460
215.580,110.729,2200.001,290.480,-0.690,-0.133,-0.048,-0.230,0.480,11050.070
215.600,111.493,2201.328,291.850,0.970,0.024,0.232,0.850,0.240,11051.690
215.620,112.264,2202.667,294.240,0.910,-0.077,0.227,-0.360,0.050,11053.330
215.640,113.034,2204.004,293.790,0.840,0.001,-0.079,-0.400,0.470,11054.960
215.660,113.803,2205.340,293.590,0.300,0.013,-0.054,-0.230,-0.290,11056.590
215.680,114.571,2206.674,293.300,-0.170,0.045,-0.056,-0.370,-0.080,11058.220
215.700,115.341,2208.011,293.850,-1.070,-0.013,0.225,0.260,0.350,11059.850
215.720,116.111,2209.348,293.700,-1.380,-0.009,-0.050,0.630,-0.660,11061.490
215.740,116.886,2210.695,295.980,-0.080,-0.102,0.257,0.010,-0.240,11063.130
215.760,117.661,2212.042,295.830,0.010,0.114,-0.039,0.160,0.240,11064.770
215.780,118.430,2213.377,293.310,-0.260,0.015,-0.079,-0.690,0.030,11066.400
215.800,119.197,2214.708,292.770,-0.110,0.022,-0.059,0.050,0.150,11068.030
215.820,119.965,2216.043,293.410,1.360,0.054,0.250,0.890,-0.570,11069.660
215.840,120.738,2217.386,294.980,1.630,-0.003,0.254,0.710,-0.250,11071.300
215.860,121.514,2218.734,296.120,-1.110,0.021,0.210,-0.550,0.190,11072.940
215.880,122.289,2220.082,295.970,0.290,0.036,-0.060,-0.220,-0.270,11074.590
215.900,123.068,2221.436,297.260,0.050,-0.074,0.268,1.700,0.250,11076.240
215.920,123.845,2222.786,296.560,0.670,0.027,-0.068,0.210,0.090,11077.890
215.940,124.629,2224.149,299.240,1.730,0.104,0.261,0.760,-0.350,11079.550
215.960,125.410,2225.506,297.880,2.190,0.087,-0.050,0.800,0.100,11081.200
215.980,126.189,2226.861,297.410,0.720,0.077,-0.064,-0.560,0.220,11082.860
216.000,126.963,2228.205,295.380,0.040,0.096,-0.012,0.360,0.110,11084.500
216.020,127.745,2229.565,298.440,-0.360,-0.063,0.241,0.090,0.160,11086.160
216.040,128.528,2230.927,298.930,2.490,-0.026,0.244,0.870,-0.520,11087.820
216.060,129.308,2232.281,297.380,-0.770,-0.046,-0.065,0.980,0.680,11089.470
216.080,130.086,2233.633,296.980,0.820,0.175,-0.006,-0.420,0.850,11091.120
216.100,130.874,2235.004,300.620,-0.260,0.012,0.292,1.720,0.430,11092.790
216.120,131.654,2236.360,297.790,-1.340,-0.071,-0.016,0.080,0.030,11094.440
216.140,132.439,2237.726,299.760,1.720,-0.055,0.276,0.320,-0.120,11096.110
216.160,133.225,2239.092,299.820,-1.740,0.005,0.223,-1.330,-0.120,11097.770
216.180,134.013,2240.463,300.710,-2.150,-0.068,0.237,0.500,0.240,11099.440
216.200,134.796,2241.824,298.870,0.700,0.093,-0.073,-1.080,0.320,11101.110
216.220,135.583,2243.193,300.390,-0.300,0.040,0.281,-0.070,-0.190,11102.770
216.240,136.368,2244.558,299.390,0.430,0.016,0.020,-0.280,-0.010,11104.440
216.260,137.157,2245.931,301.220,-0.010,-0.053,0.270,0.230,0.380,11106.110
216.280,137.949,2247.308,302.130,0.600,-0.066,0.300,0.090,-0.030,11107.790
216.300,138.743,2248.690,302.980,-0.300,0.017,0.264,0.290,0.030,11109.470
216.320,139.540,2250.077,304.150,0.900,0.007,0.260,0.620,0.410,11111.160
216.340,140.331,2251.453,301.780,0.930,-0.064,-0.067,-0.500,0.360,11112.840
216.360,141.123,2252.830,302.020,1.550,-0.003,0.268,-0.100,0.240,11114.520
216.380,141.921,2254.220,304.610,1.260,-0.003,0.277,-0.420,-0.320,11116.210
216.400,142.717,2255.606,303.830,-0.110,0.037,-0.018,-0.460,-0.320,11117.900
216.420,143.517,2256.998,305.090,0.700,0.105,0.253,0.970,-0.220,11119.590
216.440,144.320,2258.396,306.430,0.420,-0.104,0.256,-0.630,-0.160,11121.290
216.460,145.113,2259.776,302.500,0.420,0.040,-0.052,-0.410,0.060,11122.970
216.480,145.913,2261.168,305.250,-1.320,-0.035,0.233,1.100,-0.030,11124.670
216.500,146.708,2262.552,303.400,0.750,0.021,-0.024,-0.060,-0.050,11126.360
216.520,147.513,2263.953,306.910,0.610,0.007,0.193,-0.030,-0.080,11128.060
216.540,148.307,2265.335,303.050,1.820,0.025,-0.100,0.200,-0.260,11129.740
216.560,149.110,2266.734,306.470,1.170,-0.062,0.234,-0.600,-0.140,11131.450
216.580,149.908,2268.123,304.530,0.150,0.048,-0.088,-0.460,0.730,11133.140
216.600,150.712,2269.522,306.460,-0.100,0.002,0.283,-0.310,0.210,11134.840
216.620,151.518,2270.927,307.800,-1.000,0.070,0.237,0.520,0.010,11136.550
216.640,152.318,2272.319,305.200,1.820,0.080,-0.024,0.340,-0.450,11138.250
216.660,153.116,2273.707,304.230,-1.070,0.012,-0.011,-0.320,-0.300,11139.940
216.680,153.919,2275.105,306.310,-1.870,0.049,0.252,-0.070,-0.010,11141.640
216.700,154.722,2276.503,306.380,0.900,0.045,0.260,0.390,0.410,11143.340
216.720,155.522,2277.896,305.300,0.090,0.067,-0.013,-1.190,0.070,11145.040
216.740,156.320,2279.285,304.480,0.260,0.063,-0.020,0.150,0.060,11146.730
216.760,157.132,2280.699,309.580,0.190,-0.058,0.188,0.380,0.330,11148.450
216.780,157.945,2282.117,310.260,-1.060,0.014,0.238,-0.460,-0.290,11150.170
216.800,158.751,2283.520,307.390,0.370,-0.069,-0.035,0.330,0.420,11151.880
216.820,159.558,2284.926,308.120,-0.320,-0.026,0.256,0.010,-0.120,11153.590
216.840,160.371,2286.343,310.040,-0.460,-0.024,0.220,0.910,0.350,11155.310
216.860,161.185,2287.760,310.330,1.420,0.029,0.199,-0.260,0.500,11157.040
216.880,162.003,2289.186,312.020,0.790,-0.012,0.268,0.300,-0.270,11158.770
216.900,162.817,2290.605,310.550,-2.300,-0.008,-0.075,-0.730,0.000,11160.500
216.920,163.625,2292.013,308.350,0.220,0.050,-0.054,0.040,0.240,11162.210
216.940,164.441,2293.435,311.340,1.070,0.044,0.254,0.410,-0.090,11163.940
216.960,165.252,2294.848,309.370,-1.250,0.014,-0.055,-0.260,-0.080,11165.660
216.980,166.067,2296.267,310.590,-0.860,0.037,0.222,0.560,-0.120,11167.380
217.000,166.886,2297.696,312.620,1.000,0.032,0.248,0.460,-0.560,11169.120
217.020,167.699,2299.111,309.860,-0.450,0.098,-0.066,0.070,0.320,11170.840
217.040,168.515,2300.533,311.370,-1.980,-0.010,0.300,-0.140,-0.300,11172.570
217.060,169.327,2301.949,309.910,1.200,-0.038,-0.044,-1.540,-0.690,11174.290
217.080,170.141,2303.368,310.530,-0.170,0.010,0.327,-0.320,0.310,11176.020
217.100,170.958,2304.791,311.460,0.370,-0.048,0.210,0.550,0.150,11177.750
217.120,171.784,2306.231,314.990,-0.050,-0.018,0.241,-0.140,-0.400,11179.500
217.140,172.604,2307.661,312.870,1.120,0.023,-0.059,0.230,0.330,11181.240
217.160,173.436,2309.111,317.050,-1.100,-0.025,0.227,-0.230,0.200,11183.000
217.180,174.261,2310.551,314.780,0.660,-0.011,-0.061,-0.710,0.000,11184.750
217.200,175.087,2311.991,315.090,1.320,-0.014,0.236,0.370,-0.110,11186.500
217.220,175.906,2313.418,312.240,-1.350,-0.022,-0.079,-0.610,-0.040,11188.230
217.240,176.729,2314.853,313.920,-0.740,-0.055,0.304,-0.130,0.060,11189.980
217.260,177.549,2316.282,312.700,1.640,0.051,-0.053,0.180,-0.240,11191.710
217.280,178.372,2317.719,314.210,1.080,0.069,0.278,-0.340,0.340,11193.460
217.300,179.196,2319.156,314.260,-0.820,0.048,0.280,0.790,0.170,11195.210
217.320,180.023,2320.597,315.150,-1.210,0.047,0.293,0.990,-0.040,11196.960
217.340,180.853,2322.045,316.710,0.280,-0.021,0.221,-0.400,0.520,11198.720
217.360,181.680,2323.488,315.350,0.330,0.009,-0.012,-0.390,-0.090,11200.470
217.380,182.512,2324.939,317.270,-0.060,-0.039,0.248,-0.220,0.460,11202.230
217.400,183.336,2326.375,314.080,2.330,-0.007,0.011,0.580,0.090,11203.980
217.420,184.167,2327.826,317.210,0.650,-0.002,0.266,0.240,0.230,11205.740
217.440,184.996,2329.272,316.150,-0.840,-0.069,-0.085,0.380,-0.110,11207.490
217.460,185.829,2330.724,317.450,1.060,0.007,0.288,0.660,-0.560,11209.260
217.480,186.664,2332.182,318.630,0.060,-0.027,0.285,-0.450,0.140,11211.030
217.500,187.492,2333.625,315.440,-0.680,0.013,-0.089,0.250,-0.360,11212.780
217.520,188.331,2335.090,320.000,0.900,-0.012,0.272,0.030,-0.180,11214.560
217.540,189.164,2336.544,317.850,1.480,0.017,-0.002,0.220,0.020,11216.320
217.560,190.003,2338.009,320.000,0.220,0.035,0.264,0.570,-0.190,11218.100
217.580,190.839,2339.467,318.780,-0.980,-0.063,-0.079,-0.080,-0.010,11219.870
217.600,191.679,2340.932,320.000,0.110,-0.016,0.280,-0.350,0.060,11221.650
217.620,192.516,2342.394,319.290,-0.960,-0.032,-0.030,-0.530,-0.440,11223.420
217.640,193.355,2343.858,319.870,0.230,0.059,0.243,0.880,0.080,11225.200
217.660,194.194,2345.322,319.910,0.750,0.085,0.236,-0.020,-0.190,11226.980
217.680,195.032,2346.785,319.670,-1.980,0.002,-0.030,-0.680,-0.320,11228.750
217.700,195.826,2348.282,65.940,4.420,0.647,-0.150,4.750,1.330,11229.120
217.720,196.571,2349.804,66.460,4.350,0.612,0.227,4.420,4.130,11229.490
217.740,197.266,2351.347,67.590,3.410,0.596,0.618,4.280,5.320,11229.860
217.760,197.910,2352.912,68.860,2.480,0.602,0.942,4.350,5.620,11230.240
217.780,198.502,2354.496,70.320,3.470,0.624,1.314,4.790,6.160,11230.630
217.800,199.042,2356.098,72.050,5.220,0.648,1.652,5.710,6.300,11231.030
217.820,199.530,2357.715,73.680,2.930,0.722,1.822,6.930,7.390,11231.440
217.840,199.965,2359.348,75.200,2.960,0.688,1.942,6.610,7.670,11231.860
217.860,200.346,2360.993,76.770,4.650,0.738,1.987,6.340,9.020,11232.290
217.880,200.674,2362.649,78.100,5.500,0.782,1.914,7.550,8.210,11232.720
217.900,200.947,2364.315,79.460,4.030,0.782,2.084,7.170,8.850,11233.160
217.920,201.166,2365.989,81.110,5.640,0.800,2.046,8.830,11.070,11233.610
217.940,201.330,2367.669,82.420,3.780,0.866,2.026,10.470,10.540,11234.070
217.960,201.439,2369.354,83.740,6.490,0.875,2.123,12.980,8.010,11234.540
217.980,201.494,2371.041,85.240,10.570,0.890,1.989,13.750,9.190,11235.010
218.000,201.494,2372.730,86.390,9.590,0.923,1.926,14.670,7.420,11235.490
218.020,201.438,2374.417,87.580,7.820,0.963,1.976,14.980,9.750,11235.980
218.040,201.328,2376.103,88.530,9.080,1.008,1.588,16.990,10.470,11236.470
218.060,201.163,2377.785,89.700,8.280,1.050,1.759,16.570,7.720,11236.970
218.080,200.943,2379.461,90.880,14.690,1.083,1.689,17.330,9.260,11237.470
218.100,200.669,2381.130,92.040,10.240,1.061,1.635,18.490,10.270,11237.980
218.120,200.340,2382.790,93.370,7.900,1.091,1.737,19.000,8.060,11238.500
218.140,199.958,2384.439,94.250,10.720,1.133,1.566,19.080,8.490,11239.030
218.160,199.522,2386.076,95.640,14.060,1.173,1.796,18.860,11.200,11239.560
218.180,199.032,2387.699,96.190,13.170,1.180,1.423,20.300,5.930,11240.090
218.200,198.490,2389.306,97.330,15.600,1.186,1.526,21.200,6.160,11240.630
218.220,197.896,2390.897,98.430,16.790,1.196,1.472,21.970,5.680,11241.180
218.240,197.250,2392.468,99.410,15.740,1.241,1.484,23.160,8.810,11241.730
218.260,196.554,2394.019,100.380,16.030,1.293,1.418,24.000,6.030,11242.290
218.280,195.806,2395.548,101.000,20.530,1.318,1.187,24.740,7.630,11242.850
218.300,195.009,2397.054,101.890,20.130,1.320,1.348,25.460,9.400,11243.420
218.320,194.163,2398.534,102.290,14.880,1.348,1.078,25.840,5.480,11243.980
218.340,193.269,2399.989,102.700,17.980,1.350,0.962,27.050,4.920,11244.560
218.360,192.327,2401.415,103.630,17.940,1.362,0.991,26.380,7.200,11245.130
218.380,191.339,2402.812,104.000,21.850,1.381,0.955,27.500,6.180,11245.710
218.400,190.306,2404.178,104.480,23.360,1.390,0.848,28.710,2.200,11246.290
218.420,189.228,2405.511,104.750,23.270,1.392,0.699,29.010,7.530,11246.870
218.440,188.106,2406.811,104.980,23.080,1.449,0.640,29.970,5.970,11247.450
218.460,186.942,2408.077,104.520,27.170,1.419,0.193,31.200,2.940,11248.040
218.480,185.737,2409.306,104.660,26.240,1.424,0.285,30.840,3.210,11248.620
218.500,184.491,2410.498,104.510,24.520,1.434,0.041,32.460,4.060,11249.200
218.520,183.206,2411.651,104.410,25.320,1.470,0.015,33.100,2.930,11249.780
218.540,181.883,2412.764,103.800,25.620,1.474,-0.307,31.980,4.110,11250.350
218.560,180.524,2413.836,103.550,26.580,1.463,-0.348,32.170,4.370,11250.930
218.580,179.129,2414.866,102.710,27.590,1.440,-0.582,33.080,3.690,11251.500
218.600,177.701,2415.853,102.050,28.550,1.456,-0.679,33.390,4.750,11252.070
218.620,176.239,2416.796,101.140,26.140,1.423,-0.819,33.370,5.430,11252.630
218.640,174.746,2417.694,100.380,24.980,1.413,-0.958,33.080,5.040,11253.190
218.660,173.224,2418.545,99.850,28.330,1.395,-0.835,32.930,6.130,11253.740
218.680,171.673,2419.349,99.540,28.890,1.392,-0.760,32.180,6.170,11254.290
218.700,170.094,2420.106,98.860,30.790,1.407,-0.837,33.860,8.270,11254.840
218.720,168.491,2420.814,97.900,28.360,1.394,-0.933,34.510,4.910,11255.390
218.740,166.863,2421.472,96.840,26.200,1.361,-1.164,34.860,8.130,11255.920
218.760,165.213,2422.081,96.420,28.740,1.370,-0.862,34.070,7.890,11256.460
218.780,163.541,2422.638,95.650,27.120,1.369,-0.979,34.390,7.590,11256.990
218.800,161.851,2423.144,94.930,24.790,1.355,-1.094,35.150,5.790,11257.520
218.820,160.142,2423.598,94.520,27.150,1.325,-0.889,34.160,5.300,11258.040
218.840,158.418,2423.999,93.790,27.660,1.277,-0.966,34.440,8.210,11258.570
218.860,156.679,2424.348,93.030,29.660,1.204,-1.071,33.910,5.870,11259.080
218.880,154.927,2424.643,92.370,26.850,1.196,-0.897,34.660,5.490,11259.600
218.900,153.164,2424.884,91.960,24.990,1.200,-0.783,34.740,4.410,11260.110
218.920,151.391,2425.071,91.220,22.760,1.155,-0.950,34.900,6.800,11260.610
218.940,149.610,2425.203,90.000,23.760,1.149,-1.109,34.200,2.490,11261.110
218.960,147.823,2425.281,89.180,24.210,1.123,-1.104,35.230,4.890,11261.610
218.980,146.032,2425.305,88.490,29.330,1.118,-1.105,35.000,4.630,11262.100
219.000,144.238,2425.273,88.010,25.510,1.089,-0.916,35.240,7.770,11262.590
219.020,142.442,2425.186,87.060,25.670,1.059,-1.070,35.740,6.210,11263.070
219.040,140.647,2425.044,86.440,27.750,1.046,-0.957,34.710,5.140,11263.550
219.060,138.854,2424.848,85.740,26.290,1.011,-1.082,33.860,5.500,11264.030
219.080,137.066,2424.596,85.260,24.220,1.024,-0.904,33.950,3.140,11264.500
219.100,135.282,2424.290,84.320,27.050,1.009,-1.029,35.530,7.650,11264.970
219.120,133.506,2423.930,83.660,23.030,0.971,-1.077,34.050,5.190,11265.440
219.140,131.739,2423.515,83.260,25.080,0.951,-0.940,35.940,6.080,11265.900
219.160,129.983,2423.046,82.650,22.060,0.957,-0.967,36.140,4.310,11266.360
219.180,128.239,2422.524,81.950,25.120,0.940,-0.904,36.360,4.950,11266.810
219.200,126.508,2421.948,81.060,26.570,0.942,-1.038,36.370,4.140,11267.260
219.220,124.794,2421.320,80.310,26.260,0.905,-1.106,36.840,5.310,11267.710
219.240,123.096,2420.639,79.510,26.040,0.888,-0.987,35.810,6.790,11268.150
219.260,121.417,2419.907,79.100,29.880,0.876,-0.891,36.380,5.030,11268.590
219.280,119.759,2419.124,78.790,23.390,0.912,-0.815,36.060,5.240,11269.030
219.300,118.122,2418.290,78.400,22.110,0.878,-0.698,36.830,4.290,11269.460
219.320,116.509,2417.407,78.630,24.570,0.881,-0.411,35.440,5.650,11269.900
219.340,114.921,2416.474,78.760,21.460,0.880,-0.315,34.080,1.640,11270.340
219.360,113.360,2415.493,78.510,20.510,0.904,-0.246,33.440,2.460,11270.770
219.380,111.826,2414.465,78.490,21.680,0.914,-0.095,32.050,2.440,11271.210
219.400,110.321,2413.391,78.570,25.730,0.886,-0.016,32.000,0.330,11271.650
219.420,108.848,2412.271,78.890,22.510,0.854,0.071,30.120,2.150,11272.090
219.440,107.406,2411.106,78.860,21.040,0.823,0.009,28.010,1.720,11272.520
219.460,105.999,2409.898,78.930,16.240,0.834,0.089,27.520,2.150,11272.960
219.480,104.626,2408.648,79.360,17.660,0.859,0.235,26.410,2.720,11273.400
219.500,103.289,2407.356,79.680,21.230,0.883,0.280,25.960,1.740,11273.850
219.520,101.989,2406.023,79.480,17.360,0.871,0.228,25.560,0.100,11274.290
219.540,100.728,2404.652,79.910,21.760,0.871,0.242,24.400,2.860,11274.730
219.560,99.507,2403.242,79.870,17.640,0.898,0.226,23.160,1.250,11275.180
219.580,98.327,2401.796,80.070,15.570,0.876,0.212,20.880,2.350,11275.620
219.600,97.190,2400.315,80.340,14.630,0.826,0.264,20.810,1.450,11276.070
219.620,96.095,2398.800,80.580,14.530,0.863,0.182,19.900,0.140,11276.510
219.640,95.044,2397.251,80.780,11.400,0.845,0.351,20.160,3.460,11276.960
219.660,94.039,2395.672,80.920,15.900,0.850,0.309,19.640,3.830,11277.410
219.680,93.079,2394.062,81.400,14.110,0.871,0.395,17.150,4.780,11277.860
219.700,92.167,2392.424,81.400,12.190,0.869,0.328,17.060,2.220,11278.320
219.720,91.302,2390.759,81.670,11.640,0.900,0.328,14.640,3.010,11278.770
219.740,90.487,2389.069,82.200,12.790,0.957,0.361,14.050,3.690,11279.230
219.760,89.720,2387.354,82.590,14.790,0.933,0.411,14.230,4.840,11279.690
219.780,89.004,2385.617,82.580,13.480,0.934,0.322,14.200,0.370,11280.140
219.800,88.339,2383.858,82.530,10.180,0.931,0.104,12.270,0.030,11280.600
219.820,87.725,2382.081,82.720,7.530,0.937,0.293,11.270,4.980,11281.060
219.840,87.163,2380.285,82.700,5.540,0.923,0.140,10.630,-0.190,11281.520
219.860,86.653,2378.474,83.210,8.220,0.914,0.330,9.470,4.360,11281.980
219.880,86.197,2376.648,83.540,5.460,0.909,0.308,6.970,4.890,11282.450
219.900,85.794,2374.809,83.870,6.500,0.911,0.434,6.090,4.550,11282.910
219.920,85.445,2372.958,84.360,6.070,0.916,0.475,5.550,1.990,11283.380
219.940,85.347,2372.408,83.020,0.460,-0.004,-0.075,-0.750,-0.410,11283.840
219.960,85.247,2371.846,85.280,0.350,0.069,0.241,-0.920,0.550,11284.310
219.980,85.144,2371.263,89.010,-2.070,0.024,0.225,-0.770,0.110,11284.810
220.000,85.039,2370.675,90.010,0.030,-0.082,0.159,-0.000,0.560,11285.310
220.020,84.935,2370.093,88.850,1.420,0.023,-0.050,-0.700,-0.100,11285.800
220.040,84.833,2369.522,87.020,1.500,0.002,-0.058,-0.190,0.140,11286.290
220.060,84.728,2368.930,90.670,0.680,-0.032,0.287,0.230,0.300,11286.790
220.080,84.622,2368.336,91.120,1.270,-0.022,0.271,-1.060,0.100,11287.300
220.100,84.514,2367.734,92.480,-0.150,0.025,0.264,0.490,-0.100,11287.810
220.120,84.409,2367.141,90.970,0.570,-0.079,-0.080,0.710,-0.140,11288.320
220.140,84.299,2366.526,94.840,0.160,-0.032,0.281,0.930,-0.100,11288.840
220.160,84.190,2365.921,93.230,0.670,-0.057,-0.046,0.740,0.800,11289.360
220.180,84.083,2365.318,92.700,1.840,-0.040,-0.061,1.210,-0.190,11289.880
220.200,83.970,2364.687,97.840,1.000,0.016,0.227,0.120,-0.600,11290.420
220.220,83.853,2364.037,101.390,-0.340,0.002,0.230,0.400,0.010,11290.980
220.240,83.739,2363.404,98.270,1.580,0.034,-0.058,-0.130,0.010,11291.530
220.260,83.624,2362.762,99.830,0.250,-0.113,0.219,0.330,-0.090,11292.080
220.280,83.506,2362.104,102.890,0.650,-0.013,0.251,0.070,-0.190,11292.650
220.300,83.386,2361.437,104.300,-0.240,-0.005,0.245,-0.830,-0.080,11293.230
220.320,83.266,2360.774,103.730,0.740,-0.082,-0.029,-0.750,-0.400,11293.810
220.340,83.147,2360.113,103.520,0.400,-0.034,-0.054,0.900,0.530,11294.390
220.360,83.024,2359.429,107.580,1.130,-0.001,0.195,0.080,0.070,11294.980
220.380,82.903,2358.760,104.760,-0.500,0.016,-0.059,0.710,0.040,11295.570
220.400,82.781,2358.080,106.840,0.950,0.017,0.216,-0.280,0.320,11296.160
220.420,82.655,2357.386,109.510,-2.440,-0.099,0.232,-0.450,0.810,11296.770
220.440,82.532,2356.703,107.290,-0.620,-0.032,-0.078,-0.040,-0.120,11297.360
220.460,82.405,2355.999,111.230,-1.350,-0.076,0.313,0.390,0.090,11297.980
220.480,82.276,2355.284,113.370,0.340,-0.000,0.240,0.700,0.240,11298.610
220.500,82.144,2354.558,115.190,0.960,-0.022,0.272,0.090,0.210,11299.250
220.520,82.015,2353.844,113.100,-0.010,-0.031,-0.059,0.330,0.270,11299.880
220.540,81.885,2353.125,114.040,1.360,0.158,0.243,-0.070,0.280,11300.510
220.560,81.752,2352.391,116.780,-0.770,-0.053,0.236,0.730,-0.120,11301.160
220.580,81.620,2351.662,115.790,-1.400,-0.001,-0.071,0.740,0.360,11301.800
220.600,81.486,2350.926,117.270,0.720,0.024,0.230,-0.390,-0.030,11302.460
220.620,81.350,2350.178,119.230,1.170,0.018,0.261,0.190,0.080,11303.120
220.640,81.213,2349.425,120.310,0.110,0.029,0.248,-0.500,0.180,11303.790
220.660,81.079,2348.684,117.900,1.820,0.018,-0.010,0.410,-0.210,11304.440
220.680,80.943,2347.933,120.030,0.510,-0.017,0.243,-0.200,0.130,11305.110
220.700,80.806,2347.181,120.040,0.400,0.001,0.242,-0.400,0.190,11305.780
220.720,80.668,2346.422,121.300,-0.430,-0.033,0.251,-1.020,-0.570,11306.450
220.740,80.528,2345.653,123.130,-1.300,-0.037,0.268,0.540,0.420,11307.130
220.760,80.386,2344.872,125.490,-0.270,-0.066,0.253,0.100,-0.250,11307.830
220.780,80.243,2344.084,126.640,1.580,0.039,0.290,0.130,0.080,11308.530
220.800,80.101,2343.307,124.620,0.190,0.055,0.027,0.420,0.460,11309.230
220.820,79.957,2342.514,127.460,-0.390,-0.029,0.275,-0.380,0.200,11309.930
220.840,79.812,2341.721,127.590,-0.900,-0.004,0.261,-0.460,0.310,11310.640
220.860,79.665,2340.912,130.580,0.540,0.080,0.190,0.270,0.330,11311.370
220.880,79.517,2340.101,130.910,-1.120,0.056,0.292,0.580,-0.150,11312.100
220.900,79.365,2339.268,134.790,0.360,0.045,0.287,0.270,-0.310,11312.850
220.920,79.214,2338.442,133.700,-0.460,0.013,-0.004,0.800,0.120,11313.590
220.940,79.062,2337.614,134.010,-0.260,-0.031,0.274,0.280,0.210,11314.330
220.960,78.909,2336.777,135.540,0.640,-0.026,0.222,0.250,0.330,11315.090
220.980,78.756,2335.938,135.980,-0.950,0.012,0.221,0.410,0.230,11315.840
221.000,78.598,2335.078,139.970,0.010,0.022,0.217,-0.120,-0.150,11316.620
221.020,78.442,2334.225,138.470,-1.530,-0.048,-0.048,-0.620,0.260,11317.390
221.040,78.284,2333.361,140.660,-0.110,0.062,0.229,0.010,-0.630,11318.170
221.060,78.124,2332.488,142.180,0.500,0.070,0.276,0.360,0.380,11318.960
221.080,77.966,2331.622,141.010,0.790,0.040,-0.067,-0.430,-0.270,11319.740
221.100,77.808,2330.760,140.310,1.130,0.075,-0.060,-0.700,-0.270,11320.520
221.120,77.646,2329.881,143.300,0.660,0.032,0.258,-0.360,0.750,11321.320
221.140,77.483,2328.987,145.990,-0.410,0.014,0.236,0.670,0.020,11322.130
221.160,77.321,2328.107,143.510,-1.810,0.003,-0.077,0.250,-0.080,11322.930
221.180,77.156,2327.206,147.440,0.990,-0.016,0.196,-0.060,-0.350,11323.750
221.200,76.988,2326.294,149.330,-0.520,-0.000,0.278,-0.480,0.130,11324.580
221.220,76.819,2325.373,151.170,-1.450,-0.052,0.222,0.140,0.240,11325.420
221.240,76.650,2324.451,151.110,1.870,-0.004,-0.061,0.090,-0.110,11326.250
221.260,76.480,2323.527,151.540,-0.060,-0.058,0.239,0.230,-0.640,11327.100
221.280,76.309,2322.599,152.400,0.490,-0.040,0.188,1.250,0.490,11327.940
221.300,76.139,2321.677,151.320,0.230,0.061,-0.041,0.250,-0.090,11328.780
221.320,75.968,2320.746,152.720,-0.010,0.059,0.292,-0.350,-0.090,11329.630
221.340,75.798,2319.817,152.550,-0.390,-0.042,-0.021,-0.690,-0.010,11330.480
221.360,75.623,2318.868,156.270,-0.580,0.044,0.239,-0.280,-0.240,11331.350
221.380,75.446,2317.910,157.830,2.230,-0.029,0.282,-0.230,0.380,11332.220
221.400,75.269,2316.949,158.360,-1.460,-0.033,0.198,0.410,0.220,11333.100
221.420,75.091,2315.981,159.620,-0.430,0.070,0.275,-0.310,0.150,11333.990
221.440,74.911,2315.004,161.350,-0.890,-0.055,0.228,-0.500,0.690,11334.890
221.460,74.733,2314.038,159.230,0.520,-0.089,-0.021,0.270,-0.210,11335.770
221.480,74.552,2313.055,162.320,-0.410,-0.033,0.251,-0.310,0.380,11336.670
221.500,74.369,2312.066,163.610,-0.500,-0.030,0.214,0.290,-0.670,11337.580
221.520,74.187,2311.077,163.550,0.640,-0.019,-0.043,-0.420,0.190,11338.490
221.540,74.006,2310.095,162.080,1.940,-0.086,-0.050,-0.240,0.680,11339.390
221.560,73.822,2309.100,164.740,-0.830,0.018,0.257,-0.290,-0.310,11340.310
221.580,73.636,2308.094,166.520,-1.550,0.095,0.226,0.210,0.490,11341.230
221.600,73.449,2307.078,168.520,0.060,0.015,0.215,-0.070,-0.410,11342.170
221.620,73.260,2306.057,169.360,0.840,-0.011,0.268,-0.610,0.620,11343.110
221.640,73.067,2305.015,173.210,-0.220,0.033,0.248,-0.650,-0.140,11344.070
221.660,72.875,2303.976,172.750,0.630,0.004,-0.033,-0.160,-0.220,11345.030
221.680,72.683,2302.939,172.310,-0.550,0.003,-0.033,-0.710,-0.160,11345.990
221.700,72.490,2301.895,173.540,2.390,-0.004,0.271,-0.210,0.010,11346.950
221.720,72.295,2300.836,176.270,0.610,0.011,0.299,0.130,-0.050,11347.930
221.740,72.098,2299.772,177.340,-0.480,-0.021,0.256,-0.590,-0.020,11348.920
221.760,71.901,2298.710,176.890,-0.750,-0.081,-0.080,0.420,0.090,11349.900
221.780,71.701,2297.631,180.000,0.270,0.092,0.227,0.690,0.070,11350.900
221.800,71.504,2296.568,177.060,0.670,0.026,-0.059,0.540,0.000,11351.880
221.820,71.305,2295.492,179.380,-1.310,-0.035,0.256,0.330,-0.130,11352.880
221.840,71.100,2294.385,185.180,0.010,0.018,0.291,0.210,0.130,11353.910
221.860,70.897,2293.293,182.510,0.740,-0.056,-0.054,0.120,0.110,11354.920
221.880,70.695,2292.201,182.250,0.330,0.019,0.000,0.180,0.100,11355.940
221.900,70.491,2291.103,183.620,0.620,0.037,0.303,-0.300,-0.000,11356.960
221.920,70.287,2289.998,184.750,1.490,0.052,0.263,-0.010,-0.210,11357.980
221.940,70.078,2288.875,188.000,-3.110,0.028,0.269,0.070,0.020,11359.030
221.960,69.870,2287.754,187.710,0.220,-0.009,-0.064,0.320,-0.080,11360.070
221.980,69.663,2286.635,187.400,-2.350,0.051,0.000,-0.800,-0.620,11361.110
222.000,69.456,2285.523,186.010,-0.050,-0.028,-0.069,0.110,0.300,11362.140
222.020,69.248,2284.398,188.450,1.300,0.015,0.286,0.530,0.080,11363.190
222.040,69.037,2283.261,190.640,-0.130,-0.036,0.219,-0.300,-0.010,11364.250
222.060,68.825,2282.120,191.360,-0.930,0.011,0.269,-0.050,0.160,11365.310
222.080,68.610,2280.964,194.210,0.830,0.075,0.283,-0.930,-0.230,11366.390
222.100,68.396,2279.813,193.230,0.140,0.039,-0.023,0.030,0.410,11367.470
222.120,68.180,2278.647,195.850,0.190,0.046,0.236,-0.740,0.360,11368.550
222.140,67.966,2277.495,193.400,2.160,0.056,-0.058,-0.280,-0.350,11369.630
222.160,67.749,2276.330,195.830,-1.510,-0.004,0.296,-0.020,-0.190,11370.720
222.180,67.529,2275.149,198.670,-0.640,-0.044,0.235,-0.300,0.200,11371.820
222.200,67.307,2273.952,201.740,0.380,-0.093,0.236,-0.080,0.070,11372.940
222.220,67.086,2272.767,199.440,1.220,-0.054,-0.005,0.190,-0.010,11374.050
222.240,66.863,2271.568,201.900,-0.960,0.006,0.248,-0.020,0.130,11375.170
222.260,66.638,2270.360,203.680,-0.410,-0.102,0.248,0.070,-0.560,11376.300
222.280,66.413,2269.150,204.110,-0.070,0.009,0.305,-0.930,-0.280,11377.440
222.300,66.187,2267.935,204.820,-0.150,0.025,0.231,-0.080,-0.180,11378.570
222.320,65.962,2266.724,204.180,0.700,-0.078,-0.072,-1.110,0.230,11379.710
222.340,65.732,2265.493,208.000,-0.050,0.044,0.255,-0.200,-0.650,11380.860
222.360,65.506,2264.279,204.750,0.650,-0.021,-0.049,0.920,0.050,11382.000
222.380,65.279,2263.059,205.840,-1.200,-0.082,0.227,0.470,-0.110,11383.140
222.400,65.046,2261.808,211.550,0.140,-0.085,0.274,-0.710,0.200,11384.320
222.420,64.814,2260.564,210.310,0.030,-0.003,-0.050,-0.270,0.240,11385.490
222.440,64.584,2259.327,208.920,0.840,0.004,-0.048,-0.090,0.510,11386.650
222.460,64.353,2258.086,209.640,2.520,-0.001,0.250,0.250,-0.350,11387.810
222.480,64.121,2256.841,210.580,0.960,0.052,0.219,0.430,-0.250,11388.980
222.500,63.882,2255.561,216.860,-0.700,0.003,0.225,0.810,0.010,11390.190
222.520,63.645,2254.292,214.700,0.630,-0.029,-0.097,-0.480,0.420,11391.380
222.540,63.408,2253.022,215.060,-0.050,-0.016,0.284,0.110,0.130,11392.580
222.560,63.167,2251.729,219.290,-0.340,0.054,0.250,-0.880,0.030,11393.790
222.580,62.927,2250.441,218.230,-0.530,-0.056,-0.020,0.200,0.370,11395.010
222.600,62.687,2249.153,218.370,-0.580,0.008,0.236,0.250,-0.120,11396.220
222.620,62.443,2247.848,221.470,-1.140,0.010,0.284,0.010,0.350,11397.450
222.640,62.199,2246.541,221.780,-1.300,0.051,0.201,0.330,0.520,11398.680
222.660,61.954,2245.229,222.800,0.660,0.006,0.279,-0.430,-0.050,11399.920
222.680,61.709,2243.918,222.510,-0.360,-0.048,-0.052,-0.660,-0.460,11401.160
222.700,61.464,2242.607,222.580,0.180,0.010,0.208,-0.480,0.040,11402.390
222.720,61.219,2241.291,223.420,-0.870,0.036,0.165,0.190,0.490,11403.630
222.740,60.970,2239.961,226.100,0.580,0.007,0.265,0.660,0.150,11404.890
222.760,60.721,2238.626,226.970,-0.700,0.055,0.280,-0.430,-0.410,11406.150
222.780,60.469,2237.281,228.690,-1.340,-0.065,0.252,-0.340,0.380,11407.420
222.800,60.219,2235.938,228.340,1.570,-0.008,-0.032,0.060,0.240,11408.690
222.820,59.964,2234.576,231.910,0.210,0.000,0.263,1.720,0.300,11409.980
222.840,59.712,2233.230,229.010,-0.310,0.039,-0.048,-0.220,0.340,11411.250
222.860,59.457,2231.864,232.640,-0.190,0.045,0.279,0.480,-0.160,11412.540
222.880,59.203,2230.503,231.660,-0.360,0.001,-0.094,-0.090,0.320,11413.830
222.900,58.946,2229.131,233.670,0.490,-0.018,0.253,-0.270,-0.190,11415.130
222.920,58.690,2227.760,233.670,-1.550,0.009,-0.030,-0.660,-0.350,11416.430
222.940,58.431,2226.378,235.510,-1.810,-0.057,0.237,-0.150,-0.250,11417.730
222.960,58.173,2224.997,235.460,0.110,-0.024,-0.042,0.420,0.210,11419.040
222.980,57.913,2223.609,236.580,-1.740,0.028,0.215,-0.430,-0.120,11420.360
223.000,57.649,2222.200,240.540,-1.910,0.018,0.252,0.050,0.440,11421.690
223.020,57.388,2220.805,238.020,0.900,-0.033,-0.072,-0.430,0.330,11423.020
223.040,57.123,2219.387,242.090,0.170,-0.039,0.234,-0.210,0.200,11424.360
223.060,56.856,2217.962,243.400,0.180,-0.040,0.267,-0.760,0.410,11425.710
223.080,56.588,2216.533,244.230,-1.120,-0.037,0.197,1.160,-0.350,11427.070
223.100,56.321,2215.104,244.110,1.390,0.007,-0.083,0.150,0.290,11428.430
223.120,56.054,2213.679,243.520,1.010,0.060,-0.028,-0.160,0.170,11429.780
223.140,55.787,2212.252,243.850,-1.360,0.066,0.245,0.650,-0.380,11431.130
223.160,55.518,2210.816,245.410,-0.110,-0.046,0.228,-0.050,-0.220,11432.500
223.180,55.248,2209.374,246.430,-0.410,0.016,0.264,0.230,-0.050,11433.870
223.200,54.974,2207.916,249.620,-0.040,0.014,0.217,0.780,-0.060,11435.250
223.220,54.703,2206.465,248.090,1.090,0.011,-0.084,0.740,-0.010,11436.630
223.240,54.428,2205.000,250.920,-0.380,-0.049,0.244,-0.570,-0.190,11438.020
223.260,54.152,2203.526,252.300,0.980,-0.037,0.246,0.010,0.440,11439.430
223.280,53.875,2202.050,252.800,-1.730,0.017,0.228,0.640,-0.370,11440.830
223.300,53.597,2200.569,253.860,-0.620,-0.019,0.242,-0.540,-0.360,11442.240
223.320,53.316,2199.069,257.190,-0.400,0.005,0.290,-0.130,-0.280,11443.670
223.340,53.035,2197.569,257.030,-0.540,-0.051,-0.051,-0.150,-0.190,11445.100
223.360,52.752,2196.063,258.350,0.020,-0.024,0.215,0.250,-0.210,11446.530
223.380,52.470,2194.560,257.750,0.160,-0.067,-0.049,0.400,0.500,11447.970
223.400,52.185,2193.042,260.500,0.230,0.013,0.186,0.580,-0.200,11449.410
223.420,51.900,2191.523,260.790,0.890,-0.017,0.298,0.040,-0.040,11450.860
223.440,51.614,2189.998,261.660,0.730,0.013,0.214,-0.520,-0.380,11452.320
223.460,51.328,2188.473,261.770,-1.500,-0.018,0.256,-0.180,-0.140,11453.770
223.480,51.040,2186.938,263.720,0.150,0.012,0.255,-0.530,0.180,11455.230
223.500,50.747,2185.381,267.540,-0.610,0.090,0.227,-0.340,0.200,11456.720
223.520,50.457,2183.832,266.290,0.820,-0.026,-0.011,0.350,0.300,11458.200
223.540,50.163,2182.267,268.960,1.300,0.025,0.312,-0.720,-0.300,11459.690
223.560,49.874,2180.727,264.580,0.840,-0.033,-0.072,-0.280,-0.200,11461.160
223.580,49.580,2179.165,268.530,1.910,-0.007,0.271,0.450,0.250,11462.660
223.600,49.285,2177.592,270.660,0.750,0.024,0.220,0.340,-0.010,11464.160
223.620,48.989,2176.016,271.020,1.000,0.014,0.290,-0.400,-0.020,11465.670
223.640,48.692,2174.434,272.230,-0.790,0.035,0.288,-0.450,0.180,11467.180
223.660,48.395,2172.854,271.880,-0.020,0.048,-0.020,0.790,0.300,11468.690
223.680,48.094,2171.256,275.300,0.690,0.033,0.200,0.190,-0.210,11470.220
223.700,47.797,2169.674,272.090,0.290,0.046,-0.066,-0.410,-0.030,11471.730
223.720,47.497,2168.076,275.280,-0.910,0.011,0.234,-0.020,-0.040,11473.260
223.740,47.195,2166.469,276.700,-0.920,-0.036,0.232,0.540,-0.290,11474.800
223.760,46.893,2164.863,276.660,-1.810,0.040,-0.010,-0.450,0.090,11476.330
223.780,46.589,2163.247,278.580,0.370,-0.019,0.196,-0.460,-0.160,11477.880
223.800,46.287,2161.641,276.600,-1.030,0.035,-0.038,0.110,-0.000,11479.420
223.820,45.983,2160.024,278.610,0.670,-0.063,0.272,-0.680,0.190,11480.970
223.840,45.674,2158.381,283.470,0.720,-0.018,0.229,-0.340,0.080,11482.540
223.860,45.366,2156.740,282.950,0.220,-0.035,-0.035,-0.220,-0.270,11484.110
223.880,45.057,2155.099,283.020,0.390,0.020,0.263,-1.330,0.060,11485.680
223.900,44.745,2153.442,286.070,1.020,-0.029,0.242,0.040,0.040,11487.270
223.920,44.432,2151.775,287.700,1.150,-0.001,0.283,0.310,-0.170,11488.870
223.940,44.116,2150.100,289.340,-2.230,-0.007,0.234,0.980,-0.260,11490.480
223.960,43.806,2148.449,284.810,0.710,0.051,-0.017,0.300,0.050,11492.060
223.980,43.489,2146.767,290.720,0.490,0.024,0.254,-0.510,-0.420,11493.680
224.000,43.175,2145.099,287.920,0.300,0.014,-0.059,-0.230,-0.320,11495.280
224.020,42.858,2143.414,291.120,0.470,0.001,0.243,0.930,-0.380,11496.890
224.040,42.539,2141.721,292.600,-0.320,-0.038,0.208,0.230,-0.360,11498.520
224.060,42.218,2140.014,295.110,-2.400,-0.044,0.239,0.520,-0.140,11500.160
224.080,41.897,2138.311,294.410,-0.610,0.014,-0.084,-0.290,0.320,11501.790
224.100,41.576,2136.604,295.130,-1.830,-0.071,0.258,-0.110,0.190,11503.430
224.120,41.255,2134.901,294.470,-1.650,-0.002,-0.023,-0.030,0.340,11505.070
224.140,40.935,2133.199,294.210,1.070,0.005,-0.036,0.460,-0.180,11506.700
224.160,40.612,2131.485,296.450,-0.540,-0.071,0.229,-0.210,-0.600,11508.350
224.180,40.284,2129.747,300.870,0.270,-0.003,0.242,0.300,-0.180,11510.020
224.200,39.958,2128.014,299.820,0.000,0.000,-0.042,-0.000,0.340,11511.690
224.220,39.628,2126.263,303.280,1.340,0.104,0.260,-0.610,-0.120,11513.370
224.240,39.301,2124.525,300.720,0.070,0.000,-0.001,-0.000,-0.010,11515.040
224.260,38.970,2122.770,303.990,-0.600,0.044,0.269,0.550,-0.060,11516.730
224.280,38.639,2121.014,304.070,1.480,0.022,0.254,0.000,0.210,11518.420
224.300,38.306,2119.244,306.770,-0.500,0.013,0.253,-0.160,0.250,11520.130
224.320,37.973,2117.480,305.510,0.420,0.041,-0.060,0.710,-0.460,11521.820
224.340,37.640,2115.711,306.660,0.500,-0.072,0.250,0.190,-0.730,11523.530
224.360,37.303,2113.924,309.690,-1.240,-0.004,0.272,-0.690,0.200,11525.250
224.380,36.970,2112.160,305.740,0.920,0.014,-0.071,-0.140,-0.060,11526.950
224.400,36.634,2110.373,309.670,1.350,-0.048,0.262,0.130,0.200,11528.670
224.420,36.298,2108.594,308.410,-1.130,-0.002,-0.053,0.120,-0.080,11530.380
224.440,35.959,2106.796,311.870,0.030,0.005,0.302,0.260,0.160,11532.110
224.460,35.619,2104.995,312.290,1.340,-0.008,0.259,-0.080,-0.040,11533.850
224.480,35.277,2103.181,314.840,-1.630,-0.044,0.260,-0.110,-0.220,11535.600
224.500,34.934,2101.362,315.640,0.630,-0.038,0.224,0.010,-0.120,11537.350
224.520,34.591,2099.544,315.530,-1.250,-0.016,-0.006,0.400,-0.050,11539.100
224.540,34.248,2097.726,315.520,-0.320,0.019,-0.035,-0.340,0.180,11540.860
224.560,33.903,2095.894,318.090,-0.210,0.005,0.291,-0.040,-0.050,11542.620
224.580,33.555,2094.051,320.000,-1.180,0.010,0.244,0.120,-0.320,11544.400
224.600,33.209,2092.217,318.530,-0.910,-0.012,-0.050,-0.270,0.500,11546.170
224.620,32.789,2090.381,42.550,0.880,-0.388,-0.116,-0.210,0.510,11546.410
224.640,32.299,2088.564,43.450,4.790,-0.368,0.404,-0.620,2.610,11546.650
224.660,31.739,2086.768,44.310,-1.000,-0.346,0.629,-1.410,4.280,11546.890
224.680,31.111,2084.996,45.770,0.400,-0.365,1.031,-2.390,3.700,11547.150
224.700,30.416,2083.250,47.600,-1.900,-0.349,1.454,-3.530,4.090,11547.410
224.720,29.654,2081.533,49.690,-0.740,-0.342,1.866,-4.740,8.840,11547.690
224.740,28.827,2079.848,51.360,0.680,-0.360,2.128,-6.020,8.930,11547.970
224.760,27.936,2078.197,53.200,-0.840,-0.420,2.219,-7.310,9.080,11548.270
224.780,26.983,2076.584,55.400,-2.820,-0.438,2.398,-8.690,10.930,11548.580
224.800,25.969,2075.010,57.840,-3.510,-0.489,2.787,-10.060,9.010,11548.900
224.820,24.897,2073.478,59.970,-6.400,-0.539,2.837,-11.450,10.660,11549.230
224.840,23.766,2071.990,62.190,-2.740,-0.568,3.026,-12.840,15.680,11549.580
224.860,22.581,2070.549,64.380,-4.120,-0.603,2.968,-14.240,12.440,11549.940
224.880,21.341,2069.157,66.330,-9.010,-0.640,2.982,-15.590,12.660,11550.300
224.900,20.051,2067.816,68.710,-7.090,-0.678,3.043,-16.980,12.170,11550.690
224.920,18.710,2066.527,70.480,-10.280,-0.731,2.819,-18.410,8.570,11551.080
224.940,17.323,2065.294,71.960,-10.350,-0.809,2.681,-19.840,9.780,11551.480
224.960,15.891,2064.117,73.680,-8.870,-0.808,2.660,-21.260,12.300,11551.890
224.980,14.416,2062.999,75.360,-9.600,-0.868,2.581,-22.650,9.950,11552.300
225.000,12.900,2061.942,77.170,-11.300,-0.931,2.553,-24.090,10.540,11552.730
225.020,11.348,2060.946,78.840,-14.430,-1.001,2.546,-25.490,11.350,11553.170
225.040,9.759,2060.014,80.450,-14.170,-1.037,2.436,-26.870,9.130,11553.620
225.060,8.139,2059.146,82.180,-17.870,-1.079,2.434,-28.290,8.750,11554.070
225.080,6.488,2058.344,83.320,-16.060,-1.122,2.097,-29.680,9.560,11554.540
225.100,4.810,2057.610,84.520,-18.850,-1.131,2.054,-31.070,8.890,11555.010
225.120,3.108,2056.943,85.310,-21.010,-1.160,1.854,-32.520,9.150,11555.480
225.140,1.384,2056.346,86.140,-22.750,-1.222,1.491,-33.900,5.520,11555.960
225.160,-0.359,2055.819,86.680,-21.140,-1.211,1.262,-35.310,6.040,11556.440
225.180,-2.118,2055.362,87.080,-23.950,-1.278,1.086,-36.650,7.390,11556.930
225.200,-3.890,2054.977,87.430,-25.710,-1.302,0.845,-37.570,9.980,11557.410
225.220,-5.673,2054.663,87.740,-26.630,-1.336,0.822,-38.260,5.730,11557.900
225.240,-7.462,2054.422,87.650,-28.880,-1.338,0.403,-38.790,5.090,11558.390
225.260,-9.257,2054.253,87.460,-26.640,-1.333,0.314,-39.140,4.500,11558.870
225.280,-11.052,2054.156,87.270,-26.840,-1.348,0.171,-39.380,3.740,11559.360
225.300,-12.846,2054.132,87.120,-30.730,-1.329,0.054,-39.650,3.870,11559.840
225.320,-14.636,2054.180,86.430,-30.140,-1.327,-0.282,-39.850,2.200,11560.320
225.340,-16.418,2054.300,86.130,-31.450,-1.298,-0.296,-40.030,3.100,11560.800
225.360,-18.190,2054.492,85.460,-25.830,-1.281,-0.582,-40.200,4.970,11561.270
225.380,-19.949,2054.755,85.370,-27.090,-1.296,-0.382,-40.380,2.480,11561.750
225.400,-21.691,2055.089,84.990,-26.180,-1.274,-0.478,-40.580,4.870,11562.220
225.420,-23.415,2055.493,84.760,-25.210,-1.289,-0.352,-40.740,0.940,11562.690
225.440,-25.117,2055.966,83.890,-27.560,-1.269,-0.611,-40.930,5.900,11563.160
225.460,-26.795,2056.507,83.410,-28.540,-1.252,-0.707,-41.100,4.760,11563.620
225.480,-28.445,2057.115,83.150,-28.010,-1.259,-0.554,-41.220,5.500,11564.080
225.500,-30.065,2057.789,82.930,-29.690,-1.291,-0.470,-41.360,5.720,11564.540
225.520,-31.653,2058.528,82.440,-29.990,-1.243,-0.582,-41.510,6.640,11565.000
225.540,-33.206,2059.331,81.800,-29.180,-1.223,-0.660,-41.700,5.160,11565.460
225.560,-34.720,2060.195,81.230,-28.770,-1.212,-0.675,-41.810,2.190,11565.910
225.580,-36.195,2061.119,80.520,-31.500,-1.198,-0.820,-41.990,2.630,11566.350
225.600,-37.626,2062.102,80.380,-30.610,-1.168,-0.670,-42.140,2.790,11566.800
225.620,-39.013,2063.142,79.980,-30.630,-1.118,-0.585,-42.270,5.360,11567.240
225.640,-40.353,2064.237,79.400,-30.660,-1.103,-0.577,-42.460,2.110,11567.690
225.660,-41.643,2065.384,78.990,-26.720,-1.099,-0.650,-42.630,4.120,11568.120
225.680,-42.881,2066.583,78.430,-28.590,-1.093,-0.707,-42.760,4.030,11568.560
225.700,-44.066,2067.830,77.860,-28.220,-1.084,-0.773,-42.900,5.410,11568.990
225.720,-45.196,2069.124,77.210,-26.980,-1.099,-0.712,-43.060,5.770,11569.420
225.740,-46.268,2070.463,76.610,-26.010,-1.075,-0.749,-43.280,4.920,11569.850
225.760,-47.281,2071.843,76.270,-26.670,-1.093,-0.717,-43.390,5.900,11570.270
225.780,-48.233,2073.262,76.140,-24.260,-1.070,-0.597,-43.510,2.580,11570.690
225.800,-49.123,2074.719,75.830,-27.290,-1.069,-0.564,-42.990,5.640,11571.120
225.820,-49.949,2076.210,75.570,-26.650,-1.040,-0.525,-42.020,4.110,11571.540
225.840,-50.710,2077.733,75.780,-27.820,-1.029,-0.271,-40.820,4.150,11571.960
225.860,-51.404,2079.285,75.820,-29.820,-1.036,-0.184,-39.360,1.940,11572.380
225.880,-52.031,2080.863,75.460,-25.150,-1.051,-0.306,-37.820,0.100,11572.800
225.900,-52.590,2082.465,75.550,-22.780,-1.014,-0.078,-36.200,3.300,11573.220
225.920,-53.079,2084.088,75.910,-25.160,-1.020,0.148,-34.580,2.340,11573.640
225.940,-53.498,2085.729,75.990,-23.790,-0.988,0.006,-32.860,3.800,11574.060
225.960,-53.846,2087.386,76.280,-19.910,-1.026,0.139,-31.120,3.170,11574.480
225.980,-54.123,2089.054,76.300,-20.960,-1.035,0.072,-29.460,6.750,11574.910
226.000,-54.328,2090.732,76.540,-21.720,-1.083,0.212,-27.760,4.810,11575.330
226.020,-54.461,2092.416,76.650,-20.780,-1.060,0.160,-26.030,2.310,11575.760
226.040,-54.521,2094.104,76.760,-16.510,-1.041,0.112,-24.250,0.100,11576.190
226.060,-54.509,2095.792,77.000,-17.040,-1.058,0.322,-22.500,1.940,11576.610
226.080,-54.425,2097.478,77.560,-16.030,-1.076,0.426,-20.760,2.240,11577.040
226.100,-54.268,2099.159,77.960,-17.450,-1.086,0.386,-19.000,2.740,11577.480
226.120,-54.039,2100.832,78.640,-12.690,-1.096,0.692,-17.210,4.430,11577.910
226.140,-53.739,2102.493,78.680,-10.510,-1.110,0.371,-15.530,3.990,11578.350
226.160,-53.367,2104.140,79.100,-12.240,-1.091,0.521,-13.790,6.070,11578.790
226.180,-52.925,2105.771,79.640,-9.630,-1.111,0.714,-12.120,3.410,11579.230
226.200,-52.413,2107.382,79.960,-10.180,-1.157,0.526,-10.330,2.070,11579.680
226.220,-51.833,2108.970,80.260,-7.070,-1.161,0.485,-8.530,5.260,11580.120
226.240,-51.184,2110.532,80.350,-6.140,-1.169,0.397,-6.790,5.730,11580.570
226.260,-50.469,2112.067,80.490,-6.760,-1.193,0.467,-5.020,3.280,11581.020
226.280,-49.688,2113.571,80.430,-9.110,-1.180,0.296,-3.320,4.960,11581.460
226.300,-49.497,2113.880,81.590,1.730,-0.095,-0.073,-0.890,0.050,11581.910
226.320,-49.315,2114.173,78.230,0.860,-0.070,-0.084,-0.240,0.130,11582.350
226.340,-49.127,2114.475,80.190,-1.040,0.018,0.219,0.280,0.460,11582.790
226.360,-48.938,2114.780,80.790,0.160,-0.009,0.251,0.270,0.130,11583.240
226.380,-48.739,2115.106,84.850,-0.390,-0.093,0.268,-0.450,0.410,11583.710
226.400,-48.545,2115.422,82.980,0.410,-0.043,-0.068,0.330,-0.030,11584.170
226.420,-48.354,2115.732,81.820,1.000,-0.054,-0.033,0.130,-0.710,11584.630
226.440,-48.162,2116.043,81.890,-1.220,0.073,0.273,-0.540,-0.130,11585.080
226.460,-47.973,2116.349,80.940,0.360,0.035,-0.060,-0.300,-0.240,11585.530
226.480,-47.773,2116.677,85.250,-0.810,-0.014,0.205,-0.970,-0.020,11586.010
226.500,-47.574,2117.001,84.600,1.420,0.011,-0.005,-0.600,-0.100,11586.480
226.520,-47.374,2117.328,85.290,0.970,0.007,0.230,-0.940,0.080,11586.950
226.540,-47.181,2117.644,82.790,-1.990,0.004,-0.116,-0.770,-0.200,11587.410
226.560,-46.978,2117.976,86.180,-1.130,0.091,0.238,0.840,0.060,11587.890
226.580,-46.779,2118.302,85.080,-1.340,0.070,-0.032,-0.200,0.110,11588.360
226.600,-46.580,2118.627,84.700,-0.060,0.076,-0.028,-0.890,0.010,11588.830
226.620,-46.376,2118.963,86.920,0.300,0.017,0.216,0.210,-0.440,11589.320
226.640,-46.178,2119.288,84.710,0.790,-0.017,-0.105,0.140,0.270,11589.790
226.660,-45.973,2119.625,87.140,-0.250,-0.062,0.259,0.100,0.190,11590.270
226.680,-45.769,2119.960,86.830,-0.280,-0.050,-0.034,-0.440,-0.060,11590.750
226.700,-45.560,2120.307,89.190,0.280,0.051,0.284,0.310,-0.540,11591.250
226.720,-45.350,2120.655,89.280,3.150,-0.064,0.280,-0.550,0.090,11591.740
226.740,-45.142,2120.998,88.430,-1.510,-0.009,-0.046,0.400,-0.160,11592.240
226.760,-44.933,2121.345,89.080,-1.880,-0.069,0.222,0.440,-0.160,11592.730
226.780,-44.722,2121.695,89.910,-0.540,-0.005,0.236,-0.030,-0.020,11593.230
226.800,-44.512,2122.043,89.360,-0.720,-0.053,-0.057,-0.730,0.440,11593.730
226.820,-44.304,2122.387,88.500,-0.740,0.033,-0.077,0.400,0.040,11594.220
226.840,-44.094,2122.735,89.360,-0.010,-0.012,0.282,-0.290,-0.030,11594.710
226.860,-43.886,2123.079,88.610,-1.170,-0.040,-0.019,0.140,-0.160,11595.210
226.880,-43.669,2123.441,92.190,-0.600,-0.048,0.208,0.350,0.010,11595.720
226.900,-43.453,2123.801,91.760,-0.290,0.007,-0.060,-0.400,-0.000,11596.230
226.920,-43.239,2124.156,90.880,-0.270,0.003,0.012,1.070,0.180,11596.730
226.940,-43.025,2124.512,90.790,-0.140,-0.028,-0.015,-0.020,-0.160,11597.240
226.960,-42.807,2124.876,92.590,-0.150,-0.016,0.256,-0.340,-0.240,11597.750
226.980,-42.595,2125.229,90.470,-0.810,-0.025,-0.017,0.500,-0.130,11598.260
227.000,-42.380,2125.587,91.340,-0.260,-0.109,0.299,0.770,-0.030,11598.760
227.020,-42.160,2125.954,93.270,-0.010,-0.002,0.253,-1.030,-0.010,11599.280
227.040,-41.931,2126.342,97.320,0.960,-0.078,0.209,-0.690,-0.000,11599.820
227.060,-41.707,2126.716,94.700,-1.480,-0.044,-0.024,-0.390,-0.300,11600.350
227.080,-41.484,2127.091,94.650,0.020,0.016,-0.023,1.060,-0.030,11600.870
227.100,-41.265,2127.457,92.980,0.160,-0.012,-0.080,-0.240,0.210,11601.390
227.120,-41.045,2127.826,93.690,0.180,0.076,0.258,0.760,0.380,11601.910
227.140,-40.815,2128.215,97.480,0.230,-0.040,0.226,0.110,0.300,11602.450
227.160,-40.591,2128.591,95.110,-1.310,-0.021,-0.099,-0.730,-0.020,11602.980
227.180,-40.364,2128.974,96.270,0.160,0.008,0.257,0.440,-0.050,11603.520
227.200,-40.134,2129.362,97.410,0.110,-0.002,0.294,0.160,0.370,11604.060
227.220,-39.907,2129.744,96.250,0.550,0.052,-0.040,-0.430,-0.030,11604.590
227.240,-39.679,2130.127,96.480,-0.170,0.032,0.255,-0.330,0.260,11605.130
227.260,-39.455,2130.503,95.010,-0.540,0.069,-0.090,-0.520,-0.010,11605.660
227.280,-39.229,2130.885,96.130,1.000,-0.081,0.269,-0.310,-0.720,11606.190
227.300,-38.995,2131.282,99.190,-1.220,0.039,0.233,0.330,0.200,11606.740
227.320,-38.763,2131.673,98.010,-1.370,-0.049,-0.073,-0.450,0.290,11607.280
227.340,-38.527,2132.074,100.030,-1.240,0.022,0.276,0.040,-0.100,11607.840
227.360,-38.298,2132.460,97.010,0.350,-0.012,-0.086,0.160,-0.350,11608.380
227.380,-38.060,2132.866,100.960,-0.720,-0.034,0.244,-0.030,0.460,11608.940
227.400,-37.823,2133.267,100.040,-0.110,0.059,-0.084,-0.810,-0.040,11609.500
227.420,-37.592,2133.659,98.250,1.390,-0.084,-0.059,0.370,-0.100,11610.040
227.440,-37.349,2134.073,102.510,-1.180,0.091,0.184,-0.580,0.130,11610.610
227.460,-37.115,2134.469,99.060,-1.700,0.032,-0.034,-0.290,0.820,11611.160
227.480,-36.871,2134.886,103.140,0.830,0.008,0.262,-0.230,0.150,11611.730
227.500,-36.631,2135.296,101.840,-0.830,-0.007,0.015,-0.020,0.050,11612.300
227.520,-36.392,2135.701,100.900,-1.170,-0.019,-0.043,0.050,0.020,11612.860
227.540,-36.143,2136.129,105.370,-0.110,0.023,0.223,0.340,0.500,11613.450
227.560,-35.898,2136.548,103.570,-0.190,-0.070,-0.020,-0.160,0.160,11614.020
227.580,-35.649,2136.974,105.140,-0.870,-0.154,0.279,-0.610,0.260,11614.610
227.600,-35.402,2137.397,104.320,0.560,0.004,-0.011,0.540,0.090,11615.190
227.620,-35.157,2137.816,103.710,-0.780,-0.037,-0.109,-0.200,0.160,11615.760
227.640,-34.913,2138.232,103.080,-0.820,-0.046,-0.071,-0.090,-0.080,11616.330
227.660,-34.666,2138.656,104.470,-1.870,-0.079,0.223,-0.500,0.050,11616.910
227.680,-34.417,2139.083,105.350,-2.450,0.060,0.296,-0.430,-0.210,11617.500
227.700,-34.164,2139.517,106.690,0.240,0.091,0.274,0.720,-0.150,11618.090
227.720,-33.915,2139.944,105.230,-1.320,-0.003,-0.016,-0.690,0.150,11618.680
227.740,-33.662,2140.380,106.950,-0.150,-0.008,0.217,-0.610,-0.210,11619.270
227.760,-33.403,2140.826,109.050,1.930,0.021,0.254,-0.230,0.040,11619.880
227.780,-33.150,2141.262,107.130,0.470,0.018,-0.099,0.160,-0.110,11620.470
227.800,-32.903,2141.685,104.310,0.030,-0.026,-0.083,-0.480,-0.340,11621.050
227.820,-32.648,2142.124,107.680,0.420,0.061,0.254,-0.790,0.070,11621.650
227.840,-32.392,2142.564,107.820,2.160,0.057,0.257,-0.610,0.230,11622.250
227.860,-32.136,2143.005,108.130,-1.890,0.037,0.262,-0.210,-0.390,11622.850
227.880,-31.884,2143.438,106.290,-0.140,0.089,-0.070,-0.500,0.180,11623.440
227.900,-31.625,2143.886,109.450,1.470,0.039,0.263,1.110,-0.330,11624.050
227.920,-31.368,2144.329,108.600,0.310,-0.033,-0.050,0.990,0.410,11624.650
227.940,-31.108,2144.778,109.590,1.200,0.004,0.297,0.580,0.170,11625.260
227.960,-30.843,2145.237,111.530,-0.630,0.047,0.237,0.190,-0.390,11625.880
227.980,-30.584,2145.684,109.250,-1.250,-0.053,-0.105,0.190,0.260,11626.490
228.000,-30.322,2146.138,110.670,1.910,-0.014,0.269,0.660,-0.180,11627.100
228.020,-30.059,2146.593,110.880,0.080,-0.079,0.260,0.070,-0.290,11627.720
228.040,-29.795,2147.050,111.290,0.830,0.101,0.223,-0.410,0.220,11628.340
228.060,-29.531,2147.507,111.230,0.890,0.020,-0.060,1.060,0.360,11628.950
228.080,-29.266,2147.966,111.670,1.280,0.030,0.256,0.290,0.140,11629.570
228.100,-28.993,2148.442,115.130,0.290,-0.075,0.239,0.730,-0.110,11630.210
228.120,-28.726,2148.905,112.340,0.340,0.056,-0.083,0.910,0.050,11630.840
228.140,-28.456,2149.374,113.730,0.500,0.016,0.244,-0.890,-0.170,11631.470
228.160,-28.186,2149.844,113.840,-0.640,-0.090,0.277,-0.430,-0.050,11632.100
228.180,-27.915,2150.315,114.150,1.050,0.023,0.239,-0.100,0.120,11632.740
228.200,-27.642,2150.792,115.120,-0.570,-0.049,0.256,0.250,-0.430,11633.380
228.220,-27.372,2151.261,113.810,1.110,0.003,-0.055,0.460,0.130,11634.010
228.240,-27.093,2151.748,117.220,0.790,0.038,0.213,-0.030,-0.420,11634.660
228.260,-26.822,2152.219,114.090,-2.210,0.010,-0.053,0.650,-0.380,11635.290
228.280,-26.548,2152.698,115.580,0.810,-0.092,0.237,0.300,0.200,11635.940
228.300,-26.276,2153.171,114.410,0.230,0.013,-0.027,0.300,-0.250,11636.570
228.320,-25.996,2153.661,117.890,1.330,0.043,0.287,-0.140,-0.300,11637.230
228.340,-25.722,2154.139,115.520,1.730,-0.010,-0.024,0.160,-0.090,11637.870
228.360,-25.440,2154.631,118.390,0.110,0.026,0.228,0.150,-0.180,11638.530
228.380,-25.160,2155.122,118.020,0.360,0.027,-0.085,0.480,0.070,11639.180
228.400,-24.879,2155.614,118.240,-1.280,-0.101,0.205,-0.660,0.050,11639.840
228.420,-24.593,2156.115,120.010,-0.170,0.063,0.255,0.350,-0.300,11640.510
228.440,-24.313,2156.604,117.780,1.660,-0.028,-0.071,-0.820,-0.510,11641.160
228.460,-24.025,2157.111,121.250,0.000,-0.036,0.217,-0.430,-0.060,11641.830
228.480,-23.742,2157.606,118.830,0.930,-0.035,0.009,0.300,0.330,11642.490
228.500,-23.456,2158.108,120.410,-0.020,0.062,0.265,-0.420,-0.020,11643.160
228.520,-23.171,2158.608,119.830,-0.120,0.074,-0.040,0.010,-0.100,11643.830
228.540,-22.882,2159.116,121.410,0.570,0.024,0.259,-0.460,0.520,11644.500
228.560,-22.598,2159.613,119.330,-2.910,-0.024,-0.001,0.300,0.230,11645.170
228.580,-22.310,2160.120,121.350,0.370,0.145,0.245,0.020,-0.520,11645.840
228.600,-22.020,2160.629,121.580,-2.250,-0.001,0.269,-0.010,-0.080,11646.520
228.620,-21.729,2161.142,122.560,-0.080,-0.033,0.277,0.550,0.070,11647.200
228.640,-21.436,2161.657,122.880,-0.840,0.051,0.306,0.210,-0.320,11647.880
228.660,-21.148,2162.164,121.330,-1.160,-0.006,-0.050,0.250,-0.090,11648.550
228.680,-20.850,2162.689,124.940,1.480,0.105,0.287,0.550,0.010,11649.250
228.700,-20.557,2163.206,123.250,1.120,-0.042,-0.105,0.610,-0.070,11649.930
228.720,-20.259,2163.730,124.790,-0.360,-0.009,0.314,-0.480,-0.360,11650.630
228.740,-19.969,2164.242,122.160,2.380,0.077,-0.037,0.370,0.440,11651.300
228.760,-19.674,2164.761,123.790,0.990,0.024,0.273,0.220,0.080,11651.990
228.780,-19.373,2165.294,126.390,-0.160,-0.015,0.211,0.660,-0.260,11652.690
228.800,-19.069,2165.832,127.580,-1.890,-0.046,0.210,-0.640,0.260,11653.400
228.820,-18.768,2166.363,126.120,-0.100,-0.057,-0.069,-0.350,-0.020,11654.100
228.840,-18.469,2166.892,125.710,-0.630,-0.065,-0.049,-0.100,0.300,11654.800
228.860,-18.172,2167.416,124.610,-0.460,0.049,-0.058,0.700,-0.030,11655.490
228.880,-17.868,2167.955,127.750,0.410,0.039,0.238,-0.140,-0.440,11656.200
228.900,-17.564,2168.492,127.380,-0.630,0.026,-0.056,-0.020,-0.320,11656.910
228.920,-17.270,2169.011,123.740,1.320,-0.055,-0.120,-0.340,0.340,11657.600
228.940,-16.972,2169.537,125.030,-0.530,-0.015,0.263,0.390,0.310,11658.290
228.960,-16.666,2170.080,128.510,-1.020,0.016,0.245,0.340,-0.400,11659.010
228.980,-16.363,2170.616,127.100,0.650,0.063,-0.021,-0.270,0.420,11659.710
229.000,-16.060,2171.152,127.140,-0.030,0.018,0.236,-0.520,0.310,11660.420
229.020,-15.753,2171.697,128.900,0.860,0.007,0.239,0.390,-0.190,11661.140
229.040,-15.443,2172.247,129.930,0.170,-0.046,0.255,0.250,-0.020,11661.860
229.060,-15.128,2172.807,131.920,-1.390,0.045,0.271,-0.330,-0.660,11662.590
229.080,-14.821,2173.352,128.910,0.300,-0.014,-0.015,0.350,-0.210,11663.310
229.100,-14.508,2173.908,131.140,-0.910,-0.070,0.249,0.320,-0.060,11664.040
229.120,-14.200,2174.455,129.310,0.150,-0.044,-0.037,0.610,0.090,11664.750
229.140,-13.889,2175.008,130.460,-0.600,0.034,0.251,0.420,-0.030,11665.480
229.160,-13.574,2175.567,131.850,-0.210,0.036,0.241,-0.170,0.040,11666.210
229.180,-13.260,2176.126,131.700,0.040,-0.134,-0.108,-0.380,-0.290,11666.940
229.200,-12.949,2176.678,130.230,0.730,-0.005,-0.044,1.010,0.100,11667.670
229.220,-12.631,2177.245,133.410,-0.550,-0.065,0.223,-0.260,0.500,11668.410
229.240,-12.311,2177.816,134.110,-2.790,0.020,0.276,-0.920,0.130,11669.150
229.260,-11.984,2178.400,136.890,-0.960,0.029,0.224,-0.600,0.010,11669.910
229.280,-11.664,2178.971,134.040,0.130,-0.054,-0.067,-1.010,-0.220,11670.660
229.300,-11.343,2179.543,134.330,1.180,0.000,0.225,0.610,-0.110,11671.400
229.320,-11.021,2180.118,134.880,0.300,0.042,0.266,0.910,-0.390,11672.150
229.340,-10.705,2180.682,132.740,1.000,0.051,-0.059,0.120,-0.430,11672.890
229.360,-10.387,2181.248,133.200,0.160,-0.042,0.267,-0.800,-0.020,11673.630
229.380,-10.064,2181.825,135.370,0.220,0.054,0.170,0.600,0.170,11674.380
229.400,-9.748,2182.387,132.410,-0.240,0.013,0.010,0.230,-0.260,11675.120
229.420,-9.427,2182.960,134.520,1.050,-0.025,0.220,0.620,0.360,11675.870
229.440,-9.102,2183.540,135.820,1.650,-0.005,0.273,0.290,-0.170,11676.620
229.460,-8.772,2184.132,138.440,-0.960,0.040,0.265,-0.690,-0.030,11677.390
229.480,-8.443,2184.721,137.670,0.220,0.039,-0.029,0.330,0.280,11678.150
229.500,-8.120,2185.298,135.370,-1.190,0.045,-0.075,-0.780,-0.090,11678.910
229.520,-7.790,2185.888,137.940,1.670,-0.034,0.240,-0.390,0.190,11679.670
229.540,-7.457,2186.484,139.230,0.170,0.011,0.262,0.520,0.170,11680.450
229.560,-7.123,2187.083,139.790,-0.020,-0.012,0.250,0.490,-0.200,11681.220
229.580,-6.787,2187.687,140.640,-1.140,0.011,0.223,-0.470,-0.190,11682.000
229.600,-6.449,2188.293,141.230,-0.230,-0.025,0.267,-0.570,0.370,11682.790
229.620,-6.113,2188.896,140.640,-0.080,0.079,0.019,0.010,0.400,11683.570
229.640,-5.777,2189.501,140.880,-1.070,-0.001,0.237,1.000,0.190,11684.350
229.660,-5.440,2190.105,140.850,0.150,-0.007,-0.035,0.280,-0.260,11685.130
229.680,-5.100,2190.716,142.120,-0.860,0.022,0.257,1.180,0.260,11685.920
229.700,-4.765,2191.317,140.040,0.430,0.055,-0.061,-0.080,-0.080,11686.700
229.720,-4.428,2191.923,141.270,-0.990,0.002,0.274,0.440,-0.380,11687.490
229.740,-4.091,2192.528,140.880,0.160,-0.016,-0.026,-0.160,-0.190,11688.270
229.760,-3.749,2193.142,142.940,-0.190,0.045,0.234,-0.400,-0.070,11689.060
229.780,-3.409,2193.754,142.260,0.300,0.087,-0.007,-0.480,0.330,11689.850
229.800,-3.063,2194.377,144.530,0.170,0.071,0.250,0.180,-0.240,11690.660
229.820,-2.720,2194.994,143.440,0.090,-0.049,-0.018,0.650,-0.290,11691.450
229.840,-2.373,2195.621,145.320,-0.740,0.039,0.260,-0.160,-0.140,11692.260
229.860,-2.036,2196.225,140.910,0.550,-0.004,-0.049,0.710,-0.040,11693.040
229.880,-1.693,2196.842,143.360,0.290,0.064,0.250,0.920,0.200,11693.840
229.900,-1.343,2197.473,146.200,0.640,0.092,0.270,0.430,0.170,11694.650
229.920,-0.996,2198.099,145.180,-0.030,-0.119,-0.083,0.160,-0.670,11695.460
229.940,-0.644,2198.735,147.090,-0.180,0.001,0.261,-0.340,-0.110,11696.280
229.960,-0.294,2199.366,146.240,-1.010,-0.023,-0.011,0.650,0.040,11697.090
229.980,0.053,2199.990,144.820,-0.660,-0.036,-0.035,-0.570,-0.260,11697.890
230.000,0.410,2200.637,149.270,-0.470,-0.046,0.198,0.300,-0.230,11698.720
230.020,0.759,2201.267,145.940,0.960,-0.022,-0.091,-0.640,0.190,11699.530
230.040,1.109,2201.898,146.180,-1.240,-0.014,0.251,-0.530,0.200,11700.350
230.060,1.465,2202.542,148.880,-1.340,-0.018,0.226,-0.030,-0.050,11701.170
230.080,1.816,2203.175,146.640,-0.070,-0.101,-0.023,0.350,0.120,11701.990
230.100,2.167,2203.808,146.430,-0.770,0.006,-0.064,0.500,0.140,11702.800
230.120,2.520,2204.446,147.580,-0.380,0.053,0.267,0.000,-0.330,11703.620
230.140,2.880,2205.097,150.310,-0.440,-0.028,0.308,-0.210,-0.330,11704.460
230.160,3.246,2205.760,152.650,-0.630,-0.082,0.251,-0.400,-0.120,11705.300
230.180,3.604,2206.409,149.810,-0.760,0.005,-0.080,0.350,-0.210,11706.140
230.200,3.961,2207.055,149.070,-0.930,0.053,-0.038,0.330,-0.180,11706.960
230.220,4.326,2207.717,152.370,-0.370,0.008,0.258,0.090,-0.030,11707.810
230.240,4.685,2208.366,149.950,-1.460,-0.036,-0.042,0.150,-0.030,11708.640
230.260,5.046,2209.019,150.560,0.610,-0.052,0.291,0.800,-0.770,11709.480
230.280,5.410,2209.680,152.210,-0.880,0.035,0.214,0.510,0.030,11710.330
230.300,5.779,2210.348,153.660,0.450,-0.012,0.280,-0.710,-0.080,11711.180
230.320,6.144,2211.010,152.410,-0.660,-0.026,-0.068,0.440,0.070,11712.030
230.340,6.508,2211.671,152.130,1.040,-0.030,-0.009,0.690,-0.190,11712.870
230.360,6.883,2212.353,156.500,0.040,0.011,0.186,-0.410,-0.190,11713.740
230.380,7.248,2213.015,152.370,-1.080,0.006,0.017,0.470,-0.120,11714.590
230.400,7.615,2213.680,152.890,2.500,0.003,0.242,1.500,0.320,11715.440
230.420,7.982,2214.347,153.510,-0.420,-0.048,0.214,0.240,-0.130,11716.290
230.440,8.355,2215.023,155.270,-0.560,-0.051,0.277,-0.120,0.330,11717.150
230.460,8.724,2215.694,154.100,-0.490,-0.033,-0.035,-0.050,0.290,11718.010
230.480,9.099,2216.376,156.390,0.400,0.015,0.264,0.070,-0.100,11718.880
230.500,9.471,2217.053,155.440,-1.450,0.027,-0.022,-0.790,-0.150,11719.740
230.520,9.844,2217.730,155.400,0.140,0.073,-0.049,-0.810,-0.140,11720.600
230.540,10.216,2218.407,155.390,-1.690,-0.042,-0.059,0.140,-0.040,11721.470
230.560,10.592,2219.089,156.560,-0.070,0.036,0.215,-0.020,-0.170,11722.340
230.580,10.969,2219.777,157.620,1.130,-0.086,0.247,0.330,0.220,11723.210
230.600,11.347,2220.463,157.260,-0.550,0.018,-0.065,-0.140,-0.190,11724.090
230.620,11.725,2221.153,158.010,0.890,-0.076,0.250,0.040,0.260,11724.960
230.640,12.101,2221.837,156.860,-1.670,-0.061,-0.047,0.480,-0.280,11725.840
230.660,12.479,2222.524,157.310,-0.620,0.038,0.302,-1.140,-0.500,11726.710
230.680,12.859,2223.217,158.730,-1.220,0.008,0.228,-0.460,-0.540,11727.590
230.700,13.241,2223.914,159.280,1.910,-0.016,0.246,-0.260,-0.160,11728.480
230.720,13.624,2224.611,159.530,-0.410,-0.070,0.237,-0.080,-0.240,11729.360
230.740,14.005,2225.306,158.930,-0.650,0.018,-0.092,-0.710,-0.260,11730.250
230.760,14.389,2226.007,160.280,-0.260,0.004,0.337,-0.450,0.290,11731.140
230.780,14.775,2226.709,160.560,0.010,0.036,0.222,0.350,-0.220,11732.030
230.800,15.160,2227.413,160.700,-0.370,-0.087,0.261,0.230,-0.590,11732.920
230.820,15.545,2228.114,160.260,-1.190,0.031,0.001,-1.400,0.170,11733.810
230.840,15.934,2228.826,162.380,1.350,-0.027,0.213,-0.110,0.400,11734.710
230.860,16.323,2229.535,161.940,1.090,0.015,-0.024,-0.070,0.130,11735.610
230.880,16.709,2230.241,161.190,0.330,-0.003,-0.096,-0.460,-0.200,11736.510
230.900,17.099,2230.953,162.480,0.280,-0.043,0.226,-0.070,0.050,11737.410
230.920,17.488,2231.663,162.160,0.220,-0.021,-0.033,0.200,-0.240,11738.310
230.940,17.881,2232.380,163.390,-0.460,-0.044,0.242,0.360,-0.290,11739.220
230.960,18.279,2233.109,165.890,-0.570,-0.026,0.294,0.050,-0.060,11740.140
230.980,18.673,2233.831,164.320,1.590,-0.045,-0.046,0.320,-0.020,11741.050
231.000,19.069,2234.554,164.760,0.630,0.020,0.266,0.010,-0.060,11741.970
231.020,19.470,2235.289,166.950,-1.330,-0.043,0.229,-1.140,0.500,11742.900
231.040,19.867,2236.016,165.580,-0.450,0.028,-0.081,-0.070,0.010,11743.820
231.060,20.266,2236.747,166.180,0.490,0.163,0.215,-0.610,0.290,11744.740
231.080,20.665,2237.477,166.110,0.370,-0.013,-0.078,0.060,0.670,11745.660
231.100,21.063,2238.205,165.670,0.530,-0.079,-0.071,-0.110,-0.140,11746.580
231.120,21.464,2238.941,167.280,-1.490,0.105,0.285,-0.110,0.040,11747.510
231.140,21.872,2239.689,169.520,0.320,0.017,0.262,-0.420,0.250,11748.450
231.160,22.268,2240.415,165.340,1.120,-0.007,-0.088,-0.200,0.040,11749.370
231.180,22.669,2241.150,166.990,-1.510,-0.019,0.238,0.150,-0.080,11750.300
231.200,23.070,2241.883,166.760,1.740,-0.053,-0.051,-0.460,0.700,11751.230
231.220,23.472,2242.619,167.280,0.330,-0.017,0.338,-0.310,0.360,11752.160
231.240,23.881,2243.372,170.590,0.110,-0.039,0.250,-0.880,-0.630,11753.100
231.260,24.287,2244.116,168.870,-0.950,-0.039,-0.036,0.140,0.410,11754.040
231.280,24.697,2244.868,170.550,-0.640,0.029,0.220,-0.640,0.480,11754.990
231.300,25.102,2245.612,168.820,-0.380,0.049,-0.028,0.010,0.360,11755.930
231.320,25.509,2246.358,169.210,-1.430,-0.011,0.291,0.350,0.230,11756.870
231.340,25.915,2247.102,169.010,-0.310,0.025,-0.055,0.640,0.470,11757.810
231.360,26.330,2247.867,173.060,-0.890,0.105,0.268,-0.160,0.260,11758.770
231.380,26.745,2248.629,172.420,0.680,-0.042,-0.033,0.310,0.170,11759.730
231.400,27.153,2249.379,170.040,-3.050,-0.082,-0.048,-0.000,0.040,11760.670
231.420,27.571,2250.147,173.680,-0.250,0.042,0.289,-0.940,-0.320,11761.640
231.440,27.984,2250.906,171.940,-0.970,-0.037,-0.074,-0.740,-0.410,11762.590
231.460,28.400,2251.672,173.360,0.000,-0.026,0.224,0.420,0.230,11763.550
231.480,28.816,2252.437,173.110,2.350,0.006,-0.050,0.580,0.230,11764.520
231.500,29.228,2253.193,171.240,1.670,0.062,-0.061,-1.060,-0.010,11765.470
231.520,29.642,2253.955,172.510,-0.490,0.007,0.163,0.170,-0.260,11766.430
231.540,30.066,2254.736,176.140,-0.190,-0.106,0.228,0.130,-0.340,11767.400
231.560,30.489,2255.515,175.880,-0.840,0.018,-0.114,-0.400,-0.110,11768.380
231.580,30.905,2256.281,173.300,-0.150,0.012,-0.060,-0.400,0.210,11769.340
231.600,31.327,2257.058,175.500,0.740,-0.043,0.271,-0.530,0.670,11770.320
231.620,31.748,2257.833,175.220,-1.310,-0.085,-0.048,-0.960,-0.010,11771.290
231.640,32.176,2258.621,177.610,1.570,-0.019,0.254,-0.530,0.090,11772.280
231.660,32.599,2259.400,175.950,0.910,-0.115,-0.055,0.350,0.340,11773.260
231.680,33.020,2260.177,175.460,0.870,-0.089,-0.044,-0.180,-0.020,11774.230
231.700,33.449,2260.967,178.080,0.380,-0.068,0.335,0.370,0.110,11775.220
231.720,33.879,2261.762,179.120,-0.900,-0.063,0.239,-1.000,0.250,11776.220
231.740,34.308,2262.553,178.280,1.010,0.044,-0.050,0.220,0.330,11777.210
231.760,34.738,2263.347,178.910,-0.320,-0.008,0.224,0.390,0.020,11778.200
231.780,35.163,2264.129,176.610,-1.690,0.017,-0.107,-1.310,-0.140,11779.180
231.800,35.588,2264.913,176.850,0.080,0.010,0.258,-0.260,0.060,11780.160
231.820,36.014,2265.698,177.090,-1.160,-0.077,0.284,0.170,-0.510,11781.150
231.840,36.450,2266.503,181.050,-0.610,-0.028,0.320,0.650,0.090,11782.150
231.860,36.881,2267.299,179.250,0.710,-0.011,-0.056,-0.690,0.260,11783.150
231.880,37.317,2268.105,181.430,-0.120,-0.007,0.242,0.690,0.510,11784.160
231.900,37.750,2268.903,179.650,-0.040,0.024,-0.022,0.220,0.280,11785.160
231.920,38.185,2269.707,180.890,1.170,0.046,0.301,-0.500,-0.770,11786.160
231.940,38.618,2270.506,180.060,-2.260,0.018,-0.087,0.500,0.420,11787.160
231.960,39.054,2271.312,181.130,1.120,0.088,0.270,1.150,0.440,11788.170
231.980,39.485,2272.108,179.420,0.150,0.022,0.005,-0.170,-0.280,11789.160
232.000,39.923,2272.917,181.860,-0.070,-0.027,0.243,-0.210,-0.120,11790.170
232.020,40.361,2273.727,182.090,-0.040,0.064,0.215,-0.480,0.430,11791.190
232.040,40.795,2274.529,180.510,0.640,-0.061,-0.026,0.920,0.020,11792.190
232.060,41.238,2275.348,184.050,1.030,0.027,0.210,-0.360,-0.180,11793.210
232.080,41.682,2276.171,184.630,-0.240,-0.008,0.286,-0.480,-0.230,11794.240
232.100,42.123,2276.986,183.130,-0.130,-0.043,0.010,-0.310,0.790,11795.250
232.120,42.563,2277.799,182.680,0.610,0.010,-0.065,-0.310,0.240,11796.270
232.140,43.014,2278.635,187.440,-2.100,-0.014,0.300,-0.290,-0.080,11797.310
232.160,43.461,2279.462,185.580,-0.100,-0.092,-0.031,-0.390,0.430,11798.340
232.180,43.898,2280.272,181.990,0.500,0.009,-0.008,-0.360,-0.030,11799.350
232.200,44.344,2281.097,185.270,-0.490,-0.052,0.231,0.070,0.360,11800.380
232.220,44.790,2281.923,185.290,-0.800,0.006,0.269,0.670,0.170,11801.410
232.240,45.237,2282.750,185.540,-0.150,-0.006,0.257,-0.500,-0.100,11802.440
232.260,45.691,2283.593,188.620,-0.580,0.022,0.226,-0.650,0.150,11803.490
232.280,46.143,2284.431,187.720,-0.250,-0.114,-0.061,0.160,0.160,11804.530
232.300,46.597,2285.273,188.650,-0.470,-0.050,0.267,0.270,0.240,11805.580
232.320,47.050,2286.112,187.850,1.560,0.005,-0.084,0.770,0.490,11806.620
232.340,47.506,2286.959,189.700,-1.140,0.144,0.214,0.700,0.660,11807.680
232.360,47.960,2287.800,188.210,0.830,0.007,-0.088,-0.790,0.120,11808.720
232.380,48.416,2288.646,189.480,-0.590,-0.022,0.227,-1.000,-0.570,11809.780
232.400,48.874,2289.497,190.220,0.330,0.044,0.259,0.280,0.260,11810.830
232.420,49.329,2290.341,188.910,0.650,-0.029,-0.065,0.270,-0.080,11811.880
232.440,49.779,2291.175,187.060,1.530,0.022,-0.012,0.740,-0.510,11812.920
232.460,50.232,2292.015,188.020,0.390,0.003,0.207,0.200,0.210,11813.970
232.480,50.700,2292.886,194.390,-0.400,0.054,0.265,-0.280,0.130,11815.050
232.500,51.164,2293.746,192.250,0.070,0.033,-0.061,0.520,-0.240,11816.120
232.520,51.628,2294.609,192.680,1.920,-0.024,0.247,-0.520,-0.360,11817.190
232.540,52.095,2295.479,194.120,0.160,-0.075,0.271,1.000,0.420,11818.260
232.560,52.555,2296.331,190.660,-1.310,-0.053,-0.129,0.140,0.150,11819.320
232.580,53.016,2297.189,191.620,-0.380,0.015,0.186,-0.370,-0.240,11820.390
232.600,53.477,2298.045,191.410,-0.410,-0.003,-0.052,-0.440,0.200,11821.450
232.620,53.952,2298.929,196.960,0.730,0.001,0.243,0.100,-0.130,11822.550
232.640,54.415,2299.789,192.280,-1.220,0.013,-0.093,-0.040,0.160,11823.610
232.660,54.888,2300.669,196.020,-0.510,-0.041,0.310,-0.070,0.090,11824.700
232.680,55.354,2301.535,193.510,0.210,-0.005,-0.085,-0.660,-0.770,11825.780
232.700,55.824,2302.409,194.980,-0.280,-0.001,0.234,-0.080,0.030,11826.860
232.720,56.299,2303.294,197.120,0.090,-0.072,0.284,0.410,-0.050,11827.960
232.740,56.771,2304.173,196.000,0.150,-0.031,-0.070,-0.380,-0.220,11829.040
232.760,57.243,2305.051,195.730,0.210,0.020,-0.076,0.130,-0.380,11830.130
232.780,57.724,2305.949,199.690,-0.930,0.035,0.262,0.560,-0.070,11831.240
232.800,58.191,2306.817,193.890,0.800,-0.040,-0.072,0.320,-0.110,11832.320
232.820,58.662,2307.694,195.580,-0.540,0.025,0.262,-0.610,0.200,11833.410
232.840,59.137,2308.578,196.890,-0.010,-0.031,0.265,0.160,-0.040,11834.500
232.860,59.617,2309.473,199.280,-1.210,-0.044,0.261,0.730,0.030,11835.610
232.880,60.093,2310.359,197.320,0.040,0.096,-0.015,0.250,0.100,11836.700
232.900,60.575,2311.258,199.880,0.190,-0.021,0.238,0.590,-0.140,11837.810
232.920,61.048,2312.138,196.200,0.040,-0.074,-0.065,0.490,-0.300,11838.900
232.940,61.532,2313.041,200.870,-0.780,-0.022,0.247,-0.570,0.660,11840.020
232.960,62.016,2313.944,200.840,1.130,-0.013,-0.135,0.890,-0.020,11841.130
232.980,62.494,2314.835,198.250,0.580,0.046,-0.044,0.630,-0.060,11842.240
233.000,62.977,2315.735,200.160,-0.140,-0.018,0.240,-0.140,0.420,11843.350
233.020,63.459,2316.634,200.170,-0.150,0.019,0.261,0.650,0.570,11844.460
233.040,63.945,2317.542,201.610,-0.740,0.053,0.223,-0.060,0.430,11845.580
233.060,64.435,2318.456,203.030,-0.620,-0.029,0.290,-0.040,-0.120,11846.710
233.080,64.919,2319.358,200.620,1.460,0.015,-0.056,-0.450,0.100,11847.820
233.100,65.407,2320.270,202.560,-0.360,-0.003,0.275,-0.520,0.180,11848.950
233.120,65.896,2321.182,202.730,2.760,0.011,0.235,0.070,0.670,11850.070
233.140,66.385,2322.096,202.910,-1.160,0.005,0.264,-0.130,0.130,11851.200
233.160,66.881,2323.021,205.260,0.370,0.007,0.203,-0.740,0.140,11852.340
233.180,67.372,2323.939,203.670,0.230,-0.014,-0.116,0.180,-0.300,11853.470
233.200,67.859,2324.847,201.970,0.040,0.001,-0.056,0.260,-0.380,11854.600
233.220,68.354,2325.773,205.260,-1.590,-0.014,0.249,0.150,0.410,11855.740
233.240,68.853,2326.706,206.910,-1.370,0.117,0.247,0.150,0.100,11856.890
233.260,69.348,2327.631,205.070,0.200,0.030,-0.059,0.200,0.130,11858.020
233.280,69.848,2328.566,207.250,-1.020,0.000,0.238,0.080,0.320,11859.180
233.300,70.342,2329.489,204.950,1.210,-0.017,-0.030,0.170,0.260,11860.310
233.320,70.840,2330.421,206.560,-0.220,0.049,0.304,0.250,0.220,11861.460
233.340,71.332,2331.340,203.950,0.260,-0.041,0.028,-0.290,0.190,11862.590
233.360,71.829,2332.268,205.740,-0.040,-0.064,0.283,-0.630,0.040,11863.740
233.380,72.329,2333.203,207.260,-0.070,-0.068,0.181,0.160,0.060,11864.890
233.400,72.831,2334.144,208.370,1.520,0.065,0.282,0.080,0.270,11866.050
233.420,73.334,2335.084,208.380,1.080,0.062,0.281,0.230,-0.280,11867.200
233.440,73.841,2336.033,210.000,0.150,0.008,0.247,0.570,-0.320,11868.370
233.460,74.338,2336.963,206.150,0.670,-0.028,-0.022,-0.020,0.020,11869.520
233.480,74.847,2337.917,211.000,1.170,-0.027,0.261,-0.070,0.040,11870.690
233.500,75.350,2338.856,208.080,-0.600,0.102,-0.050,0.230,0.220,11871.840
233.520,75.851,2339.794,207.670,-1.550,-0.005,-0.042,-0.510,-0.070,11873.000
233.540,76.361,2340.750,211.430,0.550,0.017,0.233,0.020,-0.230,11874.170
233.560,76.864,2341.691,208.560,1.250,-0.022,-0.105,-0.050,0.180,11875.330
233.580,77.378,2342.654,212.710,-1.710,0.005,0.194,0.440,0.400,11876.510
233.600,77.879,2343.591,207.670,-0.610,0.019,-0.022,-0.230,0.110,11877.670
233.620,78.386,2344.541,210.170,-0.240,0.090,0.219,0.050,-0.440,11878.830
233.640,78.900,2345.504,212.970,-0.980,-0.004,0.204,-0.080,0.080,11880.020
233.660,79.414,2346.468,213.020,-0.140,0.026,0.204,-1.240,-0.580,11881.200
233.680,79.917,2347.409,208.420,-1.110,-0.018,-0.064,-0.260,-0.010,11882.360
233.700,80.428,2348.367,211.740,-0.320,0.009,0.295,-0.000,-0.600,11883.540
233.720,80.936,2349.318,210.510,0.700,0.017,-0.054,-0.450,-0.130,11884.710
233.740,81.452,2350.285,213.650,-2.070,-0.010,0.207,-0.060,0.150,11885.890
233.760,81.968,2351.254,213.880,-1.050,0.012,0.294,0.670,-0.090,11887.080
233.780,82.484,2352.221,213.790,1.400,-0.035,-0.040,0.480,0.340,11888.270
233.800,83.002,2353.192,214.360,-0.820,0.025,0.240,-0.930,0.070,11889.460
233.820,83.516,2354.157,213.220,-2.600,0.003,-0.035,0.380,-0.340,11890.640
233.840,84.033,2355.126,214.130,0.170,-0.028,0.250,0.280,0.270,11891.830
233.860,84.558,2356.111,217.190,-0.070,-0.006,0.228,-0.050,0.210,11893.040
233.880,85.077,2357.086,215.210,0.150,0.065,-0.066,-1.170,0.380,11894.240
233.900,85.598,2358.062,215.450,0.060,-0.005,0.213,0.390,0.210,11895.430
233.920,86.125,2359.053,218.370,1.270,0.021,0.236,-0.210,0.140,11896.650
233.940,86.645,2360.028,215.250,-0.700,0.021,-0.022,0.110,-0.300,11897.840
233.960,87.175,2361.024,219.600,-0.090,0.029,0.277,-0.480,0.240,11899.060
233.980,87.707,2362.023,220.080,-0.430,-0.055,0.245,-0.370,-0.040,11900.280
234.000,88.230,2363.005,216.570,0.680,-0.052,-0.055,0.470,0.240,11901.490
234.020,88.761,2364.003,219.830,0.780,-0.037,0.219,0.810,0.670,11902.710
234.040,89.281,2364.979,215.570,0.370,0.030,-0.038,-0.210,0.360,11903.910
234.060,89.811,2365.975,219.320,2.150,0.013,0.209,0.760,0.090,11905.120
234.080,90.337,2366.964,218.010,0.550,0.011,-0.025,-0.210,0.020,11906.340
234.100,90.870,2367.965,220.640,1.250,-0.006,0.263,-0.220,-0.130,11907.560
234.120,91.403,2368.968,220.710,-0.890,-0.066,0.242,-0.710,-0.700,11908.790
234.140,91.935,2369.967,220.180,-0.700,-0.030,-0.037,0.250,0.010,11910.010
234.160,92.465,2370.963,219.320,1.980,0.011,-0.060,-0.100,-0.150,11911.230
234.180,93.003,2371.975,222.690,-1.350,-0.009,0.256,-0.070,0.100,11912.470
234.200,93.538,2372.981,221.620,0.770,0.009,-0.044,-0.190,-0.150,11913.700
234.220,94.072,2373.985,220.970,1.290,-0.078,-0.015,-0.500,0.070,11914.930
234.240,94.607,2374.992,221.620,1.180,-0.001,0.265,0.310,0.370,11916.160
234.260,95.145,2376.003,222.600,-1.600,-0.104,0.281,-0.030,0.050,11917.390
234.280,95.684,2377.017,222.950,-0.350,-0.065,0.262,0.400,-0.330,11918.630
234.300,96.225,2378.035,223.920,0.620,-0.049,0.248,-0.470,-0.250,11919.880
234.320,96.769,2379.060,225.250,0.740,-0.092,0.265,0.120,0.210,11921.130
234.340,97.314,2380.087,225.740,-0.010,-0.040,0.260,1.070,0.230,11922.380
234.360,97.856,2381.107,224.190,-0.700,0.014,-0.061,-0.360,-0.260,11923.630
234.380,98.401,2382.133,225.530,-0.270,0.058,0.208,-0.240,-0.010,11924.880
234.400,98.945,2383.156,224.940,-0.620,-0.027,-0.066,-0.250,0.270,11926.130
234.420,99.494,2384.192,227.420,-1.240,-0.033,0.234,-0.520,0.520,11927.390
234.440,100.040,2385.219,225.760,-0.300,-0.006,-0.033,0.830,0.050,11928.650
234.460,100.587,2386.250,226.500,1.850,-0.013,0.248,-1.150,-0.060,11929.910
234.480,101.135,2387.282,226.640,-0.280,-0.051,0.226,-0.610,-0.110,11931.160
234.500,101.685,2388.319,227.720,-1.510,0.027,0.245,0.230,0.040,11932.430
234.520,102.237,2389.360,228.340,-0.360,-0.015,0.240,-0.370,0.420,11933.700
234.540,102.793,2390.407,229.830,1.730,-0.033,0.222,-0.020,0.040,11934.980
234.560,103.349,2391.455,229.920,-1.590,-0.028,0.294,-0.010,0.150,11936.250
234.580,103.901,2392.497,228.530,-0.000,0.118,-0.056,0.250,-0.430,11937.520
234.600,104.454,2393.539,228.760,0.740,0.039,0.226,0.040,0.480,11938.790
234.620,105.007,2394.582,228.840,-1.140,-0.017,0.200,-0.190,0.400,11940.060
234.640,105.565,2395.635,231.050,0.190,-0.122,0.253,0.060,-0.090,11941.350
234.660,106.122,2396.685,230.260,-0.910,-0.085,-0.034,-0.090,-0.030,11942.630
234.680,106.688,2397.753,233.940,-1.230,0.004,0.230,0.850,0.350,11943.930
234.700,107.245,2398.804,230.510,0.620,-0.015,-0.046,-0.290,0.880,11945.210
234.720,107.809,2399.869,233.250,1.820,-0.058,0.217,0.280,-0.510,11946.500
234.740,108.374,2400.936,233.620,-0.390,-0.007,0.243,0.460,-0.150,11947.800
234.760,108.939,2402.004,233.940,0.580,-0.037,0.283,-0.660,-0.120,11949.100
234.780,109.499,2403.060,231.540,0.480,-0.032,-0.057,-0.560,0.310,11950.390
234.800,110.061,2404.120,232.270,0.170,-0.009,0.231,0.970,0.110,11951.680
234.820,110.623,2405.181,232.510,-0.690,-0.051,0.290,-0.340,-0.150,11952.970
234.840,111.192,2406.256,235.320,-1.010,-0.069,0.256,0.010,-0.420,11954.280
234.860,111.755,2407.318,232.790,-0.800,-0.068,-0.065,-0.090,0.300,11955.570
234.880,112.318,2408.382,232.960,-0.180,-0.020,0.224,-0.020,-0.060,11956.860
234.900,112.887,2409.456,235.230,-0.420,-0.079,0.216,-0.190,-0.350,11958.170
234.920,113.449,2410.517,232.550,-1.150,0.110,-0.037,0.060,-0.200,11959.460
234.940,114.020,2411.596,236.050,-0.210,0.047,0.273,-0.410,-0.130,11960.770
234.960,114.585,2412.662,233.550,-0.640,0.036,-0.050,-0.110,-0.090,11962.070
234.980,115.153,2413.735,235.000,0.560,-0.044,0.244,-0.990,-0.310,11963.380
235.000,115.728,2414.822,237.710,-0.390,-0.042,0.268,-0.060,-0.310,11964.700
235.020,116.297,2415.898,235.500,0.840,-0.071,-0.093,0.170,0.710,11966.010
235.040,116.871,2416.982,237.150,0.230,0.092,0.252,0.480,0.100,11967.320
235.060,117.449,2418.075,238.860,-0.500,0.067,0.251,0.570,-0.120,11968.650
235.080,118.019,2419.152,235.690,-0.160,0.034,-0.038,-0.190,0.110,11969.960
235.100,118.594,2420.240,238.020,-0.140,-0.006,0.264,0.420,0.050,11971.280
235.120,119.173,2421.334,239.090,0.170,-0.019,0.238,-0.580,-0.270,11972.610
235.140,119.744,2422.414,236.350,0.360,0.025,0.006,-0.260,-0.570,11973.920
235.160,120.318,2423.499,237.280,-0.450,0.080,0.217,0.810,-0.160,11975.240
235.180,120.903,2424.605,241.610,-0.240,0.032,0.236,0.090,-0.050,11976.580
235.200,121.478,2425.693,237.830,0.110,-0.056,-0.024,0.120,-0.030,11977.910
235.220,122.057,2426.788,239.380,-2.960,-0.038,0.231,-0.090,-0.550,11979.240
235.240,122.631,2427.873,237.240,0.550,0.023,-0.047,0.930,0.740,11980.550
235.260,123.210,2428.968,239.440,-0.950,-0.043,0.234,0.270,0.720,11981.880
235.280,123.796,2430.077,242.140,-0.290,-0.024,0.238,0.740,0.130,11983.230
235.300,124.383,2431.189,242.770,-0.680,0.076,0.211,-0.300,0.010,11984.580
235.320,124.971,2432.302,242.880,0.750,-0.016,0.273,-0.490,-0.170,11985.930
235.340,125.556,2433.410,242.000,1.020,-0.079,-0.027,-0.380,0.170,11987.270
235.360,126.139,2434.513,240.800,-0.110,0.144,-0.027,0.310,-0.040,11988.610
235.380,126.728,2435.628,243.390,-0.100,0.054,0.237,0.820,0.380,11989.960
235.400,127.315,2436.738,242.460,-0.040,-0.003,-0.040,0.370,0.270,11991.310
235.420,127.898,2437.842,241.070,-0.020,-0.000,0.010,0.440,-0.260,11992.650
235.440,128.488,2438.960,243.880,1.000,-0.106,0.259,0.090,-0.210,11994.000
235.460,129.083,2440.088,246.100,3.010,-0.020,0.215,-0.640,0.290,11995.370
235.480,129.679,2441.218,246.220,-0.170,-0.037,0.224,1.010,0.210,11996.740
235.500,130.276,2442.349,246.680,0.570,0.005,0.223,0.330,-0.330,11998.110
235.520,130.871,2443.476,245.720,-0.850,0.081,-0.010,0.260,-0.140,11999.470
235.540,131.462,2444.596,244.230,-0.760,0.022,-0.038,0.440,-0.050,12000.830
235.560,132.059,2445.728,246.860,-1.020,0.102,0.203,-0.860,-0.010,12002.200
235.580,132.656,2446.859,246.570,1.340,-0.070,-0.011,-0.250,-0.020,12003.570
235.600,133.252,2447.989,246.310,0.700,-0.077,-0.033,0.310,0.270,12004.940
235.620,133.853,2449.127,248.060,-0.380,0.062,0.255,-0.070,0.040,12006.320
235.640,134.453,2450.266,248.100,0.210,0.005,0.296,-0.040,0.020,12007.700
235.660,135.051,2451.398,246.840,0.760,0.023,-0.057,0.640,-0.230,12009.070
235.680,135.649,2452.532,247.130,1.200,-0.001,0.291,0.060,0.050,12010.440
235.700,136.246,2453.664,246.760,0.410,0.010,-0.116,1.190,-0.010,12011.810
235.720,136.849,2454.809,249.230,0.090,0.034,0.228,-0.020,-0.140,12013.200
235.740,137.456,2455.960,250.560,1.320,0.013,0.274,0.400,-0.350,12014.590
235.760,138.058,2457.101,248.670,-1.100,-0.029,0.000,0.240,0.380,12015.970
235.780,138.659,2458.241,248.320,-1.920,0.117,-0.087,-0.290,0.530,12017.350
235.800,139.266,2459.394,251.030,1.260,0.005,0.237,-0.520,0.070,12018.740
235.820,139.879,2460.557,253.000,-0.450,-0.010,0.255,0.020,0.430,12020.150
235.840,140.494,2461.725,253.980,1.340,-0.017,0.222,0.960,0.070,12021.560
235.860,141.108,2462.891,253.620,1.920,0.017,-0.058,-0.200,-0.420,12022.970
235.880,141.717,2464.048,251.630,1.850,-0.012,-0.003,0.260,0.090,12024.370
235.900,142.324,2465.199,250.710,-3.010,-0.101,-0.081,-0.130,-0.100,12025.760
235.920,142.937,2466.364,253.330,0.800,-0.013,0.243,0.110,0.140,12027.170
235.940,143.549,2467.525,252.670,-0.510,-0.054,-0.042,0.570,0.470,12028.570
235.960,144.161,2468.688,252.840,-0.650,0.013,0.264,0.060,-0.150,12029.980
235.980,144.782,2469.867,256.340,0.370,-0.002,0.224,-0.310,0.120,12031.400
236.000,145.402,2471.045,255.930,-0.630,-0.033,-0.055,0.800,0.260,12032.820
236.020,146.020,2472.219,255.160,0.750,0.047,-0.059,-0.300,0.410,12034.240
236.040,146.636,2473.389,254.420,1.320,-0.004,-0.041,0.340,0.300,12035.650
236.060,147.253,2474.562,254.930,-0.200,-0.019,0.215,-0.750,-0.330,12037.070
236.080,147.865,2475.725,252.960,0.360,-0.018,-0.012,0.640,-0.330,12038.470
236.100,148.488,2476.909,257.210,-0.460,-0.019,0.258,1.300,0.230,12039.900
236.120,149.113,2478.096,257.940,0.470,0.025,0.282,-0.010,-0.120,12041.340
236.140,149.731,2479.271,255.210,1.420,-0.039,-0.067,-0.510,-0.300,12042.750
236.160,150.350,2480.447,255.770,0.410,0.004,0.213,0.380,0.360,12044.180
236.180,150.977,2481.638,258.530,-0.120,-0.025,0.221,0.050,-0.110,12045.610
236.200,151.599,2482.821,256.940,1.310,-0.032,-0.029,1.070,0.490,12047.040
236.220,152.227,2484.016,259.490,-0.410,0.024,0.237,-0.300,-0.130,12048.480
236.240,152.850,2485.199,256.970,-0.380,-0.047,-0.099,-0.670,-0.220,12049.910
236.260,153.475,2486.387,258.030,-0.660,0.026,0.255,0.150,-0.020,12051.340
236.280,154.103,2487.583,259.630,-1.570,0.015,0.240,0.290,0.230,12052.780
236.300,154.730,2488.775,258.730,-0.860,0.066,-0.059,-0.380,0.090,12054.220
236.320,155.357,2489.968,259.000,0.060,-0.088,0.199,0.480,0.570,12055.660
236.340,155.986,2491.162,259.320,0.230,0.051,0.205,0.030,0.050,12057.100
236.360,156.619,2492.367,261.330,-0.970,-0.015,0.234,-0.140,-0.050,12058.550
236.380,157.253,2493.575,262.090,-0.510,-0.089,0.222,0.270,0.450,12060.010
236.400,157.888,2494.782,261.740,-1.890,-0.033,-0.067,-0.140,0.180,12061.460
236.420,158.518,2495.981,260.310,2.190,0.026,-0.025,-0.370,-0.120,12062.910
236.440,159.157,2497.198,263.770,1.470,-0.004,0.218,-0.810,0.070,12064.370
236.460,159.793,2498.408,262.460,-0.720,0.067,-0.077,-0.310,0.070,12065.830
236.480,160.433,2499.626,264.010,0.140,-0.017,0.234,1.250,-0.060,12067.300
236.500,161.064,2500.828,260.850,-0.880,-0.002,-0.079,0.020,0.050,12068.750
236.520,161.706,2502.051,264.900,1.020,-0.009,0.244,-0.510,-0.390,12070.220
236.540,162.343,2503.263,262.950,0.640,-0.051,-0.019,0.630,-0.110,12071.680
236.560,162.981,2504.477,263.200,-1.310,-0.001,0.241,-0.020,0.130,12073.140
236.580,163.623,2505.699,264.830,-0.970,-0.011,0.258,0.150,-0.160,12074.610
236.600,164.256,2506.905,261.500,-0.070,0.004,-0.120,0.140,-0.270,12076.070
236.620,164.899,2508.130,265.460,1.380,0.003,0.252,0.740,-0.010,12077.540
236.640,165.541,2509.352,264.880,-0.380,0.000,-0.006,-0.660,-0.140,12079.010
236.660,166.190,2510.589,267.770,1.310,0.005,0.253,0.730,-0.400,12080.500
236.680,166.835,2511.819,266.410,0.310,0.055,-0.046,0.370,-0.390,12081.980
236.700,167.477,2513.041,264.880,-0.830,-0.049,-0.041,0.040,0.120,12083.450
236.720,168.121,2514.266,265.520,-0.420,-0.036,0.297,-0.430,0.030,12084.930
236.740,168.759,2515.481,263.390,0.630,0.071,-0.009,-0.120,0.090,12086.390
236.760,169.416,2516.734,271.080,0.840,0.064,0.219,0.020,-0.090,12087.900
236.780,170.055,2517.952,264.040,0.930,0.013,-0.014,0.900,-0.450,12089.360
236.800,170.703,2519.187,267.340,0.210,0.101,0.291,0.720,-0.260,12090.850
236.820,171.357,2520.433,269.620,0.450,0.024,0.199,-0.190,-0.100,12092.350
236.840,172.014,2521.686,271.070,2.260,0.094,0.251,1.000,0.130,12093.850
236.860,172.673,2522.943,271.930,2.410,0.073,0.266,0.480,-0.520,12095.360
236.880,173.326,2524.188,269.430,0.050,0.081,-0.134,0.240,-0.690,12096.860
236.900,173.982,2525.440,270.690,-1.770,-0.057,0.230,-0.140,0.430,12098.360
236.920,174.636,2526.686,269.840,0.130,0.033,-0.071,-0.290,0.180,12099.860
236.940,175.286,2527.926,268.320,0.120,-0.004,-0.069,0.270,-0.260,12101.350
236.960,175.939,2529.171,269.450,-1.260,-0.067,0.281,0.190,-0.070,12102.850
236.980,176.591,2530.413,268.800,0.120,0.067,-0.052,-0.200,-0.130,12104.340
237.000,177.250,2531.671,272.200,-1.040,0.060,0.263,0.560,0.090,12105.860
237.020,177.909,2532.927,271.570,0.380,-0.007,-0.047,0.080,-0.150,12107.370
237.040,178.568,2534.186,272.160,0.590,-0.031,0.324,0.210,-0.340,12108.880
237.060,179.232,2535.452,273.810,0.530,0.003,0.280,0.540,0.150,12110.400
237.080,179.895,2536.718,273.530,0.990,-0.091,-0.051,0.410,0.540,12111.920
237.100,180.560,2537.988,274.510,0.470,-0.067,0.242,-0.810,0.160,12113.440
237.120,181.231,2539.268,276.590,0.790,-0.015,0.229,0.380,0.020,12114.980
237.140,181.893,2540.531,273.040,1.290,0.031,-0.079,0.010,-0.060,12116.500
237.160,182.552,2541.788,271.780,-0.440,-0.009,-0.086,-0.220,-0.240,12118.010
237.180,183.216,2543.056,274.080,-0.140,-0.028,0.279,0.030,-0.120,12119.530
237.200,183.883,2544.329,274.990,-0.360,-0.041,0.223,-0.150,0.120,12121.060
237.220,184.553,2545.608,276.320,-0.750,0.122,0.269,0.060,0.360,12122.590
237.240,185.224,2546.891,277.110,-0.300,-0.054,0.235,-0.010,0.370,12124.130
237.260,185.891,2548.163,274.780,0.830,-0.091,-0.073,0.340,0.050,12125.660
237.280,186.557,2549.435,274.920,0.730,-0.029,0.240,-0.770,0.060,12127.190
237.300,187.234,2550.728,279.140,-1.690,0.026,0.304,0.090,0.020,12128.740
237.320,187.908,2552.015,277.930,1.720,0.005,0.041,-0.010,0.170,12130.280
237.340,188.583,2553.305,278.340,0.850,-0.038,0.239,1.130,0.010,12131.830
237.360,189.258,2554.595,278.560,0.230,0.010,0.236,-0.980,0.020,12133.370
237.380,189.934,2555.886,278.740,-1.380,0.055,0.279,0.460,-0.260,12134.920
237.400,190.609,2557.177,278.540,-1.190,0.010,-0.045,0.220,-0.270,12136.470
237.420,191.284,2558.465,278.170,1.500,0.008,-0.070,0.380,-0.210,12138.020
237.440,191.960,2559.757,278.790,1.000,0.008,0.265,-0.220,0.070,12139.560
237.460,192.647,2561.070,283.200,1.130,-0.037,0.273,0.160,-0.090,12141.140
237.480,193.333,2562.383,283.020,-0.130,0.022,-0.057,0.070,0.770,12142.710
237.500,194.017,2563.691,282.060,1.310,0.052,-0.056,1.770,0.120,12144.280
237.520,194.698,2564.993,280.920,-1.370,0.068,0.001,-0.150,0.470,12145.840
237.540,195.383,2566.302,282.230,-1.230,0.021,0.225,-0.390,0.450,12147.410
237.560,196.061,2567.597,279.600,1.010,0.001,-0.066,1.000,0.130,12148.960
237.580,196.749,2568.913,283.590,-0.920,0.094,0.236,0.170,-0.010,12150.530
237.600,197.433,2570.221,282.100,-0.040,0.006,0.001,0.260,-0.270,12152.100
237.620,198.119,2571.532,282.840,-1.770,-0.024,0.191,0.560,-0.180,12153.670
237.640,198.806,2572.846,283.320,-2.840,-0.034,0.275,0.040,0.250,12155.250
237.660,199.493,2574.160,283.260,-1.020,-0.040,-0.051,-0.210,0.080,12156.820
237.680,200.184,2575.483,285.090,-0.380,-0.025,0.304,0.070,-0.190,12158.400
237.700,200.880,2576.814,286.640,-0.920,0.096,0.261,-0.420,-0.060,12160.000
237.720,201.573,2578.141,285.890,0.620,-0.038,-0.115,-0.730,0.100,12161.590
237.740,202.264,2579.464,285.060,1.010,0.076,-0.002,-0.420,0.010,12163.170
237.760,202.953,2580.780,283.720,0.610,-0.010,-0.057,-1.180,-0.070,12164.750
237.780,203.646,2582.106,285.730,-1.160,0.052,0.189,-0.180,-0.020,12166.330
237.800,204.339,2583.433,285.920,0.520,-0.054,0.238,-0.250,-0.720,12167.920
237.820,205.037,2584.768,287.630,-1.230,-0.001,0.251,0.300,0.010,12169.520
237.840,205.730,2586.095,285.780,1.860,-0.081,-0.081,0.060,-0.320,12171.110
237.860,206.423,2587.421,285.770,0.050,0.001,-0.096,-0.070,0.110,12172.690
237.880,207.122,2588.758,287.910,-0.860,0.039,0.259,0.590,0.040,12174.290
237.900,207.823,2590.101,289.200,0.050,0.048,0.213,-0.210,0.220,12175.900
237.920,208.523,2591.441,288.410,0.170,-0.000,-0.081,-0.550,0.230,12177.500
237.940,209.226,2592.788,289.980,0.710,-0.018,0.291,-1.260,0.520,12179.110
237.960,209.923,2594.120,286.980,-1.890,0.004,-0.060,0.010,-0.590,12180.710
237.980,210.626,2595.468,289.960,-0.700,-0.029,0.213,-0.030,-0.040,12182.320
238.000,211.324,2596.804,287.680,0.480,-0.029,-0.077,0.630,-0.610,12183.920
238.020,212.037,2598.171,293.970,0.780,-0.020,0.262,-0.430,0.150,12185.550
238.040,212.747,2599.530,292.330,3.270,0.011,-0.037,0.380,-0.050,12187.170
238.060,213.453,2600.883,291.260,1.380,0.072,-0.030,-1.240,-0.140,12188.790
238.080,214.153,2602.224,288.630,-0.690,0.065,-0.026,-0.650,0.080,12190.400
238.100,214.855,2603.568,289.330,1.770,-0.016,0.260,0.190,-0.320,12192.000
238.120,215.570,2604.938,294.600,0.580,-0.041,0.268,0.340,0.550,12193.640
238.140,216.275,2606.287,290.370,1.370,-0.037,-0.064,-0.830,-0.070,12195.250
238.160,216.986,2607.651,293.220,0.470,-0.074,0.216,-0.400,0.020,12196.880
238.180,217.703,2609.026,295.560,1.440,0.036,0.291,0.020,-0.040,12198.520
238.200,218.415,2610.390,293.340,1.080,-0.070,-0.024,-0.050,0.280,12200.150
238.220,219.123,2611.746,291.750,0.550,-0.113,-0.058,0.270,-0.360,12201.770
238.240,219.830,2613.100,291.230,-0.440,0.036,-0.070,0.460,0.250,12203.390
238.260,220.545,2614.471,294.830,-0.440,0.034,0.319,-0.640,-0.160,12205.030
238.280,221.256,2615.833,292.960,-0.950,-0.054,-0.077,0.220,-0.150,12206.660
238.300,221.972,2617.205,294.970,-0.070,0.015,0.257,-0.360,0.260,12208.300
238.320,222.685,2618.571,293.730,1.110,-0.066,-0.070,0.170,-0.080,12209.930
238.340,223.400,2619.943,294.780,0.580,-0.005,0.238,-0.230,0.180,12211.570
238.360,224.116,2621.316,295.190,-0.780,0.018,0.227,0.540,0.190,12213.210
238.380,224.835,2622.693,296.010,0.970,0.035,0.185,0.290,-0.100,12214.850
238.400,225.552,2624.069,295.650,-1.180,0.020,-0.038,-0.490,0.070,12216.490
238.420,226.274,2625.454,297.540,0.330,-0.095,0.270,-0.840,-0.150,12218.150
238.440,227.000,2626.846,298.970,1.390,0.015,0.230,0.590,-0.010,12219.810
238.460,227.721,2628.229,297.290,-1.180,0.109,0.028,-0.350,0.140,12221.460
238.480,228.446,2629.619,298.580,0.170,0.020,0.258,-0.300,-0.290,12223.120
238.500,229.167,2631.002,297.140,-0.700,-0.069,-0.045,0.370,0.130,12224.770
238.520,229.887,2632.382,296.550,1.630,-0.036,-0.038,-0.510,0.100,12226.420
238.540,230.615,2633.779,299.860,2.250,-0.026,0.232,0.100,-0.450,12228.080
238.560,231.345,2635.181,300.940,0.560,-0.117,0.221,0.010,-0.220,12229.750
238.580,232.066,2636.564,297.110,0.880,0.005,-0.073,-0.040,-0.210,12231.400
238.600,232.795,2637.962,300.200,1.370,-0.018,0.234,0.600,-0.130,12233.070
238.620,233.526,2639.366,301.340,0.760,-0.015,0.267,0.230,-0.290,12234.750
238.640,234.258,2640.770,301.480,-0.820,-0.006,0.239,0.490,0.280,12236.420
238.660,234.988,2642.170,300.520,-0.440,-0.036,-0.031,-0.120,0.320,12238.090
238.680,235.720,2643.576,301.840,-0.450,0.043,0.212,-0.360,-0.240,12239.770
238.700,236.457,2644.991,303.510,-1.730,0.009,0.231,0.520,-0.350,12241.450
238.720,237.188,2646.394,301.190,0.980,-0.027,-0.071,-0.290,-0.000,12243.130
238.740,237.929,2647.817,305.170,-1.250,0.022,0.135,0.060,0.400,12244.820
238.760,238.660,2649.220,301.110,0.830,0.018,-0.064,0.210,0.650,12246.500
238.780,239.400,2650.642,304.900,-0.730,-0.048,0.219,-0.380,-0.200,12248.190
238.800,240.138,2652.059,303.990,-0.220,-0.009,-0.036,-0.380,-0.680,12249.880
238.820,240.875,2653.473,303.500,0.560,-0.009,-0.028,-0.140,-0.450,12251.560
238.840,241.608,2654.880,301.860,1.530,-0.029,-0.092,0.370,-0.530,12253.240
238.860,242.352,2656.311,306.770,0.870,-0.068,0.243,0.170,0.130,12254.950
238.880,243.090,2657.727,303.940,-0.120,-0.031,-0.088,-0.680,0.030,12256.630
238.900,243.832,2659.153,305.650,-0.030,0.063,0.260,0.980,0.070,12258.330
238.920,244.577,2660.584,306.760,-1.180,-0.032,0.229,0.190,0.340,12260.040
238.940,245.330,2662.031,309.980,0.640,0.045,0.234,-0.210,0.490,12261.760
238.960,246.073,2663.459,306.240,-0.080,-0.002,-0.057,-0.080,0.250,12263.460
238.980,246.819,2664.892,307.200,-0.930,0.008,0.259,-0.120,0.220,12265.170
239.000,247.567,2666.330,308.110,0.780,-0.061,0.252,-0.190,-0.440,12266.880
239.020,248.315,2667.767,308.020,1.420,0.058,-0.038,0.580,-0.150,12268.590
239.040,249.061,2669.199,307.060,-0.180,0.103,-0.028,1.190,0.420,12270.300
239.060,249.815,2670.650,310.790,-0.560,-0.035,0.246,-0.260,-0.160,12272.020
239.080,250.564,2672.088,308.220,-0.580,0.065,-0.081,-0.230,0.330,12273.730
239.100,251.317,2673.535,309.980,0.400,-0.063,0.202,-0.050,0.040,12275.460
239.120,252.068,2674.979,309.310,-1.190,-0.003,-0.073,-0.690,0.230,12277.170
239.140,252.818,2676.421,309.080,0.080,-0.059,-0.043,0.260,-0.260,12278.890
239.160,253.576,2677.878,311.920,-0.410,0.019,0.209,0.090,0.230,12280.620
239.180,254.331,2679.330,311.100,0.510,-0.010,-0.018,0.070,-0.190,12282.350
239.200,255.078,2680.766,307.780,0.580,-0.003,-0.082,-0.930,0.070,12284.060
239.220,255.836,2682.222,311.870,-1.120,0.066,0.247,-1.130,-0.010,12285.800
239.240,256.591,2683.674,310.840,0.670,0.062,-0.006,-0.180,0.360,12287.520
239.260,257.343,2685.119,309.750,0.460,-0.009,-0.055,0.330,0.250,12289.240
239.280,258.105,2686.586,313.930,-0.190,0.055,0.217,-0.890,-0.530,12290.990
239.300,258.862,2688.041,311.700,-0.430,0.058,-0.125,0.450,-0.240,12292.720
239.320,259.624,2689.506,313.600,-0.420,0.055,0.262,-0.150,-0.190,12294.460
239.340,260.389,2690.978,314.940,-0.170,0.007,0.259,-0.410,0.210,12296.210
239.360,261.150,2692.443,313.560,-0.930,0.017,-0.033,0.040,-0.150,12297.950
239.380,261.914,2693.913,314.660,-0.680,-0.014,0.253,-0.650,-0.330,12299.700
239.400,262.676,2695.378,313.620,0.200,0.117,-0.066,-1.270,-0.410,12301.440
239.420,263.445,2696.858,316.650,-0.570,0.020,0.226,0.600,0.220,12303.200
239.440,264.210,2698.330,315.080,0.880,-0.004,-0.049,-0.020,-0.620,12304.950
239.460,264.979,2699.810,316.520,-0.130,0.025,0.280,-0.360,0.320,12306.710
239.480,265.753,2701.298,318.320,-0.470,0.014,0.161,-0.290,-0.390,12308.480
239.500,266.514,2702.763,313.650,0.330,0.103,-0.022,-0.390,-0.130,12310.220
239.520,267.281,2704.239,315.750,-0.410,-0.001,0.241,-0.180,-0.350,12311.980
239.540,268.051,2705.720,316.880,-0.780,0.038,0.245,-0.060,-0.280,12313.740
239.560,268.823,2707.206,317.690,-0.340,-0.006,0.271,0.340,-0.070,12315.500
239.580,269.597,2708.696,318.780,-2.040,-0.084,0.245,-0.350,-0.040,12317.270
239.600,270.374,2710.193,320.000,-1.970,0.000,0.257,-0.530,-0.460,12319.050
239.620,271.145,2711.677,317.450,-0.920,0.043,-0.099,-0.270,-0.120,12320.810
239.640,271.919,2713.167,318.620,-1.190,0.007,0.242,1.230,0.030,12322.580
239.660,272.697,2714.664,320.000,0.650,-0.058,0.265,0.080,0.140,12324.360
239.680,273.474,2716.161,320.000,1.260,0.079,-0.062,0.200,-0.610,12326.140
239.700,274.245,2717.645,317.450,0.320,-0.059,-0.060,-0.130,-0.140,12327.900
