time,x,y,speed,yaw_rate,lat_g,long_g,steering_angle,slip_ratio,distance
0.0,0.0,0.0,117.77623976390616,0.0,0.0,0.0,0.0,2.0,0.0
0.05,2.0,-0.07310785936650854,120.63780436937877,0.0,0.0,0.0,0.0,2.0,2.0013357437224655
0.1,4.0,0.056709487159312705,120.55808258440028,0.0,0.0,0.0,0.0,2.0,4.005544451282386
0.15000000000000002,6.0,-0.18786522017574867,122.02103056961305,0.0,0.0,0.0,0.0,2.0,6.020443155304013
0.2,8.0,-0.0805980136993356,118.83824373195297,0.0,0.0,0.0,0.0,2.0,8.023317653016052
0.25,10.0,-0.2635361999515911,118.94966038564371,0.0,0.0,0.0,0.0,2.0,10.031666820862437
0.30000000000000004,12.0,-0.1394265567592441,118.85723966849172,0.0,0.0,0.0,0.0,2.0,12.035513921699557
0.35000000000000003,14.0,-0.17161403213185678,118.15183432450578,0.0,0.0,0.0,0.0,2.0,14.035772913323108
0.4,16.0,-0.2492669119271796,114.7749019746128,0.0,0.0,0.0,0.0,2.0,16.037279838052697
0.45,18.0,-0.4263693866929493,121.90073936479381,0.0,0.0,0.0,0.0,2.0,18.045105848086475
0.5,20.0,-0.49771839184658817,121.63289016190265,0.0,0.0,0.0,0.0,2.0,20.046378113555722
0.55,22.0,-0.3864940321397951,116.95224800476828,0.0,0.0,0.0,0.0,2.0,22.0494684405735
0.6000000000000001,24.0,-0.17772190995606352,119.14390787164753,0.0,0.0,0.0,0.0,2.0,24.060335367796952
0.65,26.0,-0.07243227768912436,118.51518632576166,0.0,0.0,0.0,0.0,2.0,26.063104926848343
0.7000000000000001,28.0,0.2003450271942967,118.59331239658519,0.0,0.0,0.0,0.0,2.0,28.081621079387
0.75,30.0,0.7081775704481632,115.72075868784752,0.0,0.0,0.0,0.0,2.0,30.145087554032926
0.8,32.0,0.6432793788823845,118.7410500781515,0.0,0.0,0.0,0.0,2.0,32.14614022082321
0.8500000000000001,34.0,0.6021060354632836,121.19544093382521,0.0,0.0,0.0,0.0,2.0,34.14656398698085
0.9,36.0,0.31409774592652395,125.11897606207559,0.0,0.0,0.0,0.0,2.0,36.16719477335472
0.9500000000000001,38.0,0.552243197149252,120.7884660437592,0.0,0.0,0.0,0.0,2.0,38.18132318434
1.0,40.0,0.8121225600021494,120.24443833044536,0.0,0.0,0.0,0.0,2.0,40.19813683047512
1.05,42.0,0.6386933287922387,118.9691286758151,0.0,0.0,0.0,0.0,2.0,42.205642172494926
1.1,44.0,0.7622214978944677,118.79949229978817,0.0,0.0,0.0,0.0,2.0,44.20945334337949
1.1500000000000001,46.0,1.0056356572904899,121.89487964209327,0.0,0.0,0.0,0.0,2.0,46.22421150578868
1.2000000000000002,48.0,1.0508933111902647,120.58206800252437,0.0,0.0,0.0,0.0,2.0,48.224723504062254
1.25,50.0,1.2203735977055925,118.72888051945073,0.0,0.0,0.0,0.0,2.0,50.231891550718366
1.3,52.0,1.2553402001038867,117.9568956106488,0.0,0.0,0.0,0.0,2.0,52.23219719318486
1.35,54.0,1.0119692216320388,119.67648922720495,0.0,0.0,0.0,0.0,2.0,54.24695013912199
1.4000000000000001,56.0,1.221838700096212,118.93270239231502,0.0,0.0,0.0,0.0,2.0,56.25793129218903
1.4500000000000002,58.0,1.4868598323990523,119.98894427535974,0.0,0.0,0.0,0.0,2.0,58.275413931660076
1.5,60.0,1.6337600453750614,119.54109909233608,0.0,0.0,0.0,0.0,2.0,60.28080159307928
1.55,62.0,1.4428605929827771,120.77869782651224,0.0,0.0,0.0,0.0,2.0,62.28989158631594
1.6,64.0,1.2926247080499915,117.46976177215471,0.0,0.0,0.0,0.0,2.0,64.29552635394477
1.6500000000000001,66.0,1.0665390974258855,122.18398452871534,0.0,0.0,0.0,0.0,2.0,66.30826446490984
1.7000000000000002,68.0,1.2205345694120442,125.55662608310487,0.0,0.0,0.0,0.0,2.0,68.31418435498328
1.75,70.0,1.4742124738928246,122.38727944856464,0.0,0.0,0.0,0.0,2.0,70.33020828321969
1.8,72.0,1.5591097227041149,120.43727663210773,0.0,0.0,0.0,0.0,2.0,72.33200935796606
1.85,74.0,1.7472168396965169,121.76352207789722,0.0,0.0,0.0,0.0,2.0,74.34083595263849
1.9000000000000001,76.0,1.5736886217006418,117.98182931426979,0.0,0.0,0.0,0.0,2.0,76.3483498485906
1.9500000000000002,78.0,1.6028609921863037,116.83341157292622,0.0,0.0,0.0,0.0,2.0,78.34856259407537
2.0,80.0,1.3288867808430445,121.54740083366737,0.0,0.0,0.0,0.0,2.0,80.36724084195966
2.0500000000000003,82.0,1.1745306309443928,118.92371667667408,0.0,0.0,0.0,0.0,2.0,82.37318845369121
2.1,84.0,1.350265340582572,117.3066438052773,0.0,0.0,0.0,0.0,2.0,84.3808942807913
2.15,86.0,1.30234643894381,118.23881746790579,0.0,0.0,0.0,0.0,2.0,86.38146825371363
2.2,88.0,1.5442228330811367,117.73889539063687,0.0,0.0,0.0,0.0,2.0,88.39604120847126
2.25,90.0,1.651814833819536,120.26885776525604,0.0,0.0,0.0,0.0,2.0,90.39893312732832
2.3000000000000003,92.0,2.1986992656318844,121.16424558942607,0.0,0.0,0.0,0.0,2.0,92.47235604168003
2.35,94.0,2.2174523516622737,121.77549691918671,0.0,0.0,0.0,0.0,2.0,94.47244395930657
2.4000000000000004,96.0,1.936171298225964,121.78866466021752,0.0,0.0,0.0,0.0,2.0,96.49212686288878
2.45,98.0,1.9292653670070024,121.50999559448947,0.0,0.0,0.0,0.0,2.0,98.49213878582475
2.5,100.0,1.736662241793777,119.58566821979085,0.0,0.0,0.0,0.0,2.0,100.50139137418738
2.5500000000000003,102.0,1.9320982419563917,118.75304521003008,0.0,0.0,0.0,0.0,2.0,102.51091749498292
2.6,104.0,1.9404942548503963,116.98369342090504,0.0,0.0,0.0,0.0,2.0,104.5109351181634
2.6500000000000004,106.0,1.913039891430833,122.19929395156964,0.0,0.0,0.0,0.0,2.0,106.51112354480495
2.7,108.0,1.8882134136545012,119.64453575745868,0.0,0.0,0.0,0.0,2.0,108.51127762736928
2.75,110.0,2.036281577244049,119.1792333826274,0.0,0.0,0.0,0.0,2.0,110.51675118268453
2.8000000000000003,112.0,1.945789130775115,122.3594326894014,0.0,0.0,0.0,0.0,2.0,112.51879735669449
2.85,114.0,2.1011990897558364,118.20358412108864,0.0,0.0,0.0,0.0,2.0,114.52482633339208
2.9000000000000004,116.0,2.3103133234251,121.66959083846086,0.0,0.0,0.0,0.0,2.0,116.53572880808426
2.95,118.0,2.2418849809040235,120.59312276865793,0.0,0.0,0.0,0.0,2.0,118.53689907521802
3.0,120.0,2.056675657061728,117.92434024696904,0.0,0.0,0.0,0.0,2.0,120.54545639171116
3.0500000000000003,122.0,1.9540825935346036,119.84839250994364,0.0,0.0,0.0,0.0,2.0,122.5480859971759
3.1,124.0,2.096104441607394,121.94592706751158,0.0,0.0,0.0,0.0,2.0,124.55312220765441
3.1500000000000004,126.0,2.1146002159176134,121.59119092779189,0.0,0.0,0.0,0.0,2.0,126.55320772924276
3.2,128.0,2.240615203637815,122.99086850576694,0.0,0.0,0.0,0.0,2.0,128.55717374121255
3.25,130.0,2.5932026980984606,120.67636250398664,0.0,0.0,0.0,0.0,2.0,130.5880154241731
3.3000000000000003,132.0,2.639393442687487,126.74459250725334,0.0,0.0,0.0,0.0,2.0,132.58854874928562
3.35,134.0,2.477606064409415,118.15921838986525,0.0,0.0,0.0,0.0,2.0,134.5950818678187
3.4000000000000004,136.0,2.68909076618189,119.2027232199696,0.0,0.0,0.0,0.0,2.0,136.60623222994576
3.45,138.0,2.699362938077817,119.8782718250505,0.0,0.0,0.0,0.0,2.0,138.60625860915067
3.5,140.0,2.8738523696099074,117.16249908281719,0.0,0.0,0.0,0.0,2.0,140.61385582017593
3.5500000000000003,142.0,3.087092078429455,122.08498323467884,0.0,0.0,0.0,0.0,2.0,142.62519148918233
3.6,144.0,2.8952904591440993,121.80706498125168,0.0,0.0,0.0,0.0,2.0,144.63436740511415
3.6500000000000004,146.0,3.171691379978488,120.0380006621243,0.0,0.0,0.0,0.0,2.0,146.6533764365546
3.7,148.0,3.3527157719697995,118.93116709265298,0.0,0.0,0.0,0.0,2.0,148.66155218346915
3.75,150.0,3.2319348974728936,117.00989225837132,0.0,0.0,0.0,0.0,2.0,150.66519586926867
3.8000000000000003,152.0,3.2928247214470643,118.42148334260416,0.0,0.0,0.0,0.0,2.0,152.66612254725155
3.85,154.0,3.3442662196430857,121.48742256754245,0.0,0.0,0.0,0.0,2.0,154.6667839948075
3.9000000000000004,156.0,3.349052582536253,119.57567715657675,0.0,0.0,0.0,0.0,2.0,156.66678972211673
3.95,158.0,3.5234353802987313,119.14626241192056,0.0,0.0,0.0,0.0,2.0,158.6743776679252
4.0,160.0,3.810906645965437,121.00289666304961,0.0,0.0,0.0,0.0,2.0,160.69493198013362
4.05,162.0,3.812367920513563,122.31637330586406,0.0,0.0,0.0,0.0,2.0,162.69493251396437
4.1000000000000005,164.0,4.0785441861079805,120.51423374011256,0.0,0.0,0.0,0.0,2.0,164.71256721934733
4.15,166.0,4.2761847082088025,120.62902579172635,0.0,0.0,0.0,0.0,2.0,166.72230893807048
4.2,168.0,4.322643939844084,122.74372426709955,0.0,0.0,0.0,0.0,2.0,168.72284848034505
4.25,170.0,4.357880124254548,120.35110658790967,0.0,0.0,0.0,0.0,2.0,170.72315885343514
4.3,172.0,4.127367049922545,119.38142290711085,0.0,0.0,0.0,0.0,2.0,172.73639909678366
4.3500000000000005,174.0,3.82721337128111,121.34625100554796,0.0,0.0,0.0,0.0,2.0,174.758796740869
4.4,176.0,3.8602179309029774,119.48673963461489,0.0,0.0,0.0,0.0,2.0,176.75906904757022
4.45,178.0,3.6890321473371035,119.26434855173447,0.0,0.0,0.0,0.0,2.0,178.76638182152826
4.5,180.0,3.68110491892918,122.54746724027912,0.0,0.0,0.0,0.0,2.0,180.76639753170411
4.55,182.0,3.574172370559167,119.41609465834875,0.0,0.0,0.0,0.0,2.0,182.76925413413497
4.6000000000000005,184.0,3.2164730695630674,114.68964790487306,0.0,0.0,0.0,0.0,2.0,184.80098954750284
4.65,186.0,3.287933977950394,120.69103588777753,0.0,0.0,0.0,0.0,2.0,186.80226580565102
4.7,188.0,3.205027616872416,119.20896709683942,0.0,0.0,0.0,0.0,2.0,188.8039834342658
4.75,190.0,3.221067359380579,119.42172628706011,0.0,0.0,0.0,0.0,2.0,190.80404775156654
4.800000000000001,192.0,3.042443304654735,120.90587265306702,0.0,0.0,0.0,0.0,2.0,192.8120085462353
4.8500000000000005,194.0,2.975479855175788,119.66787818329787,0.0,0.0,0.0,0.0,2.0,194.81312925812804
4.9,196.0,3.287555883402364,120.4298776601895,0.0,0.0,0.0,0.0,2.0,196.83733069261862
4.95,198.0,3.3132660834165804,115.95537013360853,0.0,0.0,0.0,0.0,2.0,198.8374959393882
5.0,200.0,3.423181352429114,118.11388638306548,0.0,0.0,0.0,0.0,2.0,200.8405140038005
5.050000000000001,202.0,3.169006991053906,122.80791747731858,0.0,0.0,0.0,0.0,2.0,202.85660046176318
5.1000000000000005,204.0,3.6468141825323985,119.96289839097672,0.0,0.0,0.0,0.0,2.0,204.91288344623504
5.15,206.0,4.015496934196506,116.65299075601955,0.0,0.0,0.0,0.0,2.0,206.9465813026962
5.2,208.0,4.288184032386846,117.85493633112868,0.0,0.0,0.0,0.0,2.0,208.9650852669032
5.25,210.0,4.453937227907821,118.01482764119362,0.0,0.0,0.0,0.0,2.0,210.9719420435132
5.300000000000001,212.0,4.4569658835597945,120.20469536509934,0.0,0.0,0.0,0.0,2.0,212.97194433670063
5.3500000000000005,214.0,4.545380686933141,119.13478143890397,0.0,0.0,0.0,0.0,2.0,214.97389767717976
5.4,216.0,4.754984635732131,118.68163539512705,0.0,0.0,0.0,0.0,2.0,216.9848511364503
5.45,218.0,4.62927068623699,120.0078746088628,0.0,0.0,0.0,0.0,2.0,218.9887982408165
5.5,220.0,4.540370937393154,120.95550819886705,0.0,0.0,0.0,0.0,2.0,220.9907730571777
5.550000000000001,222.0,4.206544465575047,119.48194271052222,0.0,0.0,0.0,0.0,2.0,223.01844169709068
5.6000000000000005,224.0,4.052180650023696,118.8505815847732,0.0,0.0,0.0,0.0,2.0,225.02438989870296
5.65,226.0,4.384440996145327,119.15700355932023,0.0,0.0,0.0,0.0,2.0,227.05180128705138
5.7,228.0,4.317591577915254,120.67964192837329,0.0,0.0,0.0,0.0,2.0,229.0529181863648
5.75,230.0,4.254022196613137,119.98523970011085,0.0,0.0,0.0,0.0,2.0,231.05392819789375
5.800000000000001,232.0,4.317575603100561,121.53459367741281,0.0,0.0,0.0,0.0,2.0,233.05493770198817
5.8500000000000005,234.0,3.9951301416656566,117.70041484501128,0.0,0.0,0.0,0.0,2.0,235.08076372502174
5.9,236.0,4.18420647968317,118.44932778808611,0.0,0.0,0.0,0.0,2.0,237.08968130959263
5.95,238.0,4.437487850757745,121.54628171177849,0.0,0.0,0.0,0.0,2.0,239.1056553800939
6.0,240.0,4.512947103849827,118.39634431330062,0.0,0.0,0.0,0.0,2.0,241.1070783985678
6.050000000000001,242.0,4.843217301145725,122.76803143786536,0.0,0.0,0.0,0.0,2.0,243.13416458401278
6.1000000000000005,244.0,4.577850947918546,122.81041061175638,0.0,0.0,0.0,0.0,2.0,245.1516926015196
6.15,246.0,4.946594107468916,122.7846515069838,0.0,0.0,0.0,0.0,2.0,247.18540141000602
6.2,248.0,4.800445826822985,118.23871836294046,0.0,0.0,0.0,0.0,2.0,249.19073413051296
6.25,250.0,4.544461880170359,120.15378989716915,0.0,0.0,0.0,0.0,2.0,251.20704952770257
6.300000000000001,252.0,4.496983487929025,119.01313503559335,0.0,0.0,0.0,0.0,2.0,253.2076129977604
6.3500000000000005,254.0,4.871384624023486,121.84632521668391,0.0,0.0,0.0,0.0,2.0,255.24235529365657
6.4,256.0,4.867496195843577,123.41320990735693,0.0,0.0,0.0,0.0,2.0,257.2423590736214
6.45,258.0,4.680977864531361,121.74717883127076,0.0,0.0,0.0,0.0,2.0,259.25103751675647
6.5,260.0,4.421989369635389,120.01828869148028,0.0,0.0,0.0,0.0,2.0,261.2677365623477
6.550000000000001,260.0,4.421989369635389,60.51949702904731,-0.05517924927147947,-0.09974807857788247,-0.8,-0.7737062970333515,3.299593794512235,261.2677365623477
6.6000000000000005,260.43744810559116,4.425235768809772,61.375094237385284,-0.018790561150203215,-0.04046841355675971,-0.7818181818181819,1.8925836087058652,3.200533231146963,261.70519671389627
6.65,260.8747998475034,4.4349742511967465,62.24069123513211,0.10888552477020716,0.12622105692037222,-0.7636363636363637,19.56912610986613,3.0398800643942634,262.14265686544485
6.7,261.31195888328546,4.451202671545303,63.115473352691296,0.09443900293714805,0.13972775395722925,-0.7454545454545456,17.074298296309166,3.4938265436079265,262.5801170169934
6.75,261.74882891293635,4.4739174549621685,63.998617275753055,0.05236004042984813,0.0915965330025752,-0.7272727272727273,13.421371800248519,2.8835177463904853,263.01757716854195
6.800000000000001,262.1853137001193,4.503113597699322,64.88929182016899,0.032340622182154714,0.09912743663648887,-0.7090909090909091,6.139793760079922,3.6345225442828544,263.4550373200905
6.8500000000000005,262.621317093361,4.5387846682562305,65.78665871423344,0.07108182674278955,0.14965591957070395,-0.6909090909090909,14.832287809326207,3.3915457489706,263.8924974716391
6.9,263.0567430472322,4.580922808796627,66.68987338763554,0.20301791229131388,0.2883617351828174,-0.6727272727272728,30.820480156596915,3.9426035173462113,264.3299576231876
6.95,263.4914956435058,4.629518736879479,67.59808576633915,0.16677404406806737,0.21533909745465452,-0.6545454545454545,25.04959415222118,4.930980712209131,264.76741777473615
7.0,263.92547911228576,4.684561747503784,68.51044107264286,0.21209792777902475,0.26458814890486065,-0.6363636363636364,33.417572694028046,3.2402122194145715,265.20487792628467
7.050000000000001,264.3585978531041,4.746039715466727,69.42608062966681,0.14510583777920313,0.2328573036116863,-0.6181818181818182,23.124316211682057,4.3928630453552024,265.64233807783324
7.1000000000000005,264.7907564559801,4.8139390980346946,70.34414266950931,0.18368137373687562,0.2697575878307564,-0.6000000000000001,29.615684436427564,2.4795970849675832,266.07979822938177
7.15,265.22185972243824,4.888244937926551,71.26376314431263,0.2347740831343479,0.3226428120938145,-0.5818181818181819,38.662209288592,2.928740108821972,266.51725838093034
7.2,265.65181268647854,4.968940866608504,72.18407653947465,0.2719272653539376,0.319986481790093,-0.5636363636363637,35.5312443519109,3.3396394065264934,266.95471853247886
7.25,266.0805206354966,5.05600910789989,73.10421668824077,0.1792247887552575,0.24202100426778717,-0.5454545454545455,28.502644796556925,3.1372988301658933,267.3921786840274
7.300000000000001,266.50788913114746,5.149430481888987,74.02331758690993,0.34482644071079643,0.42392207461886133,-0.5272727272727273,43.28121126641363,4.373617122926009,267.82963883557596
7.3500000000000005,266.9338240301488,5.249184409158103,74.94051420988683,0.2671351730085878,0.3519267484765233,-0.5090909090909091,36.61546837750205,4.200701377513805,268.26709898712454
7.4,267.35823150501955,5.355248915316918,75.8549433238138,0.410537412813417,0.5108071960858025,-0.49090909090909096,49.540791461671965,4.4050109540712254,268.70455913867306
7.45,267.78101806474876,5.467600635843142,76.76574430001584,0.37511066534734505,0.4618975190685806,-0.47272727272727266,47.7215312779653,4.310753573824511,269.1420192902216
7.5,268.2020905753904,5.586214821229394,77.67205992449419,0.3553004309070824,0.45315995043659385,-0.45454545454545453,45.81889040058019,4.623362231775612,269.57947944177016
7.550000000000001,268.6213562805793,5.711065342435157,78.5730372047061,0.36724270232501066,0.49336309383116933,-0.43636363636363634,44.429043890780086,4.896701220303878,270.0169395933187
7.6000000000000005,269.0387228219642,5.842124696642658,79.46782817237161,0.3820025539245965,0.48747329780160836,-0.4181818181818182,50.18404294138349,3.7991503853499458,270.45439974486726
7.65,269.454098259553,5.979364013315333,80.35559068155159,0.4233474041627198,0.48978110589060364,-0.4,46.54114557959095,4.288397832055309,270.8918598964158
7.7,269.8673910919659,6.122753060557622,81.23548920124605,0.46059661025634524,0.5453775329513831,-0.38181818181818183,49.82457340392629,4.601337687397645,271.32932004796436
7.75,270.27851027659153,6.272260251774609,82.1066956017666,0.4838191749938736,0.5998197563789355,-0.3636363636363637,52.888433717975325,5.042117267417033,271.7667801995129
7.800000000000001,270.687365249643,6.427852652630129,82.96838993414322,0.4516219700950151,0.5525817039855969,-0.34545454545454546,51.00114132442154,4.271411540820055,272.20424035106146
7.8500000000000005,271.09386594610714,6.589495988301718,83.81976120183144,0.4386183871445426,0.5645874462471194,-0.32727272727272727,50.845249912422005,4.649151750944523,272.64170050261
7.9,271.4979228195851,6.757154651030892,84.66000812399399,0.534694054792589,0.5974571585348089,-0.3090909090909091,57.53141539957267,4.807363292868005,273.07916065415856
7.95,271.89944686201767,6.9307917079670265,85.4883398896382,0.6007464821925148,0.6819938388559802,-0.29090909090909095,57.84485054766559,4.693746464838176,273.5166208057071
8.0,272.2983496232931,7.110368909303153,86.30397690189967,0.6236530145943925,0.7258003553268954,-0.27272727272727276,59.092190125560904,4.813243491006743,273.95408095725566
8.05,272.6945432307309,7.295846696701845,87.10615151177153,0.6047386684148965,0.6896596504441419,-0.2545454545454546,57.292496350446,5.118351840151093,274.39154110880423
8.1,273.0879404084392,7.487184212009369,87.89410874058885,0.5881952434937266,0.718606251438853,-0.23636363636363633,58.39576244126638,5.090646181322955,274.8290012603528
8.15,273.4784544965403,7.6843393062561764,88.66710699058807,0.5893199596499291,0.6756217383232919,-0.21818181818181817,57.08196811941711,5.277103974680192,275.2664614119014
8.200000000000001,273.8659994702607,7.887268548941702,89.42441874287293,0.7135442944848936,0.7680848154490831,-0.2,61.56094328346356,4.777625086024751,275.70392156344997
8.25,274.2504899588812,8.095927237601519,90.16533124212977,0.7125857592067516,0.7685379758782128,-0.18181818181818185,62.82454063601161,5.130273163695245,276.1413817149985
8.3,274.6318412645428,8.310269407654644,90.88914716744782,0.6625632117695963,0.7217024486101102,-0.1636363636363637,61.897627366610344,5.050499320053534,276.57884186654707
8.35,275.00996938090435,8.530247842528915,91.5951852886133,0.625874935620207,0.6836268727661479,-0.14545454545454542,55.69403787480517,5.457812572360247,277.0163020180956
8.4,275.3847910116482,8.755814084062106,92.28278110725948,0.6871173148877336,0.7273179224125135,-0.12727272727272726,61.725202981765676,4.711746879953589,277.45376216964416
8.450000000000001,275.75622358882896,8.986918443176616,92.95128748226918,0.7098624119492448,0.7697473950715842,-0.10909090909090909,61.51784305322546,5.426568187792296,277.8912223211927
8.5,276.1241852910623,9.223510010825247,93.60007523884146,0.7863448465092815,0.8756816790389225,-0.09090909090909093,65.59168539297798,5.75342279088571,278.32868247274126
8.55,276.48859506154884,9.465536669205768,94.22853376064877,0.8565194914511766,0.9091126010945115,-0.07272727272727275,65.57982634521932,6.550536424623521,278.76614262428984
8.6,276.84937262592996,9.71294510324173,94.83607156452786,0.7884472439512048,0.8228776714759931,-0.05454545454545459,66.17888853881641,4.965088332274849,279.2036027758384
8.65,277.206438509971,9.965680812327022,95.42211685716283,0.821454277017752,0.8373328423617074,-0.036363636363636334,64.0784730905341,5.183381868026375,279.64106292738694
8.700000000000001,277.55971405706856,10.223688122331616,95.98611807323715,0.8188949021861913,0.8831681439073347,-0.018181818181818167,61.68241650557641,5.1808265906103435,280.0785230789355
8.75,277.9091214455771,10.486910197865768,96.52754439454752,0.8494249501846862,0.8825285898020162,0.0,67.36256831236504,4.812696183371848,280.51598323048404
8.8,278.2545837059523,10.755289054800066,97.0458862495914,0.9105030278064131,0.9397710053942193,0.0,65.91187389886305,6.701656483314017,280.9534433820326
8.85,278.59602473770605,11.028765573038523,97.54065579315795,0.8342159918397679,0.8778298884440878,0.0,63.04302447382008,5.012739049857702,281.3909035335812
8.9,278.9333693261705,11.3072795095419,98.01138736547078,0.9522965410142893,0.9616669050925806,0.0,68.06945499972178,5.476848010750319,281.8283636851297
8.950000000000001,279.26654315906694,11.590769511598413,98.45763793045064,0.912800571399416,0.911918292617799,0.0,66.8678357300096,6.393638131994477,282.2658238366783
9.0,279.5954728428753,11.87917313033886,98.87898749268555,0.9589400640942116,0.9756915343881316,0.0,69.41228749686525,5.0505210796952875,282.7032839882268
9.05,279.9200859190023,12.172426834493235,99.27503949271566,0.9623663184252844,0.9279920420685936,0.0,69.5838633013376,6.162151910849472,283.1407441397754
9.1,280.24031087974254,12.470466024385788,99.64542118026125,0.9092281156756379,0.9188734464476178,0.0,67.29311531199667,5.050108166671965,283.57820429132397
9.15,280.55607718403087,12.773225046165402,99.98978396504216,1.0435150187992404,1.0525562177242074,0.0,68.41020044806632,6.7810160214374156,284.0156644428725
9.200000000000001,280.8673152729818,13.080637206268241,100.3078037448588,1.0106544722285513,1.0170374199227856,0.0,69.58782810053773,4.966173416247928,284.45312459442107
9.25,281.1739565852118,13.392634786109387,100.59918121062582,0.8693943818520556,0.8804289981877832,0.0,66.50534575177761,4.764552286438018,284.8905847459696
9.3,281.475933571943,13.709149057000305,100.86364212807125,0.9504165930106132,0.9533634544490331,0.0,68.86107799339882,5.587629245867645,285.32804489751817
9.35,281.77317971188296,14.030110295288807,101.10093759583631,1.0238107554662321,1.0410314264921592,0.0,68.08119164317111,6.609005624562846,285.76550504906675
9.4,282.0656295258783,14.355447797718183,101.31084427973262,0.9337451002993138,0.9254446189282651,0.0,67.0673115840689,5.760854731466509,286.2029652006153
9.450000000000001,282.35321859133893,14.685089897002163,101.49316462293649,1.0442053150152684,1.0277104264409367,0.0,70.51334423534466,5.915273742879525,286.64042535216385
9.5,282.6358835564296,15.018963977612174,101.64772703192249,0.9970792067360129,1.0258323397721996,0.0,70.77943332427711,6.750519123048957,287.07788550371237
9.55,282.9135621540251,15.356996491773561,101.7743860379613,0.9752265483966713,0.9602273977676009,0.0,69.94440662344171,6.958301962519339,287.51534565526094
9.600000000000001,283.1861932154271,15.699112975667111,101.87302243402979,1.0163635027245583,0.9968496043663998,0.0,69.38353338270561,6.326677455306085,287.95280580680947
9.65,283.4537166838387,16.045238065832386,101.94354338700447,0.9219673515392098,0.8942945687736584,0.0,66.69065658168591,5.371456454770334,288.39026595835804
9.700000000000001,283.71607362759397,16.39529551576924,101.98588252503279,1.1339238746247622,1.0882203945245401,0.0,71.78982410715868,6.055589666568984,288.8277261099066
9.75,283.97320625313984,16.749208212733862,102.0,1.0212633673229672,0.9845453745401539,0.0,67.71102313608075,5.3094124337418,289.2651862614552
9.8,284.2250579177673,17.106898194725606,101.98588252503279,1.0481331801038138,1.039889471265017,0.0,68.59096604851595,6.170077124922077,289.7026464130037
9.850000000000001,284.4715731420889,17.46828666766095,101.94354338700447,1.0347678165125147,1.0294875232789436,0.0,71.85072870911404,5.273666076848667,290.1401065645523
9.9,284.7126976222602,17.833294022730726,101.87302243402979,1.0967257286901413,1.0651844960836896,0.0,71.21669950859444,6.471485315905818,290.5775667161009
9.950000000000001,284.9483782419418,18.201839853936807,101.7743860379613,0.9798479546846087,0.9735195563270689,0.0,68.0628371653892,6.923345691801183,291.01502686764945
10.0,285.1785630840006,18.57384297580442,101.64772703192249,0.9946308662794257,1.0026706709750832,0.0,70.10664218432706,6.366807802821774,291.45248701919803
10.05,285.40320144194607,18.9492214412662,101.49316462293649,1.0798022597095625,1.0171319700955075,0.0,72.27343378976613,5.816822050189056,291.8899471707466
10.100000000000001,285.6222438311004,19.327892559713934,101.31084427973262,1.036177575359839,1.0289047219604652,0.0,68.94365458290619,6.350182872197291,292.3274073222952
10.15,285.835641999499,19.709772915214167,101.10093759583631,1.037405783601329,1.0385029973236766,0.0,68.99083200091395,6.925775714553969,292.7648674738437
10.200000000000001,286.0433489385201,20.09477838488357,100.86364212807125,0.916210873537576,0.9518330435097625,0.0,66.47060669764886,6.640746448159856,293.2023276253923
10.25,286.24531889323987,20.482824157419998,100.59918121062582,0.9594611715814341,0.9368198810293228,0.0,69.63371532237012,5.308580697306283,293.63978777694086
10.3,286.4415073725114,20.873824751785264,100.3078037448588,1.015198779700467,1.0317816341078485,0.0,70.69984581818939,6.3504930971147076,294.0772479284894
10.350000000000001,286.631871158766,21.267694036035387,99.98978396504216,0.8555715942352162,0.855086538983602,0.0,68.01130394336754,5.486208871915707,294.51470808003796
10.4,286.81636831753286,21.664345246294275,99.64542118026125,1.0437570818339317,1.0280297946201702,0.0,71.25448663102368,6.487386007817354,294.95216823158654
10.450000000000001,286.99495820667704,22.06369100586656,99.27503949271566,0.9002662460614175,0.9264278530792054,0.0,64.5062175443482,5.971090536146001,295.3896283831351
10.5,287.16760148535207,22.46564334448548,98.87898749268555,0.9238978979484777,0.9327646573852241,0.0,67.88389031765999,4.613433267413448,295.8270885346837
10.55,287.33426012266636,22.87011371769148,98.45763793045064,0.9065147928545739,0.889762402455279,0.0,65.50335623418744,5.495280664217418,296.2645486862322
10.600000000000001,287.494897406061,23.27701302633735,98.01138736547078,0.8445328706571833,0.91179998142674,0.0,64.89738000810196,5.834679125728365,296.7020088377808
10.65,287.64947794939656,23.686251636215452,97.54065579315795,0.9275407959559201,0.9675462044224892,0.0,67.79474756849784,5.185456129688045,297.1394689893293
10.700000000000001,287.79796770074864,24.09773939780294,97.0458862495914,0.8861511480455093,0.9317674562687172,0.0,67.89407631975428,6.085813373739144,297.5769291408779
10.75,287.94033394990885,24.511385666120376,96.52754439454752,0.8713377457364235,0.9065555885383754,0.013333333333333334,64.96633383585483,4.957659144751611,298.0143892924265
10.8,288.07654533559025,24.927099320699625,95.98611807323715,0.838472196508056,0.8745306414152987,0.02666666666666667,62.03143883799374,5.224372400537369,298.45184944397505
10.850000000000001,288.2065718523361,25.34478878565634,95.42211685716283,0.7282659620312908,0.785448111376668,0.04,62.76692053360867,6.027000293980071,298.8893095955236
10.9,288.3303848571294,25.764362049862882,94.83607156452786,0.7481111504631032,0.8026467195738203,0.05333333333333334,67.05562195682468,4.966051264289327,299.32676974707215
10.950000000000001,288.44795707570273,26.185726687217077,94.22853376064877,0.7518474502726848,0.8143095504709871,0.06666666666666667,62.89520776755421,5.729912131013799,299.7642298986207
11.0,288.5592626085462,26.608789877002373,93.60007523884146,0.7796634906325591,0.8404686358730257,0.08,64.05775918686042,4.644619048664733,300.20169005016925
11.05,288.6642769366129,27.033458424334974,92.95128748226918,0.7541933487382342,0.8066901647065889,0.09333333333333334,65.9408748530057,6.460727822502337,300.6391502017178
11.100000000000001,288.7629769267201,27.459638780693325,92.28278110725948,0.7910995469318451,0.8375216429445296,0.10666666666666667,65.18435963705977,5.36028810958996,301.0766103532664
11.15,288.855340836645,27.887237064525557,91.5951852886133,0.7508379711572111,0.7966918227491153,0.12,63.495342453883126,5.437735871721205,301.5140705048149
11.200000000000001,288.9413483199143,28.3161590819303,90.88914716744782,0.7037632869313666,0.7599263754034132,0.13333333333333333,62.39156590277925,5.369297524484723,301.95153065636345
11.25,289.0209804302866,28.74631034740623,90.16533124212977,0.753198939740468,0.8547391902333192,0.14666666666666667,63.614145298488246,5.868001002865637,302.388990807912
11.3,289.0942196259253,29.177596104665938,89.42441874287293,0.6657511183792318,0.7445584172039633,0.16,58.74701639520048,4.474085260118802,302.8264509594606
11.350000000000001,289.1610497732634,29.609921347509378,88.66710699058807,0.6553081815803474,0.6855096711061289,0.1733333333333333,58.07668277288644,5.053860777900055,303.2639111110091
11.4,289.2214561505574,30.043190840752445,87.89410874058885,0.7080962412164273,0.7825388950614136,0.18666666666666668,64.69724683617208,5.018232272293562,303.7013712625577
11.450000000000001,289.27542545112993,30.4773091412059,87.10615151177153,0.6284406846287317,0.7315795322676885,0.19999999999999998,59.37920135137678,4.34995998376393,304.1388314141063
11.5,289.3229457863015,30.91218061870019,86.30397690189967,0.6737227025220965,0.7439772324659674,0.21333333333333335,60.88205250741357,5.725492797462257,304.57629156565486
11.55,289.3640066880091,31.347709477151426,85.4883398896382,0.5298292096980518,0.62884668738217,0.22666666666666666,54.79715768394383,4.710453570346715,305.0137517172034
11.600000000000001,289.39859911111233,31.783799775663937,84.66000812399399,0.5488142444905807,0.6640470469046821,0.24,56.98211151660766,5.113401353520307,305.45121186875195
11.65,289.4267154353858,32.220355449664666,83.81976120183144,0.46633962586427213,0.5230568315388154,0.2533333333333333,55.49987968910058,4.6590932039804756,305.88867202030053
11.700000000000001,289.44834946719783,32.65728033206488,82.96838993414322,0.4840696745338552,0.6150085119635539,0.26666666666666666,53.43298120175062,4.677599399702605,306.3261321718491
11.75,289.46349644087485,33.094478174444404,82.1066956017666,0.41140971195932535,0.547684035106897,0.27999999999999997,47.57330077462323,5.630565782136081,306.7635923233977
11.8,289.47215301975103,33.53185266825382,81.23548920124605,0.398394227335246,0.46724472211120055,0.29333333333333333,47.421924527125256,4.378101840019097,307.20105247494627
11.850000000000001,289.4743172969036,33.96930746602987,80.35559068155159,0.4551517231402904,0.5657327643941206,0.30666666666666664,52.67406607654506,3.9182221343440284,307.6385126264948
11.9,289.46998879557265,34.40674620261948,79.46782817237161,0.32231919548452853,0.40239162597998335,0.32,41.29601942986611,4.006984197848292,308.07597277804336
11.950000000000001,289.4591684692663,34.8440725164076,78.5730372047061,0.2880186964560369,0.3757614109727869,0.3333333333333333,40.631723656558606,4.377153042974416,308.51343292959194
12.0,289.44185870155053,35.28119007054437,77.67205992449419,0.35852966066373215,0.467735152594872,0.3466666666666666,41.4133948607109,4.669503012469891,308.9508930811405
12.05,289.41806330552436,35.71800257416673,76.76574430001584,0.340983610149855,0.45612246894662145,0.36,43.260345189461695,3.8244769392089832,309.38835323268904
12.100000000000001,289.38778752297947,36.15441380361,75.8549433238138,0.33168522513883203,0.45376750500565044,0.37333333333333335,43.84084850186019,4.826043768689336,309.8258133842376
12.15,289.351038023246,36.59032762360452,74.94051420988683,0.3069482725547861,0.41978158319156317,0.38666666666666666,42.842598645286074,3.377911285139169,310.26327353578614
12.200000000000001,289.307822901723,37.02564800845301,74.02331758690993,0.3127908062962796,0.43372796780646977,0.39999999999999997,40.18384162442945,4.873251504727619,310.7007336873347
12.25,289.2581516780953,37.460279063183584,73.10421668824077,0.2553043693026807,0.37190200106034127,0.41333333333333333,34.18285533979527,3.4560320586123208,311.1381938388833
12.3,289.20203529423645,37.89412504467413,72.18407653947465,0.21074992699941872,0.30706676820176826,0.4266666666666667,31.691460598009282,3.8080776951009665,311.5756539904319
12.350000000000001,289.1394861117983,38.32709038274312,71.26376314431263,0.15418969184931666,0.2866041214648671,0.43999999999999995,24.20724970880163,4.392096703407951,312.01311414198045
12.4,289.07051790948793,38.75907970120246,70.34414266950931,0.19138334287579087,0.25260169802553795,0.4533333333333333,29.824038727003927,3.8176079285201485,312.45057429352903
12.450000000000001,288.99514588003257,39.18999783886745,69.42608062966681,0.1867536042108416,0.25775405612442326,0.4666666666666667,29.538227268928,4.181611427230055,312.8880344450776
12.5,288.9133866268325,39.61974987051948,68.51044107264286,0.11081922464481346,0.16423394672853714,0.48,18.68013637606592,3.8020328200405777,313.32549459662613
12.55,288.8252581603039,40.04824112781676,67.59808576633915,0.14814665490240322,0.21213643194407628,0.4933333333333333,26.397386729908277,4.279543602534529,313.7629547481747
12.600000000000001,288.7307798939113,40.47537722014838,66.68987338763554,0.11660436230333682,0.16664121341872054,0.5066666666666666,21.14506408836801,4.031028565713018,314.2004148997233
12.65,288.62997263989087,40.901064055427256,65.78665871423344,0.09111559855842974,0.1605122323497322,0.52,19.769264284412763,3.2546645427809753,314.63787505127186
12.700000000000001,288.52285860466606,41.32520786081729,64.88929182016899,0.07782288438125784,0.1363468269477494,0.5333333333333333,13.645359682858544,3.725511297739981,315.0753352028204
12.75,288.40946138395566,41.74771520339023,63.998617275753055,-0.005174825142480431,-0.024596089736225846,0.5466666666666666,3.4500038130064685,2.3105123383598043,315.51279535436896
12.8,288.2898059575761,42.1684930107076,63.115473352691296,0.02213789924151703,0.028499872666434334,0.5599999999999999,9.605025130313862,3.0565471643304103,315.95025550591754
12.850000000000001,288.16391868393873,42.58744859132327,62.24069123513211,0.06802590789761484,0.043636241122975185,0.5733333333333334,13.914368090300192,3.5401510906881954,316.38771565746606
12.9,288.0318272942432,43.00448965520212,61.375094237385284,0.04575174796955718,0.02176698060802864,0.5866666666666667,11.853083980593537,3.132224768947086,316.82517580901464
12.950000000000001,0.0,0.0,120.71505248767444,0.0,0.0,0.0,0.0,2.0,608.0496934323857
13.0,2.0,0.4033775088373832,118.82546116446764,0.0,0.0,0.0,0.0,2.0,610.0899663098792
13.05,4.0,0.48526019241120927,119.61444042552279,0.0,0.0,0.0,0.0,2.0,612.0916418015285
13.100000000000001,6.0,0.6128548464413639,119.69192656806653,0.0,0.0,0.0,0.0,2.0,614.0957077674431
13.15,8.0,0.8331861892406374,122.71371354843778,0.0,0.0,0.0,0.0,2.0,616.1078076408638
13.200000000000001,10.0,0.8459097412306713,119.2811254519502,0.0,0.0,0.0,0.0,2.0,618.1078481126482
13.25,12.0,0.7183391218847831,122.7132667643669,0.0,0.0,0.0,0.0,2.0,620.1119125484686
13.3,14.0,0.6235100056600917,114.57501901630405,0.0,0.0,0.0,0.0,2.0,622.1141594266742
13.350000000000001,16.0,0.5306086205595941,122.69571156265808,0.0,0.0,0.0,0.0,2.0,624.116315930885
13.4,18.0,0.34054242692025044,122.59481222972525,0.0,0.0,0.0,0.0,2.0,626.1253269208909
13.450000000000001,20.0,0.40410346076062725,121.80450934677839,0.0,0.0,0.0,0.0,2.0,628.1263366672497
13.5,22.0,0.2782001511508104,115.97616399359245,0.0,0.0,0.0,0.0,2.0,630.1302956596871
13.55,24.0,0.3171707153911798,122.03777399044496,0.0,0.0,0.0,0.0,2.0,632.1306752998747
13.600000000000001,26.0,0.28543582664905254,119.8997616486495,0.0,0.0,0.0,0.0,2.0,634.1309270598198
13.65,28.0,0.27711152799054956,114.94132512015068,0.0,0.0,0.0,0.0,2.0,636.1309443832318
13.700000000000001,30.0,0.3883228575563208,122.5963554156694,0.0,0.0,0.0,0.0,2.0,638.1340339867753
13.75,32.0,0.2799430326786112,122.88834615709794,0.0,0.0,0.0,0.0,2.0,640.1369683807185
13.8,34.0,0.4077212418659658,116.19097585626966,0.0,0.0,0.0,0.0,2.0,642.1410460415748
13.850000000000001,36.0,0.7211828151937563,120.35084215060023,0.0,0.0,0.0,0.0,2.0,644.1654615517784
13.9,38.0,0.789804631784108,122.77718224288836,0.0,0.0,0.0,0.0,2.0,646.1666384439377
13.950000000000001,40.0,0.6333854947296143,122.46032262691429,0.0,0.0,0.0,0.0,2.0,648.1727458554282
14.0,42.0,0.510381892461655,121.67212210231905,0.0,0.0,0.0,0.0,2.0,650.1765247569467
14.05,44.0,0.4607293123046319,114.70549424020498,0.0,0.0,0.0,0.0,2.0,652.1771410066848
14.100000000000001,46.0,0.3417512528907187,121.45908553327163,0.0,0.0,0.0,0.0,2.0,654.180676825836
14.15,48.0,0.14351519096870877,119.56379220325212,0.0,0.0,0.0,0.0,2.0,656.1904771980736
14.200000000000001,50.0,0.17439664636104713,121.99171505743699,0.0,0.0,0.0,0.0,2.0,658.1907155999365
14.25,52.0,0.13015718001588733,120.51232291686765,0.0,0.0,0.0,0.0,2.0,660.1912048226974
14.3,54.0,0.16810135672749896,119.96023677942227,0.0,0.0,0.0,0.0,2.0,662.1915647304505
14.350000000000001,56.0,0.40537883917055656,121.28180769881847,0.0,0.0,0.0,0.0,2.0,664.2055906994178
14.4,58.0,0.3581082723856847,119.65617325785648,0.0,0.0,0.0,0.0,2.0,666.2061492480448
14.450000000000001,60.0,0.12102427144962247,119.95144544021612,0.0,0.0,0.0,0.0,2.0,668.2201524316321
14.5,62.0,0.041245772998912245,118.88955200174247,0.0,0.0,0.0,0.0,2.0,670.2217429513976
14.55,64.0,0.19533081642224076,116.78918201763088,0.0,0.0,0.0,0.0,2.0,672.227669719903
14.600000000000001,66.0,0.3306848705656318,121.13570694754254,0.0,0.0,0.0,0.0,2.0,674.2322446673602
14.65,68.0,0.43441280008834515,118.38793936065886,0.0,0.0,0.0,0.0,2.0,676.2349327317784
14.700000000000001,70.0,0.30947145545592447,119.59841626791854,0.0,0.0,0.0,0.0,2.0,678.2388315165473
14.75,72.0,0.45985197906246417,120.57394791690787,0.0,0.0,0.0,0.0,2.0,680.2444771237971
14.8,74.0,0.6552317946698774,115.82956471286913,0.0,0.0,0.0,0.0,2.0,682.2539977811547
14.850000000000001,76.0,0.5161474686918821,116.27730219264636,0.0,0.0,0.0,0.0,2.0,684.2588280606877
14.9,78.0,0.5078334491833771,119.4005228467816,0.0,0.0,0.0,0.0,2.0,686.2588453413432
14.950000000000001,80.0,0.9119138419197996,120.90912696459931,0.0,0.0,0.0,0.0,2.0,688.2992573006774
15.0,82.0,0.7639389866271221,121.48807654129833,0.0,0.0,0.0,0.0,2.0,690.3047239690114
15.05,84.0,0.4229216527783771,116.81737100824819,0.0,0.0,0.0,0.0,2.0,692.3335888787542
15.100000000000001,86.0,0.6995025396713368,121.27326296882563,0.0,0.0,0.0,0.0,2.0,694.3526225552922
15.15,88.0,0.9268234940122488,119.50986076336733,0.0,0.0,0.0,0.0,2.0,696.3654998034826
15.200000000000001,90.0,0.8354300292967638,118.23368550980705,0.0,0.0,0.0,0.0,2.0,698.3675869058318
15.25,92.0,0.8128316729231465,118.70289628788126,0.0,0.0,0.0,0.0,2.0,700.3677145731848
15.3,94.0,0.5678446628853561,121.60371466408033,0.0,0.0,0.0,0.0,2.0,702.3826633653597
15.350000000000001,96.0,0.5856351174072965,120.54801157017114,0.0,0.0,0.0,0.0,2.0,704.3827424888626
15.4,98.0,0.8188178604815766,120.10061304551064,0.0,0.0,0.0,0.0,2.0,706.3962901519855
15.450000000000001,100.0,0.710296892129921,120.4869914776158,0.0,0.0,0.0,0.0,2.0,708.3992321882341
15.5,102.0,0.8857172878871795,121.85619555323238,0.0,0.0,0.0,0.0,2.0,710.4069105278213
15.55,104.0,0.978462059365266,119.80580086519335,0.0,0.0,0.0,0.0,2.0,712.4090597711687
15.600000000000001,106.0,1.094025437541494,120.10863777290848,0.0,0.0,0.0,0.0,2.0,714.4123957126362
15.65,108.0,0.9971636014242202,122.2763414802756,0.0,0.0,0.0,0.0,2.0,716.4147398926652
15.700000000000001,110.0,0.9262387648375213,119.33682675147368,0.0,0.0,0.0,0.0,2.0,718.4159970806461
15.75,112.0,0.556884277943241,121.23628119056136,0.0,0.0,0.0,0.0,2.0,720.4498168211809
15.8,114.0,0.4435503954412199,118.99259103865371,0.0,0.0,0.0,0.0,2.0,722.4530253896837
15.850000000000001,116.0,0.6762474870474717,119.16826531717643,0.0,0.0,0.0,0.0,2.0,724.466516868792
15.9,118.0,0.490381048227017,119.79190048640072,0.0,0.0,0.0,0.0,2.0,726.4751348845133
15.950000000000001,120.0,0.3343207174556361,121.03054570597354,0.0,0.0,0.0,0.0,2.0,728.4812143512445
16.0,122.0,0.4623586821970609,122.38836392510214,0.0,0.0,0.0,0.0,2.0,730.4853085906492
16.05,124.0,0.5429123405956796,120.19309052707754,0.0,0.0,0.0,0.0,2.0,732.4869301562508
16.1,126.0,0.6808849905549397,117.00032617735292,0.0,0.0,0.0,0.0,2.0,734.4916836204295
16.150000000000002,128.0,0.4482408825368589,121.26289258706788,0.0,0.0,0.0,0.0,2.0,736.5051689769682
16.2,130.0,0.9610524723969281,124.90768434829141,0.0,0.0,0.0,0.0,2.0,738.5698664673272
16.25,132.0,0.717901797563478,120.2173376621347,0.0,0.0,0.0,0.0,2.0,740.584592813676
16.3,134.0,0.7487512603102917,116.58246472164085,0.0,0.0,0.0,0.0,2.0,742.5848307218638
16.35,136.0,0.7170201611365744,120.3393057789417,0.0,0.0,0.0,0.0,2.0,744.5850824216893
16.400000000000002,138.0,0.4796918576635649,119.99397479363232,0.0,0.0,0.0,0.0,2.0,746.5991143786426
16.45,140.0,0.40564997310091494,119.82578231327523,0.0,0.0,0.0,0.0,2.0,748.6004844595296
16.5,142.0,0.41031149327808886,121.89081979995427,0.0,0.0,0.0,0.0,2.0,750.6004898919648
16.55,144.0,0.2803168509053948,122.75654957267145,0.0,0.0,0.0,0.0,2.0,752.6047100912058
16.6,146.0,0.46776157521236467,121.36717149040217,0.0,0.0,0.0,0.0,2.0,754.6134747674859
16.650000000000002,148.0,0.43543642611987043,119.73388383065786,0.0,0.0,0.0,0.0,2.0,756.6137359792439
16.7,150.0,0.16718149191621312,122.25135756873927,0.0,0.0,0.0,0.0,2.0,758.6316459647795
16.75,152.0,-0.11804361461764629,117.01234071757152,0.0,0.0,0.0,0.0,2.0,760.6518819315412
16.8,154.0,0.003189403504644958,118.56788775853201,0.0,0.0,0.0,0.0,2.0,762.6555529236662
16.85,156.0,-0.2941647530354223,118.79074444279654,0.0,0.0,0.0,0.0,2.0,764.6775369726664
16.900000000000002,158.0,-0.23087953842560555,119.93809870413614,0.0,0.0,0.0,0.0,2.0,766.6785379767612
16.95,160.0,-0.1419485012922137,121.01346932497367,0.0,0.0,0.0,0.0,2.0,768.680514182755
17.0,162.0,-0.3410195740770171,119.59857410332543,0.0,0.0,0.0,0.0,2.0,770.6903970878069
17.05,164.0,-0.16287195732203902,118.18792841099545,0.0,0.0,0.0,0.0,2.0,772.6983155556127
17.1,166.0,-0.5064306820743655,121.94970056939226,0.0,0.0,0.0,0.0,2.0,774.7276091759036
17.150000000000002,168.0,-0.4471388952746537,119.52908655559061,0.0,0.0,0.0,0.0,2.0,776.7284878618768
17.2,170.0,-0.45531048199385543,120.20425784174206,0.0,0.0,0.0,0.0,2.0,778.7285045555145
17.25,172.0,-0.4791100771400342,121.10213549095181,0.0,0.0,0.0,0.0,2.0,780.7286461556841
17.3,174.0,-0.7146894057361487,120.0777552158459,0.0,0.0,0.0,0.0,2.0,782.7424727669052
17.35,176.0,-0.9020938066161339,120.08654338948858,0.0,0.0,0.0,0.0,2.0,784.7512336808691
17.400000000000002,178.0,-0.5783334016120143,122.06094684087167,0.0,0.0,0.0,0.0,2.0,786.7772694159557
17.45,180.0,-0.3353023998376635,120.30273894914075,0.0,0.0,0.0,0.0,2.0,788.7919813228605
17.5,182.0,-0.1868854821329038,121.72559397158098,0.0,0.0,0.0,0.0,2.0,790.7974806575552
17.55,184.0,0.0010841385730337716,121.08933488863678,0.0,0.0,0.0,0.0,2.0,792.806294381699
17.6,184.0,0.0010841385730337716,60.51949702904731,-0.02285250881437072,0.016167810614310437,-0.8,1.891783111915564,3.257606738220199,792.806294381699
17.650000000000002,183.4919701679535,0.004854340355229545,61.375094237385284,-0.007464217476261285,-0.026921406113629854,-0.7818181818181819,-3.653367908302672,3.029856347326105,793.3143382033037
17.7,182.98405224774973,0.016164115179277988,62.24069123513211,-0.004218455165603791,0.02455774457463243,-0.7636363636363637,-9.95411839179535,2.7900770243175583,793.8223820249084
17.75,182.47635812657884,0.03501097166049755,63.115473352691296,-0.029234741250642616,-0.06907978225929112,-0.7454545454545456,-3.521109077669695,3.0125304080313544,794.3304258465131
17.8,181.96899964233123,0.06139075810087687,63.998617275753055,-0.06952464840645511,-0.15718785280651992,-0.7272727272727273,12.999383187202014,4.156284046631612,794.8384696681178
17.85,181.4620885589611,0.09529766340366282,64.88929182016899,-0.038908246195920745,-0.0893753127863594,-0.7090909090909091,1.8865885101551976,3.0761098494190082,795.3465134897225
17.900000000000002,180.9557365418666,0.1367242183534348,65.78665871423344,-0.09665042381813617,-0.19788753468972306,-0.6909090909090909,14.69313380565797,4.468283415090933,795.8545573113272
17.95,180.45005513329136,0.18566129726148312,66.68987338763554,-0.08792973022841692,-0.17554117569498937,-0.6727272727272728,17.744494561547366,3.9236320638555346,796.3626011329319
18.0,179.94515572775342,0.2420981199760617,67.59808576633915,-0.06962822193607732,-0.12582172873264164,-0.6545454545454545,11.32304570423046,3.60623385927204,796.8706449545366
18.05,179.44114954750648,0.3060222542571126,68.51044107264286,-0.07174853388388992,-0.16373526448955422,-0.6363636363636364,12.035039795094354,2.8944073383081648,797.3786887761413
18.1,178.93814761803927,0.3774196185149111,69.42608062966681,-0.1291496917870865,-0.28894532338865164,-0.6181818181818182,27.3994590102714,4.334455050865768,797.886732597746
18.150000000000002,178.43626074361816,0.45627448491203826,70.34414266950931,-0.16200076873926775,-0.2943389617378176,-0.6000000000000001,30.692489133789408,3.636131596339203,798.3947764193507
18.2,177.93559948287856,0.5425694828280132,71.26376314431263,-0.1480684797799852,-0.2953728809038436,-0.5818181818181819,26.99212969521417,3.288898763708681,798.9028202409554
18.25,177.43627412447034,0.6362856026857737,72.18407653947465,-0.1488243815682224,-0.2999801496864942,-0.5636363636363637,33.42610053642327,4.156362255599172,799.4108640625601
18.3,176.93839466276287,0.7374022001392548,73.10421668824077,-0.1752113784849167,-0.3474182522736493,-0.5454545454545455,33.25090618922162,3.348281726537678,799.9189078841648
18.35,176.44207077361477,0.8458970006210151,74.02331758690993,-0.20695645452748618,-0.4039098489976506,-0.5272727272727273,39.9756728552032,3.8306088159281613,800.4269517057695
18.400000000000002,175.9474117902138,0.9617461042490331,74.94051420988683,-0.24508836106046597,-0.456476096389454,-0.5090909090909091,47.12932354402284,4.364370333433906,800.9349955273742
18.45,175.45452667899244,1.0849239910915036,75.8549433238138,-0.25172311489492394,-0.4814255239770201,-0.49090909090909096,54.26871147705096,5.553487283988424,801.4430393489789
18.5,174.9635240156239,1.2154035267885241,76.76574430001584,-0.23109251540231837,-0.446153088468207,-0.47272727272727266,47.702971815249825,3.9950013875083776,801.9510831705836
18.55,174.4745119611047,1.3531559685294248,77.67205992449419,-0.23780715280121345,-0.4410147451363805,-0.45454545454545453,49.78056933750094,4.093935975758853,802.4591269921883
18.6,173.987598237928,1.4981509713843812,78.5730372047061,-0.2562122582299837,-0.4787091372169404,-0.43636363636363634,51.318530386963744,4.802299938861643,802.967170813793
18.650000000000002,173.50289010635416,1.6503565949890036,79.46782817237161,-0.2748440139640738,-0.519004210092538,-0.4181818181818182,52.6449440873178,3.9378647860895915,803.4752146353977
18.7,173.02049434078253,1.8097393105803272,80.35559068155159,-0.32966072412494485,-0.5400060913854763,-0.4,62.50349901339221,4.841421464666887,803.9832584570024
18.75,172.54051720623082,1.976264008382755,81.23548920124605,-0.3282062868429684,-0.6003969517441023,-0.38181818181818183,58.05755148196851,5.4041542590406015,804.4913022786071
18.8,172.0630644349261,2.149894005342212,82.1066956017666,-0.3753194622019906,-0.6613580191154349,-0.3636363636363637,64.32687249375478,4.830526614990754,804.9993461002118
18.85,171.58824120301378,2.330591053206953,82.96838993414322,-0.34401952830718574,-0.565545459937141,-0.34545454545454546,64.42519122448255,5.2097135205098555,805.5073899218165
18.900000000000002,171.1161521073886,2.518315346953072,83.81976120183144,-0.40153203718479874,-0.7034935499336565,-0.32727272727272727,66.44150791400094,5.256205611406872,806.0154337434212
18.95,170.6469011426534,2.7130255335530182,84.66000812399399,-0.40490969733503124,-0.6738435529185465,-0.3090909090909091,69.04082819498248,4.656189676853749,806.5234775650259
19.0,170.1805916782107,2.914678721085076,85.4883398896382,-0.3802834144916837,-0.6293521346543851,-0.29090909090909095,66.69850409194287,4.7891540610149015,807.0315213866306
19.05,169.71732643549169,3.1232304881818624,86.30397690189967,-0.4469736514469293,-0.7281010848970307,-0.27272727272727276,72.08787120972377,4.994424584700971,807.5395652082353
19.1,169.25720746532832,3.338634893815717,87.10615151177153,-0.45663544638924636,-0.7558413699179766,-0.2545454545454546,70.09511189370298,5.2237049808456915,808.04760902984
19.150000000000002,168.80033612547277,3.5608444874188723,87.89410874058885,-0.4210807650976509,-0.6665257725273744,-0.23636363636363633,69.67155917615597,5.075936267192037,808.5556528514447
19.200000000000003,168.34681305826987,3.7898103193361634,88.66710699058807,-0.4800158238224024,-0.7937175438108299,-0.21818181818181817,74.082466940344,5.675252598918418,809.0636966730494
19.25,167.89673816848702,4.02548195160792,89.42441874287293,-0.48895022688487494,-0.7780012240032651,-0.2,76.65574073487055,5.588337796803363,809.5717404946541
19.3,167.45021060130645,4.26780746908077,90.16533124212977,-0.5475022317511269,-0.8593790817539187,-0.18181818181818185,80.39468908850772,4.362280459630682,810.0797843162588
19.35,167.00732872048502,4.516733490843793,90.88914716744782,-0.4577250277403434,-0.7360069174065095,-0.1636363636363637,74.72335368401224,5.159366657833515,810.5878281378635
19.400000000000002,166.56819008668606,4.772205181987612,91.5951852886133,-0.48877177878557365,-0.7553391161759372,-0.14545454545454542,75.00996147153457,4.51130639182443,811.0958719594682
19.450000000000003,166.13289143598814,5.03416626568373,92.28278110725948,-0.43052202397230344,-0.6870133211394392,-0.12727272727272726,72.74949164713206,4.923176337184655,811.6039157810729
19.5,165.70152865857537,5.302559035581549,92.95128748226918,-0.5274825414658892,-0.831767227509043,-0.10909090909090909,75.90942454101331,5.433406888621669,812.1119596026776
19.55,165.27419677761424,5.577324368520251,93.60007523884146,-0.5666624949267058,-0.8363473759325196,-0.09090909090909093,77.74189958293881,5.997116306839913,812.6200034242823
19.6,164.85098992832133,5.858401737552804,94.22853376064877,-0.514339970340641,-0.8033199287257619,-0.07272727272727275,73.53626920619838,5.394902052627236,813.128047245887
19.650000000000002,164.43200133722664,6.14572922527921,94.83607156452786,-0.5786098151898468,-0.8407610286753041,-0.05454545454545459,80.9854306768393,5.651892095197542,813.6360910674917
19.700000000000003,164.01732330163705,6.439243537486021,95.42211685716283,-0.5127300106494157,-0.7921675594915164,-0.036363636363636334,76.51482101369307,5.773030868803264,814.1441348890964
19.75,163.60704716930456,6.738880017089191,95.98611807323715,-0.5964788355079875,-0.9300092387502956,-0.018181818181818167,84.45029634770673,6.403903846160537,814.6521787107012
19.8,163.20126331830366,7.0445726583771,96.52754439454752,-0.5671158551237698,-0.8574362906219394,0.0,80.05535921049561,5.510801910187363,815.1602225323059
19.85,162.80006113712233,7.3562541215506965,97.0458862495914,-0.7420765916173444,-1.047926751976563,0.0,89.69893901743038,6.190869976769893,815.6682663539106
19.900000000000002,162.40352900497095,7.67385574755751,97.54065579315795,-0.5963451461870535,-0.8952092280878917,0.0,84.49011468652644,5.690639335384802,816.1763101755153
19.950000000000003,162.01175427231365,7.997307573216272,98.01138736547078,-0.5697170062057204,-0.8762288136511152,0.0,80.12836966251953,5.357386958737807,816.68435399712
20.0,161.62482324162622,8.326538346628842,98.45763793045064,-0.6267750369819942,-0.9032638765745437,0.0,85.0008682221568,5.325234018002436,817.1923978187247
20.05,161.24282114838482,8.66147554287597,98.87898749268555,-0.5973948843786815,-0.8623947500075263,0.0,84.91240350242785,4.451241291809612,817.7004416403294
20.1,160.86583214228995,9.002045379993536,99.27503949271566,-0.6876987302417216,-0.965657659718168,0.0,84.68802192877413,5.358642511892339,818.2084854619341
20.150000000000002,160.4939392687293,9.348172835225695,99.64542118026125,-0.6432994576272821,-0.9285331956040805,0.0,85.23938054372542,4.89628417020734,818.7165292835388
20.200000000000003,160.1272244504841,9.699781661551304,99.98978396504216,-0.6916111242480879,-1.0135029752520959,0.0,85.93054682326104,6.668108167982914,819.2245731051435
20.25,159.76576846968263,10.0567944044801,100.3078037448588,-0.6573057421996439,-0.950038691036719,0.0,83.52801770344426,5.944324077258871,819.7326169267482
20.3,159.40965095000513,10.419132419114822,100.59918121062582,-0.6878487210627696,-1.0392533587788264,0.0,84.11244789443097,6.054790589863062,820.2406607483529
20.35,159.05895033914373,10.786715887475582,100.86364212807125,-0.7151676256425371,-1.0135749175043807,0.0,85.85800518634566,5.681982159472602,820.7487045699576
20.400000000000002,158.71374389152157,11.15946383608265,101.10093759583631,-0.7179495134750016,-0.9822151192391476,0.0,88.4018344758623,5.961534989334756,821.2567483915623
20.450000000000003,158.37410765127476,11.537294153793765,101.31084427973262,-0.752374719154622,-1.0642892717564822,0.0,86.3852714513769,5.768877876441779,821.764792213167
20.5,158.0401164355008,11.920123609892087,101.49316462293649,-0.7704208522355942,-1.0367911830166414,0.0,89.06327812527164,6.197382827360227,822.2728360347717
20.55,157.71184381777766,12.307867872420724,101.64772703192249,-0.8184630196856313,-1.1397901759318712,0.0,93.22883305247798,6.54223751925629,822.7808798563764
20.6,157.38936211195627,12.700441526759906,101.7743860379613,-0.6716636333808432,-0.9747119644232866,0.0,87.31320416140926,5.493444042091488,823.2889236779811
20.650000000000002,157.07274235623103,13.097758094442632,101.87302243402979,-0.7093588703650215,-1.0011212619516132,0.0,86.92364928347628,5.5631328034436365,823.7969674995858
20.700000000000003,156.76205429749098,13.499730052204624,101.94354338700447,-0.7662053143850787,-1.0772309067557189,0.0,93.29175136656382,6.712792397564716,824.3050113211905
20.75,156.45736637595547,13.906268851264523,101.98588252503279,-0.6330985656309743,-0.9225219281044487,0.0,88.41032798331821,5.741135807167696,824.8130551427952
20.8,156.15874571009792,14.317284936829902,102.0,-0.7648032836906896,-1.065847178161628,0.0,90.00080728696139,5.807031319852439,825.3210989643999
20.85,155.86625808186045,14.732687767824958,101.98588252503279,-0.7117016160099173,-1.0216639565802779,0.0,83.23425508127124,5.879738718896074,825.8291427860046
20.900000000000002,155.57996792216304,15.15238583683542,101.94354338700447,-0.6792433647287766,-0.95438491843281,0.0,88.48390209022457,5.357857711945126,826.3371866076093
20.950000000000003,155.2999382967103,15.576286690266372,101.87302243402979,-0.65725834757696,-0.9291384737511341,0.0,81.34293552170799,5.753823630922444,826.845230429214
21.0,155.02623089209905,16.004296948708458,101.7743860379613,-0.702077698706327,-0.9615602530156827,0.0,90.55420617740523,6.300494912879283,827.3532742508187
21.05,154.75890600222954,16.43632232750806,101.64772703192249,-0.6316453261794787,-0.8782385559824314,0.0,86.7635841199609,5.620880334150163,827.8613180724234
21.1,154.4980225150236,16.872267657536902,101.49316462293649,-0.7049381182569943,-0.9646995377802058,0.0,91.24700271393047,7.075915335178309,828.3693618940281
21.150000000000002,154.24363789945244,17.31203690615646,101.31084427973262,-0.7221436974076526,-1.0164054590560703,0.0,88.94924636679899,6.259896161192712,828.8774057156328
21.200000000000003,153.9958081928771,17.755533198372596,101.10093759583631,-0.6717884927050988,-0.956970248354789,0.0,85.73821485621995,5.985887968985473,829.3854495372375
21.25,153.75458798870406,18.202658838175783,100.86364212807125,-0.7534412231636475,-1.045117765110219,0.0,88.68555313348399,5.681202229847754,829.8934933588422
21.3,153.52003042435928,18.653315330062146,100.59918121062582,-0.7128482232133778,-1.0530286333308083,0.0,87.02645297375577,6.039819176571092,830.4015371804469
21.35,153.29218716958255,19.107403400730643,100.3078037448588,-0.7176113227093236,-1.0275582899267286,0.0,90.18513491986864,5.69316794826334,830.9095810020516
21.400000000000002,153.0711084150456,19.56482302095158,99.98978396504216,-0.6770522710396885,-0.9684723812454272,0.0,88.05306311324551,4.82259452953422,831.4176248236563
21.450000000000003,152.85684286129555,20.02547342760166,99.64542118026125,-0.5704624639996253,-0.8332942169687132,0.0,81.74289557961558,5.987013761970543,831.925668645261
21.5,152.64943770802714,20.48925314586066,99.27503949271566,-0.6414569042089963,-0.9063591905813905,0.0,83.69836781754638,5.463352293969056,832.4337124668657
21.55,152.44893864368507,20.956060011564926,98.87898749268555,-0.6385693792995351,-0.9258908724960195,0.0,90.10063507546306,5.397472580321406,832.9417562884704
21.6,152.2553898353996,21.425791193712712,98.45763793045064,-0.6159742685210176,-0.8791861500360462,0.0,85.67551662430604,5.742843467087371,833.4498001100751
21.650000000000002,152.06883391925706,21.89834321711639,98.01138736547078,-0.6006136529364808,-0.9072344819292021,0.0,80.00908640784934,5.977953221898364,833.9578439316798
21.700000000000003,151.88931199090786,22.373611985196586,97.54065579315795,-0.6870173731289906,-0.9844926665581124,0.0,86.06804825784367,5.793090583221198,834.4658877532845
21.75,151.71686359651352,22.85149280291321,89.2822153496241,-0.5500013464175778,-0.8109354747197492,0.0,82.14529054622717,13.431505590354739,834.9739315748892
21.8,151.55152672403537,23.331880399828272,88.80534084298372,-0.6525048018677418,-0.9725058671543064,0.013333333333333334,84.04677161340594,14.29061130512012,835.4819753964939
21.85,151.39333779486623,23.814668953295524,88.30722862737818,-0.608808857389483,-0.9143233121964183,0.02666666666666667,84.22601507322281,13.562873139284282,835.9900192180986
21.900000000000002,151.24233165580722,24.299752111771664,87.78834750858981,-0.5900190854772897,-0.8711394504141569,0.04,84.42659908092001,13.764585222124138,836.4980630397033
21.950000000000003,151.0985415713918,24.78702301824412,87.24918583936564,-0.5497084770965535,-0.809172737462669,0.05333333333333334,73.70347746067024,12.597895903193432,837.006106861308
22.0,150.96199921655767,25.27637433377013,86.69025105979688,-0.5275493985869287,-0.7877720950279742,0.06666666666666667,78.73721630762098,12.742656785870047,837.5141506829127
22.05,150.83273466966952,25.76769826112202,86.11206921973414,-0.47501050894282765,-0.7362739274221467,0.08,75.18480371995092,13.511591671306643,838.0221945045174
22.1,150.710776405893,26.260886568533415,85.51518448368765,-0.5804795065539543,-0.8890458054963642,0.09333333333333334,81.25743632097834,13.020358096905444,838.5302383261221
22.150000000000002,150.59615129092222,26.755830613541153,84.90015861867873,-0.5477719572623638,-0.8652270056303084,0.10666666666666667,80.78368310892874,13.712749790447573,839.0382821477268
22.200000000000003,150.48888457506143,27.252421366917737,84.26757046552423,-0.44386708247576795,-0.702696221933573,0.12,74.14447355610552,13.034589274702181,839.5463259693315
22.25,150.38899988766283,27.75054943668893,83.618015394052,-0.49605148127448506,-0.7295774467611746,0.13333333333333333,77.12141663735983,13.00649870902341,840.0543697909362
22.3,150.29651923192137,28.25010509223125,82.95210474275939,-0.4778608809650467,-0.7626083638165544,0.14666666666666667,74.80267592353385,12.8735937069658,840.5624136125409
22.35,150.21146298002776,28.75097828844412,82.2704652434431,-0.4124770534784357,-0.7092716260428565,0.16,71.34985804488713,13.582484887181257,841.0704574341456
22.400000000000002,150.1338498686806,29.253058689991224,81.57373843134103,-0.36078285264747084,-0.6111730433349567,0.1733333333333333,64.99567809386636,13.698464707264787,841.5785012557503
22.450000000000003,150.06369699495923,29.75623569560587,80.86258004134174,-0.39810265440124726,-0.6566519067092826,0.18666666666666668,68.30815747061031,13.120051801427945,842.086545077355
22.5,150.00101981255727,30.26039846245487,80.13765939082981,-0.48379138352531653,-0.7691106697480194,0.19999999999999998,73.40905485748996,13.468577367080467,842.5945888989597
22.55,149.9458321283784,30.765435930555665,79.3996587497477,-0.3700930211089469,-0.6236739134330544,0.21333333333333335,62.8628092694137,12.529856425370415,843.1026327205644
22.6,149.89814609949502,31.27123684724129,78.64927269846714,-0.36438500880940494,-0.6262199173285351,0.22666666666666666,62.69880592904912,12.280611136073414,843.6106765421691
22.650000000000002,149.85797223047012,31.77768979166778,77.88720747407447,-0.3342182782206541,-0.557972719378858,0.24,62.371800562653426,12.654048705733487,844.1187203637738
22.700000000000003,149.82531937104324,32.28468319935858,77.11418030568493,-0.36232837890572356,-0.6250874537566209,0.2533333333333333,64.91577257697026,12.388387537290825,844.6267641853785
22.75,149.80019471418115,32.792105386780705,76.33091873941176,-0.3166257612293439,-0.5815657813690747,0.26666666666666666,56.74325122783095,11.858392279949314,845.1348080069832
22.8,149.7826037944931,33.29984457594697,75.53815995362528,-0.30999041776430314,-0.5184692459417533,0.27999999999999997,60.02334261883863,12.95713064400805,845.6428518285879
22.85,149.7725504870119,33.807788919039176,74.73665006514638,-0.2819472363195306,-0.4697648500967259,0.29333333333333333,57.54847795523408,12.835377944416095,846.1508956501926
22.900000000000002,149.7700370063401,34.315826523046596,73.92714342702746,-0.3189814365604279,-0.5843299128937656,0.30666666666666664,58.76528897013962,12.32357035220475,846.6589394717973
22.950000000000003,149.7750639061622,34.823845474414426,73.11040191858189,-0.2231250783725673,-0.41262102189773014,0.32,41.93827869658629,12.359845226332812,847.166983293402
23.0,149.78763007912272,35.33173386369676,72.28719422832961,-0.2587249925377194,-0.4965875216054756,0.3333333333333333,49.95307391687613,12.99073869871231,847.6750271150067
23.05,149.80773275707014,35.83937981020873,71.45829513053467,-0.1779248703931196,-0.34191736741902823,0.3466666666666666,38.28283461377534,12.128265445788024,848.1830709366114
23.1,149.83536751166656,36.34667148667217,70.62448475601458,-0.25670103664794697,-0.46291567758090113,0.36,52.083695009005936,11.792169709693336,848.6911147582161
23.150000000000002,149.87052825536335,36.85349714384964,69.7865478579087,-0.2348868897087937,-0.45375625836799294,0.37333333333333335,45.5992805780069,12.24482206848543,849.1991585798208
23.200000000000003,149.9132072427421,37.35974513516122,68.94527307309589,-0.24545450301807265,-0.4374226179470856,0.38666666666666666,52.150152119359994,12.975672563862252,849.7072024014255
23.25,149.9633950722208,37.86530394127867,68.10145217995714,-0.18581221909260948,-0.35183461310649494,0.39999999999999997,40.85728813390656,12.17901716112204,850.2152462230302
23.3,150.02108068812493,38.37006219469158,67.25587935318151,-0.20588636264928117,-0.41609003367040515,0.41333333333333333,40.727219603522265,12.517836152602618,850.723290044635
23.35,150.08625138312283,38.87390870424005,66.40935041631667,-0.22185202066212484,-0.42907132514869484,0.4266666666666667,43.65533908578584,12.458028585130641,851.2313338662397
23.400000000000002,150.15889280102488,39.37673247960859,65.56266209276762,-0.10223269259266043,-0.27420352045216423,0.43999999999999995,18.14700656360619,11.394854882367365,851.7393776878444
23.450000000000003,150.23898893994615,39.87842275577567,64.71661125594856,-0.1467183945642347,-0.24416250596840208,0.4533333333333333,28.880366947426936,11.422064908263884,852.247421509449
23.5,150.32652215583124,40.37886901741372,63.87199417929347,-0.12937387330429514,-0.25043904292051083,0.4666666666666667,27.727144796635315,11.920749707287403,852.7554653310538
23.55,150.421473166341,40.87796102323415,63.02960578683144,-0.10674984877275047,-0.1952172328621597,0.48,21.250583565663316,11.994087588596683,853.2635091526585
23.6,150.52382105510037,41.37558883027189,62.190238905032025,-0.08735865868728,-0.16389681221562258,0.4933333333333333,17.270294420846096,12.041642912105809,853.7715529742632
23.650000000000002,150.6335432763056,41.871642818104334,61.3546835166247,-0.07628370328564121,-0.14412496174822573,0.5066666666666666,14.032606834869553,11.00332211286058,854.2795967958679
23.700000000000003,150.75061565969122,42.36601371299915,60.523726017094766,-0.12564609236529378,-0.23251827485567406,0.52,28.336483891504475,11.914115091905618,854.7876406174726
23.75,150.87501241585397,42.85859261198576,59.698148474555474,-0.06259457070363025,-0.16100477495098794,0.5333333333333333,7.090509101252635,12.076536380712453,855.2956844390773
23.8,151.00670614193422,43.349271006845164,58.87872789369281,-0.04079710382130064,-0.07396983396665627,0.5466666666666666,4.143567682595915,10.728368616755958,855.803728260682
23.85,151.14566782765212,43.83794080801271,58.066235484475996,0.02402332327167598,0.049191687686446564,0.5599999999999999,-17.921968481208193,11.890948630959226,856.3117720822867
23.900000000000002,151.29186686169842,44.324494368388756,57.26143593632155,0.006179385745749377,0.02815555035290542,0.5733333333333334,-11.61556945234412,11.903937064730812,856.8198159038914
23.950000000000003,151.44527103847753,44.80882450705185,56.465086698394465,-0.03103016985035733,-0.04971268265300621,0.5866666666666667,0.6600784554748915,12.461681217769849,857.3278597254961
24.0,0.0,0.0,117.10028686903819,0.0,0.0,0.0,0.0,2.0,1015.262975749836
24.05,2.0,-0.15367298946281444,117.78738363754331,0.0,0.0,0.0,0.0,2.0,1017.2688709085345
24.1,4.0,-0.4428985959748469,119.09162088337696,0.0,0.0,0.0,0.0,2.0,1019.2896755629884
24.150000000000002,6.0,-0.42389984570358596,118.35931235093861,0.0,0.0,0.0,0.0,2.0,1021.2897657990807
24.200000000000003,8.0,-0.49599452654450515,118.365629066782,0.0,0.0,0.0,0.0,2.0,1023.2910647879891
24.25,10.0,-0.3937114263585144,115.81175874467245,0.0,0.0,0.0,0.0,2.0,1025.2936785382124
24.3,12.0,-0.3302170394122964,121.17811389481173,0.0,0.0,0.0,0.0,2.0,1027.294686168676
24.35,14.0,-0.3366007383409688,120.67744100573927,0.0,0.0,0.0,0.0,2.0,1029.294696356553
24.400000000000002,16.0,-0.34880942343496796,116.6023016003927,0.0,0.0,0.0,0.0,2.0,1031.2947336192037
24.450000000000003,18.0,-0.495981113299535,122.9143915199125,0.0,0.0,0.0,0.0,2.0,1033.3001411853352
24.5,20.0,-0.4793116991008864,123.36218462986098,0.0,0.0,0.0,0.0,2.0,1035.3002106514712
24.55,22.0,-0.30305474281433264,118.49818890043977,0.0,0.0,0.0,0.0,2.0,1037.307962258279
24.6,24.0,-0.4977440910942279,122.33309718195402,0.0,0.0,0.0,0.0,2.0,1039.3174159010223
24.650000000000002,26.0,-0.4988235663665348,118.8540043900181,0.0,0.0,0.0,0.0,2.0,1041.317416192339
24.700000000000003,28.0,-0.29114581521961247,120.36223302042212,0.0,0.0,0.0,0.0,2.0,1043.3281697944299
24.75,30.0,-0.19006099657627262,118.32847572995819,0.0,0.0,0.0,0.0,2.0,1045.3307227002379
24.8,32.0,0.07183358269386997,124.42850304692455,0.0,0.0,0.0,0.0,2.0,1047.3477970098882
24.85,34.0,-0.04179488327299695,119.4079655453402,0.0,0.0,0.0,0.0,2.0,1049.3510222663879
24.900000000000002,36.0,-0.4079485729519702,120.25289804564693,0.0,0.0,0.0,0.0,2.0,1051.3842631582809
24.950000000000003,38.0,-0.36781821216083277,118.62412522507235,0.0,0.0,0.0,0.0,2.0,1053.3846657292293
25.0,40.0,-0.29530404915553576,123.72263119447278,0.0,0.0,0.0,0.0,2.0,1055.3859798734445
25.05,42.0,-0.021619658261000707,123.77322929217883,0.0,0.0,0.0,0.0,2.0,1057.4046188074342
25.1,44.0,0.2160094886803961,123.26185836252589,0.0,0.0,0.0,0.0,2.0,1059.4186862371585
25.150000000000002,46.0,0.3233582132828884,121.91288069669524,0.0,0.0,0.0,0.0,2.0,1061.4215651023608
25.200000000000003,48.0,0.47643625611697515,118.7504209061319,0.0,0.0,0.0,0.0,2.0,1063.427414769509
25.25,50.0,0.43807196447564734,121.65570019192484,0.0,0.0,0.0,0.0,2.0,1065.4277826903858
25.3,52.0,0.194249042211804,119.98591440215053,0.0,0.0,0.0,0.0,2.0,1067.4425902785742
25.35,54.0,0.21779328568798603,122.62481724348527,0.0,0.0,0.0,0.0,2.0,1069.4427288566235
25.400000000000002,56.0,0.4143079784135415,122.23180410673072,0.0,0.0,0.0,0.0,2.0,1071.4523601721778
25.450000000000003,58.0,0.5455801523792512,118.70146884384815,0.0,0.0,0.0,0.0,2.0,1073.4566636381373
25.5,60.0,0.7123416202111241,121.89565160567443,0.0,0.0,0.0,0.0,2.0,1075.463603942968
25.55,62.0,0.6267904828017737,121.36406890008786,0.0,0.0,0.0,0.0,2.0,1077.4654328560152
25.6,64.0,0.573681115198089,114.4528742741731,0.0,0.0,0.0,0.0,2.0,1079.4661378829812
25.650000000000002,66.0,0.6703662128210096,121.60187327925892,0.0,0.0,0.0,0.0,2.0,1081.4684735212054
25.700000000000003,68.0,0.5610647339192587,119.13640842271958,0.0,0.0,0.0,0.0,2.0,1083.4714579977529
25.75,70.0,0.4579213199326583,118.22791509133665,0.0,0.0,0.0,0.0,2.0,1085.4741158726404
25.8,72.0,0.5175177672081486,118.31347879141252,0.0,0.0,0.0,0.0,2.0,1087.475003609753
25.85,74.0,0.6696987158395301,119.72951420873594,0.0,0.0,0.0,0.0,2.0,1089.4807850138761
25.900000000000002,76.0,0.6297929811736483,120.96011916017336,0.0,0.0,0.0,0.0,2.0,1091.4811830911744
25.950000000000003,78.0,0.39715508896292057,117.26907595561563,0.0,0.0,0.0,0.0,2.0,1093.4946677295295
26.0,80.0,0.24999430595435457,120.37969567242493,0.0,0.0,0.0,0.0,2.0,1095.5000744952645
26.05,82.0,0.29072872293297425,121.15351613238614,0.0,0.0,0.0,0.0,2.0,1097.5004892754355
26.1,84.0,0.3290329157061672,123.72361156733926,0.0,0.0,0.0,0.0,2.0,1099.5008560446015
26.150000000000002,86.0,0.3772805432372368,117.84661966154974,0.0,0.0,0.0,0.0,2.0,1101.5014379183478
26.200000000000003,88.0,0.48153960135638807,119.30077562644439,0.0,0.0,0.0,0.0,2.0,1103.504153562467
26.25,90.0,0.4827017130648781,120.52332594539295,0.0,0.0,0.0,0.0,2.0,1105.504153900093
26.3,92.0,0.5357129220329404,122.29481866038321,0.0,0.0,0.0,0.0,2.0,1107.5048563238122
26.35,94.0,0.526707557467167,119.39155223765637,0.0,0.0,0.0,0.0,2.0,1109.5048765978572
26.400000000000002,96.0,0.7564542540530548,122.3972827439821,0.0,0.0,0.0,0.0,2.0,1111.5180292360326
26.450000000000003,98.0,1.0429226602965551,116.12527536704708,0.0,0.0,0.0,0.0,2.0,1113.5384411118084
26.5,100.0,0.8051204038205482,117.49330361375623,0.0,0.0,0.0,0.0,2.0,1115.5525289731454
26.55,102.0,0.7540700154000974,120.69728868866844,0.0,0.0,0.0,0.0,2.0,1117.5531804025948
26.6,104.0,0.760614913708239,117.17835100382425,0.0,0.0,0.0,0.0,2.0,1119.5531911114895
26.650000000000002,106.0,0.7072319713053747,117.65105894646656,0.0,0.0,0.0,0.0,2.0,1121.5539034192789
26.700000000000003,108.0,1.0658164895715494,118.94444627150813,0.0,0.0,0.0,0.0,2.0,1123.585794867349
26.75,110.0,1.1106075451894963,121.54287798383164,0.0,0.0,0.0,0.0,2.0,1125.58629636414
26.8,112.0,0.9495331797794275,116.20807031738542,0.0,0.0,0.0,0.0,2.0,1127.5927721180908
26.85,114.0,1.0688216476915617,120.34059672432478,0.0,0.0,0.0,0.0,2.0,1129.5963263945148
26.900000000000002,116.0,1.1230165554608003,122.06592789430562,0.0,0.0,0.0,0.0,2.0,1131.5970605317825
26.950000000000003,118.0,1.1838551393714847,119.61010958314208,0.0,0.0,0.0,0.0,2.0,1133.5979856511442
27.0,120.0,1.5454303711313226,119.26233954081492,0.0,0.0,0.0,0.0,2.0,1135.6304070268
27.05,122.0,1.6155874062822846,120.80354256511714,0.0,0.0,0.0,0.0,2.0,1137.631637150894
27.1,124.0,1.5548551015074854,119.61577789455713,0.0,0.0,0.0,0.0,2.0,1139.632559041634
27.150000000000002,126.0,1.1637998162454652,122.7809995624815,0.0,0.0,0.0,0.0,2.0,1141.6704315195216
27.200000000000003,128.0,1.130720012616763,117.77717397573113,0.0,0.0,0.0,0.0,2.0,1143.6707050691662
27.25,130.0,1.3919139960822007,119.89671168966983,0.0,0.0,0.0,0.0,2.0,1145.6876885338972
27.3,132.0,1.3736801721709633,120.41137274992137,0.0,0.0,0.0,0.0,2.0,1147.6877716502538
27.35,134.0,0.9256701924670626,119.24309189630708,0.0,0.0,0.0,0.0,2.0,1149.7373357360814
27.400000000000002,136.0,0.8259977140285732,114.25743467408508,0.0,0.0,0.0,0.0,2.0,1151.7398178466028
27.450000000000003,138.0,1.0245354218111318,119.67819018390162,0.0,0.0,0.0,0.0,2.0,1153.7496479940062
27.5,140.0,1.1336988567235349,121.80035397382493,0.0,0.0,0.0,0.0,2.0,1155.7526249423313
27.55,142.0,0.9657226774213877,121.55621837225203,0.0,0.0,0.0,0.0,2.0,1157.7596665454907
27.6,144.0,0.8526657221415713,120.7095569643404,0.0,0.0,0.0,0.0,2.0,1159.7628594655903
27.650000000000002,146.0,0.770523990321088,117.80427528330155,0.0,0.0,0.0,0.0,2.0,1161.7645455708791
27.700000000000003,148.0,0.637981235948502,120.79061892491697,0.0,0.0,0.0,0.0,2.0,1163.7689326546872
27.75,150.0,0.23204646240058552,118.85312435691553,0.0,0.0,0.0,0.0,2.0,1165.8097126625214
27.8,152.0,0.3847646825245567,120.70696581189733,0.0,0.0,0.0,0.0,2.0,1167.815534901594
27.85,154.0,0.6361766738623753,120.24301002280343,0.0,0.0,0.0,0.0,2.0,1169.831274961569
27.900000000000002,156.0,0.33248688506942725,118.04724945743325,0.0,0.0,0.0,0.0,2.0,1171.854200439143
27.950000000000003,158.0,0.5812574715866902,118.21508832128619,0.0,0.0,0.0,0.0,2.0,1173.8696127554485
28.0,160.0,0.560652831307247,120.71004490884303,0.0,0.0,0.0,0.0,2.0,1175.8697188904328
28.05,162.0,0.8056793009408219,119.557773809423,0.0,0.0,0.0,0.0,2.0,1177.8846724806729
28.1,164.0,0.813269388198911,118.31943713868574,0.0,0.0,0.0,0.0,2.0,1179.8846868829771
28.150000000000002,166.0,0.8403783066306371,118.15433962054634,0.0,0.0,0.0,0.0,2.0,1181.884870597904
28.200000000000003,168.0,0.9148652360270796,119.39233830402758,0.0,0.0,0.0,0.0,2.0,1183.8862571929053
28.25,170.0,0.7568519710000239,123.13620958943642,0.0,0.0,0.0,0.0,2.0,1185.8924895303787
28.3,172.0,0.9957867998656282,118.94784393557609,0.0,0.0,0.0,0.0,2.0,1187.9067114278978
28.35,174.0,0.7715106722506713,119.97196092348483,0.0,0.0,0.0,0.0,2.0,1189.9192470875614
28.400000000000002,176.0,0.6910973233473372,120.20328857537902,0.0,0.0,0.0,0.0,2.0,1191.9208630114294
28.450000000000003,178.0,0.795950258875971,117.73794721701611,0.0,0.0,0.0,0.0,2.0,1193.9236096599323
28.5,180.0,0.6941112107788783,116.47433503231461,0.0,0.0,0.0,0.0,2.0,1195.9262007793866
28.55,182.0,0.8496174589418671,117.94671853052854,0.0,0.0,0.0,0.0,2.0,1197.9322372180432
28.6,184.0,1.1247906935786585,120.49415475561261,0.0,0.0,0.0,0.0,2.0,1199.9510785463947
28.650000000000002,186.0,1.3272998937894258,120.17466211583081,0.0,0.0,0.0,0.0,2.0,1201.9613048958813
28.700000000000003,188.0,0.9400768310537015,121.40481313830213,0.0,0.0,0.0,0.0,2.0,1203.9984454654823
28.75,190.0,0.965246224977573,120.19349978991823,0.0,0.0,0.0,0.0,2.0,1205.9986038338097
28.8,192.0,1.1709827471168515,119.7809014170616,0.0,0.0,0.0,0.0,2.0,1208.009157866046
28.85,194.0,0.9076329777524401,118.79197545014975,0.0,0.0,0.0,0.0,2.0,1210.0264216318992
28.900000000000002,196.0,1.052355095198215,121.76921357972539,0.0,0.0,0.0,0.0,2.0,1212.0316509183594
28.950000000000003,198.0,1.1858472515260774,118.16163972255856,0.0,0.0,0.0,0.0,2.0,1214.0361010064887
29.0,200.0,0.9434292731384244,117.77920096540795,0.0,0.0,0.0,0.0,2.0,1216.0507390574164
29.05,202.0,1.1102758062864566,121.13411103477621,0.0,0.0,0.0,0.0,2.0,1218.0576864323177
29.1,204.0,1.1648153649924435,117.33368537869269,0.0,0.0,0.0,0.0,2.0,1220.0584299349846
29.150000000000002,206.0,1.2948917227366972,124.82958199731726,0.0,0.0,0.0,0.0,2.0,1222.062655435981
29.200000000000003,208.0,1.1016292455836707,120.15998676111829,0.0,0.0,0.0,0.0,2.0,1224.0719713357528
29.25,210.0,1.1316564688579476,120.69581223264977,0.0,0.0,0.0,0.0,2.0,1226.0721967315862
29.3,212.0,0.7906807580314827,118.38316035095323,0.0,0.0,0.0,0.0,2.0,1228.101054645629
29.35,214.0,0.3352825165248725,119.3694703115169,0.0,0.0,0.0,0.0,2.0,1230.152246386634
29.400000000000002,216.0,0.3634482018304225,119.14648576623529,0.0,0.0,0.0,0.0,2.0,1232.1524447032589
29.450000000000003,218.0,0.5835677231826846,118.91633002466271,0.0,0.0,0.0,0.0,2.0,1234.1645213925729
29.5,220.0,0.6341550860357006,121.26592350301965,0.0,0.0,0.0,0.0,2.0,1236.165161060599
29.55,222.0,0.6214658732468714,119.10084792354944,0.0,0.0,0.0,0.0,2.0,1238.1652013142243
29.6,224.0,0.5839590492358967,122.03500245816836,0.0,0.0,0.0,0.0,2.0,1240.16555297377
29.650000000000002,226.0,0.39544597094728356,125.32636470023965,0.0,0.0,0.0,0.0,2.0,1242.174417623438
29.700000000000003,228.0,0.3510737901882223,119.4089175197069,0.0,0.0,0.0,0.0,2.0,1244.1749097854886
29.75,230.0,0.43541068384111126,120.30463102715325,0.0,0.0,0.0,0.0,2.0,1246.1766871736193
29.8,232.0,0.3483662372809856,120.75896411433102,0.0,0.0,0.0,0.0,2.0,1248.1785804614037
29.85,234.0,0.4984836080481409,123.62300962518704,0.0,0.0,0.0,0.0,2.0,1250.1842063549857
29.900000000000002,236.0,0.5376786148210615,119.83470442992362,0.0,0.0,0.0,0.0,2.0,1252.1845903802557
29.950000000000003,238.0,0.6010744983757428,118.34196616068327,0.0,0.0,0.0,0.0,2.0,1254.18559488751
30.0,240.0,0.7788070490859348,117.46731898874859,0.0,0.0,0.0,0.0,2.0,1256.1934765721671
30.05,242.0,0.6734559625549367,119.88403210513553,0.0,0.0,0.0,0.0,2.0,1258.1962493629333
30.1,244.0,0.805332079792327,119.10323956189224,0.0,0.0,0.0,0.0,2.0,1260.2005924748523
30.150000000000002,246.0,0.7280367363419322,124.0200185786,0.0,0.0,0.0,0.0,2.0,1262.2020855600563
30.200000000000003,248.0,0.7959396331057003,123.53972484135393,0.0,0.0,0.0,0.0,2.0,1264.203237928915
30.25,250.0,0.6667853629783865,117.9312543441528,0.0,0.0,0.0,0.0,2.0,1266.2074037966745
30.3,252.0,0.48464459836544005,118.57847979290165,0.0,0.0,0.0,0.0,2.0,1268.2156804853141
30.35,254.0,0.5030175474951388,120.14754021577377,0.0,0.0,0.0,0.0,2.0,1270.2157648748487
30.400000000000002,256.0,0.12597753709091536,122.79445284511752,0.0,0.0,0.0,0.0,2.0,1272.2509943875684
30.450000000000003,258.0,0.066724048389139,120.11402627274211,0.0,0.0,0.0,0.0,2.0,1274.251871939025
30.5,260.0,-0.25455135273269713,118.7055187240239,0.0,0.0,0.0,0.0,2.0,1276.2775120559672
30.55,262.0,-0.09870454586997554,119.88223638019456,0.0,0.0,0.0,0.0,2.0,1278.28357492318
30.6,264.0,0.11131757335180734,118.7430302722079,0.0,0.0,0.0,0.0,2.0,1280.2945720118307
30.650000000000002,266.0,-0.06147267093235387,121.20495441887897,0.0,0.0,0.0,0.0,2.0,1282.3020222524394
30.700000000000003,268.0,0.024189921562345396,118.5819325766706,0.0,0.0,0.0,0.0,2.0,1284.3038559317827
30.75,270.0,0.2040170642998438,118.97912789514606,0.0,0.0,0.0,0.0,2.0,1286.311924108231
30.8,272.0,0.38451090880020045,122.32386762691219,0.0,0.0,0.0,0.0,2.0,1288.3200520991477
30.85,272.0,0.38451090880020045,60.51949702904731,0.04442592205518506,0.03671523377807484,0.0,11.5006118227778,3.3786911178647965,1288.3200520991477
30.900000000000002,272.461162747173,0.38793329957648587,61.375094237385284,-0.028532306862580736,-0.00792533707310742,0.0,2.5922181994650115,3.049589199574926,1288.7812275453055
30.950000000000003,272.92222390666427,0.3981997180006864,62.24069123513211,0.0005490558627182854,0.05322379761025202,0.0,3.4772607260692197,3.056807597416769,1289.2424029914632
31.0,273.38308191317066,0.4153079025248937,63.115473352691296,0.05713964515561924,0.05020939326012862,0.0,13.451209655580854,2.8256198454451593,1289.703578437621
31.05,273.84363524614054,0.4392540844561304,63.998617275753055,0.07707666364724017,0.06132774164029241,0.0,16.43265741580485,2.8529178021870774,1290.1647538837788
31.1,274.3037824521376,0.47003298878656485,64.88929182016899,0.07135956384257948,0.12421384477269756,0.0,15.591852718498954,3.0737373410754127,1290.6259293299363
31.150000000000002,274.76342216718984,0.5076378353554953,65.78665871423344,0.1070411074259516,0.16410699326326547,0.0,17.70418944388298,3.661728280195165,1291.087104776094
31.200000000000003,275.2224531391181,0.5520603403429376,66.68987338763554,0.1298780990750981,0.22913732715805057,0.0,24.81536971366453,3.190321935273258,1291.5482802222518
31.25,275.6807742498409,0.6032907180944271,67.59808576633915,0.14094917724104203,0.20834809838107263,0.0,23.058699578889264,3.821678906878329,1292.0094556684096
31.3,276.13828453764927,0.6613176832766684,68.51044107264286,0.1625825927965848,0.25119776690494733,0.0,27.362785256020697,4.460090678528257,1292.4706311145674
31.35,276.59488321944707,0.7261284533635333,69.42608062966681,0.18932649194306297,0.2756443385657408,0.0,29.838293548522795,3.9897866946038225,1292.9318065607251
31.400000000000002,277.0504697129522,0.7977087514518685,70.34414266950931,0.29032812081276776,0.4010894757597464,0.0,41.05614999198404,4.018475662820671,1293.3929820068827
31.450000000000003,277.5049436588535,0.8760428094065058,71.26376314431263,0.12041001504706146,0.19978305709083338,0.0,25.133254422225985,2.950285728745185,1293.8541574530404
31.5,277.95820494291837,0.9611133713337406,72.18407653947465,0.19436310534630485,0.2792850470570326,0.0,28.43082190560494,4.626908545126855,1294.3153328991982
31.55,278.41015371804656,1.052901697382595,73.10421668824077,0.2640849165248324,0.4105926560166241,0.0,36.26917243471088,3.6467691427504163,1294.776508345356
31.6,278.86069042626525,1.1513875678729137,74.02331758690993,0.24627791237424226,0.3422943827923144,0.0,35.87473963004914,4.451164165614817,1295.2376837915137
31.650000000000002,279.30971582065996,1.2565492877494955,74.94051420988683,0.31810752190240477,0.42697358924517576,0.0,40.17906311671497,4.600179698032769,1295.6988592376715
31.700000000000003,279.7571309872376,1.3683636913611978,75.8549433238138,0.3206988972588686,0.4167417901931317,0.0,43.21574758334961,4.131841069097366,1296.1600346838293
31.75,280.2028373667156,1.4868061475640095,76.76574430001584,0.41381109518710507,0.5328152134906826,0.0,49.87133223340069,4.466956238581709,1296.621210129987
31.8,280.64673677623324,1.6118505651469541,77.67205992449419,0.3240742213323201,0.39395860830142093,0.0,43.14718300217728,3.2640201878837525,1297.0823855761448
31.85,281.0887314309798,1.743469398579597,78.5730372047061,0.3875976931574908,0.5324867644519383,0.0,47.264792909165884,4.762492793762126,1297.5435610223024
31.900000000000002,281.52872396573554,1.881633654079962,79.46782817237161,0.4314876611373791,0.580377257493409,0.0,51.744005598371494,5.051094938678129,1298.0047364684601
31.950000000000003,281.96661745631945,2.0263128960014334,80.35559068155159,0.3829323414977044,0.4633818003348217,0.0,44.862788302034375,3.8456053429305634,1298.465911914618
32.0,282.40231544094064,2.177475253537328,81.23548920124605,0.4256271317994126,0.5741411320661645,0.0,49.43346203982514,4.644512659033942,1298.9270873607757
32.050000000000004,282.8357219414472,2.3350874277415503,82.1066956017666,0.42018943970823747,0.5072953337281494,0.0,47.894389689688396,4.540816958688923,1299.3882628069334
32.1,283.2667414844692,2.4991146988639263,82.96838993414322,0.4553841552920584,0.5773162700446016,-1.2,52.41558942180607,5.024235124108588,1299.8494382530912
32.15,283.69527912244985,2.669520933998438,83.81976120183144,0.5200164578073011,0.5828699079833247,-1.2,51.71310686713455,4.7505112620115675,1300.310613699249
32.2,284.1212404545612,2.846268595042821,84.66000812399399,0.4241555788972087,0.49509389383564245,-1.2,49.20376795596735,3.672122004526136,1300.7717891454067
32.25,284.54453164749935,3.0293187469676677,85.4883398896382,0.5560827079021343,0.6556049971492405,-1.2,56.63935765885139,4.701846106716477,1301.2329645915645
32.300000000000004,284.9650594561547,3.2186310663932813,86.30397690189967,0.5944539271602053,0.6603398013340883,-1.2,56.34882976763221,5.093332296696774,1301.6941400377223
32.35,285.3827312441522,3.4141638504723333,87.10615151177153,0.6281195591461729,0.7455129035173064,-1.2,58.1519586103208,5.657302881571798,1302.15531548388
32.4,285.79745500425827,3.615874026076425,87.89410874058885,0.6154552869388339,0.7200977274695439,-1.2,58.62890340891376,4.851474877711508,1302.6164909300378
32.45,286.2091393786484,3.823717159284503,88.66710699058807,0.7033050545389324,0.8216509773904856,-1.2,103.14630303995409,6.558777869446466,1303.0776663761956
32.5,286.61769367903213,4.037647465171006,89.42441874287293,0.635139061063703,0.7295992020554026,-1.2,97.80520433642374,4.241561071747726,1303.5388418223533
32.550000000000004,287.02302790663043,4.257617817891668,90.16533124212977,0.6645457726585412,0.7356746227548437,-1.2,99.12694169591981,4.925173780735581,1304.000017268511
32.6,287.425052772001,4.4835797610646475,90.88914716744782,0.689721690926925,0.7479910139706296,-1.2,102.95884682749542,5.202456240165502,1304.4611927146689
32.65,287.8236797147077,4.715483518444825,91.5951852886133,0.7071366860464305,0.7510310178111483,-1.2,101.42695252882615,5.152718471657013,1304.9223681608266
32.7,288.218820922829,4.953278004888778,92.28278110725948,0.5891448299576039,0.6779588818074778,-1.2,96.38615761750722,4.417805480515017,1305.3835436069844
32.75,288.6103893523019,5.1969108376081525,92.95128748226918,0.7329207948980122,0.792197800130247,-1.2,63.73067369736414,5.600524274266638,1305.8447190531422
32.800000000000004,288.99829874609634,5.446328347708828,93.60007523884146,0.6463210306387062,0.714192076829784,-1.2,59.03331796650521,5.328123256146313,1306.3058944993
32.85,289.3824636532163,5.701475592013439,94.22853376064877,0.8006731021438969,0.8540712795318337,-1.2,66.09559719315084,5.586194561586274,1306.7670699454577
32.9,289.7627994475239,5.962296365164578,94.83607156452786,0.7891079800376832,0.7828505506261778,-1.2,63.24961036254146,5.514473583507792,1307.2282453916155
32.95,290.1392223463809,6.228733212006052,95.42211685716283,0.7816304757570204,0.8130119788458511,-1.2,63.802081895678405,5.227147730813538,1307.6894208377732
33.0,290.5116494291051,6.500727440239449,95.98611807323715,0.821024983048136,0.8366164813670838,-1.2,66.49963925571262,4.701167969046967,1308.150596283931
33.050000000000004,290.8799986552365,6.778219133353219,96.52754439454752,0.8806198274317759,0.8716745124576927,-1.2,66.17615008567726,5.256703602346956,1308.6117717300888
33.1,291.24418888260965,7.061147163821448,97.0458862495914,0.8897178720991762,0.8935677139424671,-1.2,67.8548654976333,5.759230432532123,1309.0729471762465
33.15,291.6041398852282,7.349449206569388,97.54065579315795,0.9256892200824187,0.9582132722770969,-1.2,67.40175819981062,5.9560120242544885,1309.5341226224043
33.2,291.9597723709375,7.643061752702798,98.01138736547078,0.84221076040912,0.885333251028153,-1.2,68.58269424064696,5.676689279377382,1309.995298068562
33.25,292.3110079988917,7.941920123498077,98.45763793045064,0.9326641068600292,0.9478868393224053,-1.2,69.99866147064061,6.118014651959731,1310.4564735147198
33.300000000000004,292.6577693968107,8.245958484650053,98.87898749268555,1.0461924106821336,1.0695361604959173,-1.2,67.7911779575008,5.918035458762744,1310.9176489608776
33.35,292.9999801780248,8.555109860774373,99.27503949271566,0.9229585697790929,0.9604116003211823,-1.2,68.22602628626005,5.8945753295188155,1311.3788244070354
33.4,293.33756495830124,8.869306150161243,99.64542118026125,0.9419873642045778,0.9405036911464549,0.0,66.61249741208098,6.107557462641825,1311.8399998531931
33.45,293.67044937245015,9.188478139777267,99.98978396504216,0.9232066976580134,0.917982753135794,0.0,67.73515016100595,5.711503350156206,1312.301175299351
33.5,293.99856009070663,9.512555520512114,100.3078037448588,0.992378453363548,0.9540594885244235,0.0,68.92345752630331,5.240516501370221,1312.7623507455087
33.550000000000004,294.32182483488384,9.841466902666632,100.59918121062582,0.9240317163544948,0.9257202360140737,0.0,65.88217896681857,5.296416523214452,1313.2235261916665
33.6,294.640172394295,10.175139831678987,100.86364212807125,1.0032802174547433,0.9891352013727172,0.0,70.61059838316216,6.382831766257834,1313.6847016378242
33.65,294.9535326414403,10.513500804085396,101.10093759583631,0.9835076107453118,0.9859624873352001,0.0,68.95875401449291,6.654123543476887,1314.145877083982
33.7,295.26183654745455,10.856475283711896,101.31084427973262,0.9061283592230267,0.8771666813430515,0.0,66.65551925825112,6.219141597941179,1314.6070525301398
33.75,295.56501619731387,11.203987718093645,101.49316462293649,1.000512432379026,0.9882486096764777,0.0,68.31477901125234,6.08082380390045,1315.0682279762975
33.800000000000004,295.86300480479593,11.55596155511802,101.64772703192249,1.0400749693163573,1.0462868502307106,0.0,69.88782390943507,5.537294249683785,1315.5294034224553
33.85,296.15573672719216,11.912319259888028,101.7743860379613,0.9922640272216843,0.9752291340620594,0.0,69.43064952999151,5.9225116237997435,1315.990578868613
33.9,296.443147479768,12.272982331802126,101.87302243402979,0.9905241048445259,0.9646456180581121,0.0,68.59871378401408,6.675064420149548,1316.4517543147708
33.95,296.725173749968,12.637871321846795,101.94354338700447,0.9530890977229467,0.9299104175493298,0.0,63.81245324635292,6.0989754428762275,1316.9129297609286
34.0,297.00175341136253,13.006905850098073,101.98588252503279,0.9457251181047927,0.9067992166149841,0.0,67.93838385130269,5.616658888503016,1317.3741052070864
34.050000000000004,297.2728255373334,13.38000462342809,102.0,1.0334376851794123,1.0415674633531626,0.0,67.40064361690843,6.439015006480096,1317.8352806532441
34.1,297.5383304144953,13.757085453412827,101.98588252503279,0.993442697238701,0.9906249022172444,0.0,68.52660258796642,5.337177103343931,1318.296456099402
34.15,297.79820955584967,14.138065274437063,101.94354338700447,1.0703545326807593,1.0373965343053435,0.0,68.08183615994004,5.76435391399193,1318.7576315455597
34.2,298.0524057136686,14.522860161992572,101.87302243402979,1.0794648401981524,1.0738566439076638,0.0,68.21275432047534,5.679474236211829,1319.2188069917174
34.25,298.3008628921056,14.9113853511655,101.7743860379613,1.0645322792611178,1.0412471109177142,0.0,71.94512037389603,6.358527241927359,1319.6799824378752
34.300000000000004,298.543526359531,15.303555255308892,101.64772703192249,0.9328725263887158,0.9653609185267702,0.0,67.16967333501927,6.253134505440357,1320.141157884033
34.35,298.78034266058813,15.699283484896245,101.49316462293649,1.0656170139850454,0.9964198931976588,0.0,69.51544358568482,5.912346665993793,1320.6023333301907
34.4,299.01125962796925,16.098482866551883,101.31084427973262,0.9616571483678756,0.9545389991310953,0.0,68.95507043200179,5.427152159023502,1321.0635087763485
34.45,299.2362263939069,16.501065462254044,101.10093759583631,0.979657925660713,0.9453708572731473,0.0,68.02461188001239,5.8262380250521275,1321.5246842225063
34.5,299.4551934013796,16.90694258870639,100.86364212807125,0.9946795410946874,0.9928428881586597,0.0,72.01954986554469,5.735238719139075,1321.985859668664
34.550000000000004,299.66811241502825,17.316024836873694,100.59918121062582,0.9422734271913512,0.9284165590386353,0.0,67.43340355341049,5.387164324769033,1322.4470351148218
34.6,299.87493653178217,17.72822209167739,100.3078037448588,0.8857834240198232,0.8533184848410048,0.0,67.18013298418474,5.729452297177637,1322.9082105609796
34.65,300.0756201911908,18.14344355184666,99.98978396504216,0.9357558366457591,0.9125329409458401,0.0,69.16579367304986,5.358602711578184,1323.3693860071373
34.7,300.2701191854602,18.56159774992069,99.64542118026125,0.9267826045268808,0.9341841231586681,0.0,69.92637299985343,5.019377502993958,1323.830561453295
34.75,300.4583906691914,18.982592572397653,99.27503949271566,1.0075316040221016,1.0176139900746168,0.0,67.98763150317116,5.380784735042257,1324.2917368994529
34.800000000000004,300.6403931688185,19.40633528002603,98.87898749268555,0.9183334650883632,0.9084459263411706,0.0,66.71782483563152,4.923707545615537,1324.7529123456106
34.85,300.81608659174486,19.83273252823378,98.45763793045064,0.9814962715204265,0.9494757370627505,0.0,70.52744922000042,5.972183169476354,1325.2140877917684
34.9,300.9854322351751,20.261690387690805,98.01138736547078,0.8916272567256651,0.9057943440054272,0.0,67.97852365447712,5.7925857511043635,1325.6752632379262
34.95,301.1483927946403,20.693114365000284,97.54065579315795,0.9807105386239822,0.9653095503169626,0.0,70.21335200908902,5.946188698204969,1326.136438684084
35.0,301.30493237221606,21.126909423514256,97.0458862495914,0.9181548731852776,0.9510791204687131,0.0,65.28791722346443,18.14710318764611,1326.5976141302417
35.050000000000004,301.45501648443025,21.562980004268823,96.52754439454752,0.9271027945824133,0.9407300196103511,0.013333333333333334,69.85169449266766,18.41816948688961,1327.0587895763995
35.1,301.59861206985903,22.00123004703449,95.98611807323715,0.7739666679745787,0.7833878146378438,0.02666666666666667,62.687435526870395,17.054030178500973,1327.5199650225572
35.15,301.73568749641004,22.441563011476852,95.42211685716283,0.8201266095714215,0.8680648123625219,0.04,65.34775933325308,17.807433175706777,1327.981140468715
35.2,301.86621256829045,22.88388189842309,94.83607156452786,0.8222717478667683,0.8828004952558046,0.05333333333333334,64.89151028926335,16.858593732064477,1328.4423159148728
35.25,301.99015853265854,23.32808927122953,94.22853376064877,0.8243653177719557,0.850546540432012,0.06666666666666667,63.849119501558796,18.24099449442771,1328.9034913610305
35.300000000000004,302.10749808595773,23.77408727724557,93.60007523884146,0.7844215935032092,0.8494146294426752,0.08,61.99906126571979,16.925828269218947,1329.3646668071883
35.35,302.21820537993113,24.221777669369235,92.95128748226918,0.7314166438994133,0.8061250816949188,0.09333333333333334,59.976290367069986,17.063334685564538,1329.825842253346
35.4,302.32225602731535,24.671061827689627,92.28278110725948,0.679463439176835,0.75110721729028,0.10666666666666667,61.10578660765427,16.954466895004295,1330.2870176995038
35.45,302.419627107213,25.121840781211535,91.5951852886133,0.619605115574122,0.6881555841134245,0.12,56.47841704544659,16.301331253979168,1330.7481931456616
35.5,302.5102971701416,25.574015229657345,90.88914716744782,0.6760153775551082,0.7249303750740609,0.13333333333333333,59.10948901493245,17.191078913926464,1331.2093685918194
35.550000000000004,302.5942462427586,26.027485565341482,90.16533124212977,0.7991182219138226,0.8748566190368786,0.14666666666666667,64.1862344716525,17.731521791211378,1331.6705440379772
35.6,302.6714558322614,26.482151895112608,89.42441874287293,0.6402523720198694,0.6999645241469333,0.16,55.585532732203724,17.005186736950026,1332.131719484135
35.65,302.741908930461,26.93791406235866,88.66710699058807,0.5485319910277909,0.6091372698820103,0.1733333333333333,56.96620057561164,16.057287993630492,1332.5928949302927
35.7,302.80559001752846,27.394671669069975,87.89410874058885,0.6263864942470361,0.7261730127735212,0.18666666666666668,55.4107848252589,18.17021215574642,1333.0540703764505
35.75,302.862485065414,27.85232409795553,87.10615151177153,0.6361691323823647,0.7143319552811508,0.19999999999999998,59.2767418525053,17.417611264094276,1333.5152458226082
35.800000000000004,302.9125815409369,28.31077053460754,86.30397690189967,0.6429138232608861,0.7175390624613837,0.21333333333333335,59.6639375108045,18.46972820920913,1333.976421268766
35.85,302.9558684085467,28.76990998970944,85.4883398896382,0.574153936528041,0.6579422093489845,0.22666666666666666,57.73079347533755,16.571272008103808,1334.4375967149238
35.9,302.9923361327539,29.229641321282447,84.66000812399399,0.5656425482416702,0.6575116663039745,0.24,56.49448894305862,17.45147611300041,1334.8987721610815
35.95,303.0219766802306,29.689863256965683,83.81976120183144,0.561095924776102,0.687710161234533,0.2533333333333333,59.38503484106827,17.45276742740068,1335.3599476072393
36.0,303.0447835215801,30.150474416325068,82.96838993414322,0.4510497594202969,0.5385345168147397,0.26666666666666666,51.15885574621754,16.470315998895536,1335.821123053397
36.050000000000004,303.06075163277535,30.61137333318602,82.1066956017666,0.40100730220858727,0.5083776977484163,0.27999999999999997,49.371935350956214,17.23065854377486,1336.2822984995548
36.1,303.0698774962656,31.072458477985002,81.23548920124605,0.3896677400618535,0.4802682929094507,0.29333333333333333,45.96274890082158,16.238099874921463,1336.7434739457126
36.15,303.072159101751,31.533628280135087,80.35559068155159,0.3696269279680654,0.5008142648685227,0.30666666666666664,45.862382744548974,16.321997084893262,1337.2046493918704
36.2,303.0675959466261,31.994781150400527,79.46782817237161,0.41599980368459466,0.5645693132210425,0.32,51.06433120996592,14.957992993693935,1337.6658248380281
36.25,303.0561890360898,32.4558155032754,78.5730372047061,0.38731574736189783,0.4978001552133096,0.3333333333333333,46.53452332416332,16.69791449251125,1338.127000284186
36.300000000000004,303.03794088292443,32.91662977936154,77.67205992449419,0.35723244327782583,0.4740459272900678,0.3466666666666666,45.08945321272303,15.759382826029,1338.5881757303437
36.35,303.01285550694206,33.3771224677406,76.76574430001584,0.26052133000643374,0.33658969699704583,0.36,38.3889399432496,15.734408493143382,1339.0493511765014
36.4,302.9809384340991,33.83719212833546,75.8549433238138,0.2784093737344446,0.37058197264316894,0.37333333333333335,37.407267143611854,15.598636098556993,1339.5105266226592
36.45,302.9421966952786,34.29673741425613,74.94051420988683,0.2186061842946536,0.29090055072198806,0.38666666666666666,29.6409524426173,15.689585882506833,1339.971702068817
36.5,302.8966388247421,34.75565709412497,74.02331758690993,0.3219281442385945,0.4184573260010655,0.39999999999999997,42.522796883217815,16.477312093111916,1340.4328775149747
36.550000000000004,302.84427485824915,35.213850074376595,73.10421668824077,0.29497403171476255,0.41617217803650697,0.41333333333333333,41.42699139383447,16.2540873156339,1340.8940529611325
36.6,302.7851163308467,35.671215421527336,72.18407653947465,0.2501755435003684,0.3526600767609105,0.4266666666666667,33.93142139570142,16.412800875535634,1341.3552284072903
36.65,302.7191762743281,36.12765238440947,71.26376314431263,0.20080716577926785,0.24094537496748514,0.43999999999999995,32.05402392106767,16.355650892695273,1341.816403853448
36.7,302.6464692143626,36.58306041636534,70.34414266950931,0.23980428603759107,0.34081388215568803,0.4533333333333333,35.98865071607467,15.838043678128146,1342.2775792996058
36.75,302.5670111672951,37.037339197396285,69.42608062966681,0.1563161582196072,0.23031743440200356,0.4666666666666667,22.731116502199225,15.451668682197955,1342.7387547457636
36.800000000000004,302.4808196366184,37.49038865626181,68.51044107264286,0.11015590951900124,0.15837827611923697,0.48,19.17118884634131,15.953998655188716,1343.1999301919213
36.85,302.38791360911705,37.94210899252381,67.59808576633915,0.09605409497976747,0.146870109285544,0.4933333333333333,18.191235386319594,15.959133972226596,1343.661105638079
36.9,302.2883135506852,38.39240069853128,66.68987338763554,0.08547927551405528,0.14945405698070938,0.5066666666666666,17.147110689435877,15.818657604993652,1344.1222810842369
36.95,302.1820414018181,38.84116458134039,65.78665871423344,0.07819928231947196,0.14920940047959713,0.52,15.347614103734504,14.971538798069117,1344.5834565303946
37.0,302.06912057277873,39.288301784565306,64.88929182016899,0.05892803762937445,0.11434346461662666,0.5333333333333333,12.696133280748004,15.554357926600682,1345.0446319765524
37.050000000000004,301.94957593844106,39.7337138101549,63.998617275753055,0.034983585523533645,0.027383719421009464,0.5466666666666666,13.124608247579904,15.136886460286673,1345.5058074227102
37.1,301.82343383281057,40.17730254009047,63.115473352691296,0.0721220371875734,0.13423038405894983,0.5599999999999999,15.497116174101523,15.928955622851682,1345.966982868868
37.15,301.6907220432229,40.61897025799972,62.24069123513211,0.022754659372737004,0.041537378355575805,0.5733333333333334,7.8736981321750275,14.838176090297853,1346.4281583150257
37.2,301.5514698042229,41.05861967068242,61.375094237385284,0.00717357274015329,-0.01114646429062022,0.5866666666666667,6.6642942753486425,14.200134247296903,1346.8893337611835
37.25,0.0,0.0,121.90604829429047,0.0,0.0,0.0,0.0,2.0,1651.2231951541426
37.300000000000004,2.0,0.3399264833288494,115.58487254941947,0.0,0.0,0.0,0.0,2.0,1653.2518769956516
37.35,4.0,0.33718326345559574,124.84481107757988,0.0,0.0,0.0,0.0,2.0,1655.2518788769646
37.4,6.0,0.482793035941564,121.71554921399033,0.0,0.0,0.0,0.0,2.0,1657.2571724230181
37.45,8.0,0.4182281431922422,119.65293634192997,0.0,0.0,0.0,0.0,2.0,1659.258214307981
37.5,10.0,0.47040595612866165,118.89535665284531,0.0,0.0,0.0,0.0,2.0,1661.2588948232465
37.550000000000004,12.0,0.5298314265525426,118.26715877710289,0.0,0.0,0.0,0.0,2.0,1663.2597774751116
37.6,14.0,-0.03415475984814165,121.29123094833948,0.0,0.0,0.0,0.0,2.0,1665.3377766133335
37.65,16.0,0.08233486508282457,121.98996333758471,0.0,0.0,0.0,0.0,2.0,1667.3411661991895
37.7,18.0,0.4754031574272415,119.6749477437402,0.0,0.0,0.0,0.0,2.0,1669.379425918275
37.75,20.0,0.5833592092256329,122.21398082595701,0.0,0.0,0.0,0.0,2.0,1671.3823374263352
37.800000000000004,22.0,0.39181755944768526,118.18547990647775,0.0,0.0,0.0,0.0,2.0,1673.391488541508
37.85,24.0,0.5218098726784627,117.83237830002633,0.0,0.0,0.0,0.0,2.0,1675.3957085896811
37.9,26.0,0.7337059787131305,123.6266824104911,0.0,0.0,0.0,0.0,2.0,1677.406902255083
37.95,28.0,0.8361992819512079,121.18221722707709,0.0,0.0,0.0,0.0,2.0,1679.4095267523885
38.0,30.0,0.821373860665199,122.79369640362665,0.0,0.0,0.0,0.0,2.0,1681.4095816999127
38.050000000000004,32.0,0.7729440155004129,118.29212058322462,0.0,0.0,0.0,0.0,2.0,1683.4101679764583
38.1,34.0,0.7236820644270515,118.15294921646255,0.0,0.0,0.0,0.0,2.0,1685.4107745694255
38.15,36.0,0.8632374446292941,119.28278136108491,0.0,0.0,0.0,0.0,2.0,1687.4156375832356
38.2,38.0,0.5818126456173685,118.35188231692197,0.0,0.0,0.0,0.0,2.0,1689.435340511267
38.25,40.0,0.5074380134462871,121.4107304204569,0.0,0.0,0.0,0.0,2.0,1691.4367229299742
38.300000000000004,42.0,0.8265599780484768,118.49774788614711,0.0,0.0,0.0,0.0,2.0,1693.4620226184873
38.35,44.0,1.153399031363912,117.65666028386542,0.0,0.0,0.0,0.0,2.0,1695.4885526001979
38.400000000000006,46.0,0.8577696138035795,120.28403082451047,0.0,0.0,0.0,0.0,2.0,1697.5102837278523
38.45,48.0,0.6314868915508578,117.42002764834957,0.0,0.0,0.0,0.0,2.0,1699.5230439893812
38.5,50.0,0.5773627756452704,116.40107213704923,0.0,0.0,0.0,0.0,2.0,1701.523776210325
38.550000000000004,52.0,0.7558806790681408,120.26651446772256,0.0,0.0,0.0,0.0,2.0,1703.5317275647762
38.6,54.0,0.39038580825754277,116.50155991397958,0.0,0.0,0.0,0.0,2.0,1705.5648499173633
38.650000000000006,56.0,0.3794240812740472,121.55055879259085,0.0,0.0,0.0,0.0,2.0,1707.5648799570024
38.7,58.0,0.28458824995811816,117.20933254749441,0.0,0.0,0.0,0.0,2.0,1709.567127153255
38.75,60.0,0.5497811848151648,115.5186524271605,0.0,0.0,0.0,0.0,2.0,1711.584632368291
38.800000000000004,62.0,0.21439949002131392,119.41240669971842,0.0,0.0,0.0,0.0,2.0,1713.6125576334828
38.85,64.0,0.23290761312003838,120.28918900659296,0.0,0.0,0.0,0.0,2.0,1715.6126432693045
38.900000000000006,66.0,0.15418572565031963,120.98295012736388,0.0,0.0,0.0,0.0,2.0,1717.6141919535905
38.95,68.0,0.44814551090577726,120.3440313980317,0.0,0.0,0.0,0.0,2.0,1719.6356796125554
39.0,70.0,0.5676760401764271,117.88137475776452,0.0,0.0,0.0,0.0,2.0,1721.639248315502
39.050000000000004,72.0,0.4505129083248802,121.4261223618532,0.0,0.0,0.0,0.0,2.0,1723.642677176097
39.1,74.0,0.6211901969906967,121.92027701295949,0.0,0.0,0.0,0.0,2.0,1725.6499466490045
39.150000000000006,76.0,0.5434244263289819,117.58847574308892,0.0,0.0,0.0,0.0,2.0,1727.6514579567634
39.2,78.0,0.7432903685769326,119.63798772268078,0.0,0.0,0.0,0.0,2.0,1729.661419746169
39.25,80.0,0.695874970399817,119.45111994578195,0.0,0.0,0.0,0.0,2.0,1731.6619817222108
39.300000000000004,82.0,0.9068082861535697,120.44076316557607,0.0,0.0,0.0,0.0,2.0,1733.6730741774936
39.35,84.0,0.9940246771790197,119.59015241645179,0.0,0.0,0.0,0.0,2.0,1735.6749749489763
39.400000000000006,86.0,1.6461228933173042,119.86424445585405,0.0,0.0,0.0,0.0,2.0,1737.7785985092862
39.45,88.0,1.6355436922341033,121.28363106048339,0.0,0.0,0.0,0.0,2.0,1739.7786264889644
39.5,90.0,1.712116150558393,117.77229380079774,0.0,0.0,0.0,0.0,2.0,1741.780091787533
39.550000000000004,92.0,1.6162312022152068,121.47474627052165,0.0,0.0,0.0,0.0,2.0,1743.7823889491247
39.6,94.0,1.6167682703661626,122.2822654630625,0.0,0.0,0.0,0.0,2.0,1745.7823890212353
39.650000000000006,96.0,1.0764012435362744,123.26826998697774,0.0,0.0,0.0,0.0,2.0,1747.854102448253
39.7,98.0,1.1695180468444808,115.71326535172528,0.0,0.0,0.0,0.0,2.0,1749.8562689595747
39.75,100.0,1.4380928894343632,119.63419668576957,0.0,0.0,0.0,0.0,2.0,1751.8742214976864
39.800000000000004,102.0,1.517418890354234,116.06979885129282,0.0,0.0,0.0,0.0,2.0,1753.875794033075
39.85,104.0,1.2546465987587585,115.12987262045435,0.0,0.0,0.0,0.0,2.0,1755.8929824916058
39.900000000000006,106.0,1.0942891682169582,120.28818609521495,0.0,0.0,0.0,0.0,2.0,1757.8994008192558
39.95,108.0,0.6082507427857041,119.20169641429928,0.0,0.0,0.0,0.0,2.0,1759.9576120210024
40.0,110.0,0.804035544158789,120.59970190354149,0.0,0.0,0.0,0.0,2.0,1761.9671720943638
40.050000000000004,112.0,0.6027328856168729,120.97225538017463,0.0,0.0,0.0,0.0,2.0,1763.9772772558756
40.1,114.0,0.5969911675744273,122.49579191621584,0.0,0.0,0.0,0.0,2.0,1765.9772854976902
40.150000000000006,116.0,0.5662436531089833,120.10784085061157,0.0,0.0,0.0,0.0,2.0,1767.9775218361376
40.2,118.0,0.8637890602406366,125.84671123463818,0.0,0.0,0.0,0.0,2.0,1769.9995340194107
40.25,120.0,0.8808453238337843,120.61281970997042,0.0,0.0,0.0,0.0,2.0,1771.9996067471204
40.300000000000004,122.0,1.0426239078549864,123.68495808913443,0.0,0.0,0.0,0.0,2.0,1774.0061391565891
40.35,124.0,1.1519166606845188,115.33432439895151,0.0,0.0,0.0,0.0,2.0,1776.0091231569797
40.400000000000006,126.0,1.4237989446767987,122.69947905910125,0.0,0.0,0.0,0.0,2.0,1778.0275185534144
40.45,128.0,1.375974205776207,119.63847902040888,0.0,0.0,0.0,0.0,2.0,1780.0280902731113
40.5,130.0,1.7498972718771104,116.10330548114545,0.0,0.0,0.0,0.0,2.0,1782.062744656382
40.550000000000004,132.0,1.3527648405972474,120.84109021845624,0.0,0.0,0.0,0.0,2.0,1784.1017920241432
40.6,134.0,1.5242595401974945,119.39408892403137,0.0,0.0,0.0,0.0,2.0,1786.1091311663886
40.650000000000006,136.0,1.3509356184646681,121.16010649689629,0.0,0.0,0.0,0.0,2.0,1788.1166274134198
40.7,138.0,1.2523857079086775,122.02215291510215,0.0,0.0,0.0,0.0,2.0,1790.1190539626023
40.75,140.0,1.3662685612888845,117.02169976647681,0.0,0.0,0.0,0.0,2.0,1792.1222936647582
40.800000000000004,142.0,1.478548971258433,122.02983796491031,0.0,0.0,0.0,0.0,2.0,1794.1254429079409
40.85,144.0,1.5998345739964472,120.01295896844144,0.0,0.0,0.0,0.0,2.0,1796.1291170824093
40.900000000000006,146.0,1.3226029851753995,122.70568234938655,0.0,0.0,0.0,0.0,2.0,1798.1482399993808
40.95,148.0,1.6124090314312476,119.58970354200426,0.0,0.0,0.0,0.0,2.0,1800.1691278103308
41.0,150.0,1.4322796077857125,119.05918221493715,0.0,0.0,0.0,0.0,2.0,1802.1772230793015
41.050000000000004,152.0,1.2788221897406726,120.0541080813779,0.0,0.0,0.0,0.0,2.0,1804.1831017344432
41.1,154.0,1.4064015373740384,120.2037214127597,0.0,0.0,0.0,0.0,2.0,1806.18716672589
41.150000000000006,156.0,1.3490573024217902,118.67443039701654,0.0,0.0,0.0,0.0,2.0,1808.1879886473218
41.2,158.0,1.4107094705342886,119.00739053808944,0.0,0.0,0.0,0.0,2.0,1810.1889386691448
41.25,160.0,0.9793893312077311,117.54624893097242,0.0,0.0,0.0,0.0,2.0,1812.2349193783864
41.300000000000004,162.0,1.0362542211115773,119.13070982041961,0.0,0.0,0.0,0.0,2.0,1814.2357276189991
41.35,164.0,1.0798205970140202,121.35262011999515,0.0,0.0,0.0,0.0,2.0,1816.2362020700004
41.400000000000006,166.0,0.9778488894611636,119.7252916521877,0.0,0.0,0.0,0.0,2.0,1818.2387999400535
41.45,168.0,0.5630336975082056,122.01813059209465,0.0,0.0,0.0,0.0,2.0,1820.2813649068232
41.5,170.0,0.5204720452118847,119.62914106469385,0.0,0.0,0.0,0.0,2.0,1822.2818177291228
41.550000000000004,172.0,0.5129972732521622,117.13696400455338,0.0,0.0,0.0,0.0,2.0,1824.281831697128
41.6,174.0,0.43955147518606313,121.19454977511316,0.0,0.0,0.0,0.0,2.0,1826.2831798140865
41.650000000000006,176.0,0.07231658229956356,118.6527537179332,0.0,0.0,0.0,0.0,2.0,1828.3166156912544
41.7,178.0,0.3912633837629468,119.53326542247294,0.0,0.0,0.0,0.0,2.0,1830.3418877870884
41.75,180.0,0.26349107817407214,122.47514409496823,0.0,0.0,0.0,0.0,2.0,1832.3459650715452
41.800000000000004,182.0,0.21905014558949196,117.67825908055697,0.0,0.0,0.0,0.0,2.0,1834.3464587597355
41.85,184.0,-0.26284471865416614,120.32948757492878,0.0,0.0,0.0,0.0,2.0,1836.4036954160745
41.900000000000006,186.0,0.05612635108547537,119.91896329992842,0.0,0.0,0.0,0.0,2.0,1838.4289713339017
41.95,188.0,-0.03718363526133586,121.4018514308742,0.0,0.0,0.0,0.0,2.0,1840.431146839084
42.0,190.0,-0.01749107184649537,121.71030673096405,0.0,0.0,0.0,0.0,2.0,1842.4312437859978
42.050000000000004,192.0,0.2066564171168349,120.52767800849779,0.0,0.0,0.0,0.0,2.0,1844.4437651142844
42.1,194.0,0.0713955761735097,119.2792507068392,0.0,0.0,0.0,0.0,2.0,1846.448333769904
42.150000000000006,196.0,0.26404457365081857,120.94674500805192,0.0,0.0,0.0,0.0,2.0,1848.4575907560131
42.2,198.0,-0.14822051753740983,122.67131179428912,0.0,0.0,0.0,0.0,2.0,1850.4996393610695
42.25,200.0,-0.03802318602314718,119.9454201207206,0.0,0.0,0.0,0.0,2.0,1852.5026729234125
42.300000000000004,202.0,0.2764252472807834,119.46548777115395,0.0,0.0,0.0,0.0,2.0,1854.5272414742913
42.35,204.0,0.1603418778371774,120.77634051533597,0.0,0.0,0.0,0.0,2.0,1856.5306074789598
42.400000000000006,206.0,0.3841182018968572,120.07745404073923,0.0,0.0,0.0,0.0,2.0,1858.5430875020184
42.45,208.0,0.7509027323356139,117.3245811521644,0.0,0.0,0.0,0.0,2.0,1860.5764420927794
42.5,210.0,0.6999343647248101,120.47866160079496,0.0,0.0,0.0,0.0,2.0,1862.5770914309935
42.550000000000004,212.0,0.6324287075548379,117.30647518247247,0.0,0.0,0.0,0.0,2.0,1864.578230360141
42.6,214.0,0.45276995838837714,120.74896129281689,0.0,0.0,0.0,0.0,2.0,1866.5862834635604
42.650000000000006,216.0,0.35082392735135043,118.40571455118686,0.0,0.0,0.0,0.0,2.0,1868.588880026337
42.7,218.0,0.18775194929682637,120.0737496083727,0.0,0.0,0.0,0.0,2.0,1870.5955171310538
42.75,220.0,0.007929729611380915,120.78118781239847,0.0,0.0,0.0,0.0,2.0,1872.6035848666377
42.800000000000004,222.0,0.2476967889536522,124.90780669188715,0.0,0.0,0.0,0.0,2.0,1874.6179056560716
42.85,224.0,0.08971158389600029,121.48549992357385,0.0,0.0,0.0,0.0,2.0,1876.6241357837032
42.900000000000006,226.0,0.14141596683992488,122.72959761948466,0.0,0.0,0.0,0.0,2.0,1878.6248040078763
42.95,228.0,0.14906265388317244,123.74349563738785,0.0,0.0,0.0,0.0,2.0,1880.6248186257785
43.0,230.0,0.448681566397397,120.9785118339989,0.0,0.0,0.0,0.0,2.0,1882.6471369718201
43.050000000000004,232.0,0.34805031998639424,120.5713796005344,0.0,0.0,0.0,0.0,2.0,1884.6496670334557
43.1,234.0,0.42427992931725866,117.86655778234757,0.0,0.0,0.0,0.0,2.0,1886.6511192445612
43.150000000000006,236.0,0.5824938697724805,119.76674013519921,0.0,0.0,0.0,0.0,2.0,1888.6573673974463
43.2,238.0,0.8804437912365968,118.55382454072827,0.0,0.0,0.0,0.0,2.0,1890.679439145852
43.25,240.0,0.7768931222275434,119.19788229975123,0.0,0.0,0.0,0.0,2.0,1892.6821180370007
43.300000000000004,242.0,0.6533146284810672,123.74132675238494,0.0,0.0,0.0,0.0,2.0,1894.6859323108586
43.35,244.0,0.4409584176890567,120.22924301839998,0.0,0.0,0.0,0.0,2.0,1896.6971745041963
43.400000000000006,246.0,0.8882183418587049,118.24820084456778,0.0,0.0,0.0,0.0,2.0,1898.7465747676315
43.45,248.0,1.1651128294947823,122.7490669093826,0.0,0.0,0.0,0.0,2.0,1900.765651427217
43.5,250.0,1.1566725506323736,121.91055095247489,0.0,0.0,0.0,0.0,2.0,1902.7656692367145
43.550000000000004,252.0,1.542960380857785,122.0153069852008,0.0,0.0,0.0,0.0,2.0,1904.8026322427065
43.6,254.0,1.5225877019846534,115.98773959379521,0.0,0.0,0.0,0.0,2.0,1906.8027360015262
43.650000000000006,256.0,1.6674697962713594,123.89734191544296,0.0,0.0,0.0,0.0,2.0,1908.80797684024
43.7,258.0,1.6695041766159036,118.88297051581223,0.0,0.0,0.0,0.0,2.0,1910.8079778749154
43.75,260.0,1.7490652669659978,121.55590954558551,0.0,0.0,0.0,0.0,2.0,1912.8095597411148
43.800000000000004,262.0,1.8074175554727072,125.04759958123407,0.0,0.0,0.0,0.0,2.0,1914.81041080743
43.85,264.0,1.7224204807973773,124.31066549638123,0.0,0.0,0.0,0.0,2.0,1916.812216118319
43.900000000000006,266.0,1.9409201884144478,118.04487574905463,0.0,0.0,0.0,0.0,2.0,1918.8241162456186
43.95,268.0,2.084110671951228,117.11096532599545,0.0,0.0,0.0,0.0,2.0,1920.8292355723859
44.0,270.0,2.2896495906515235,122.86069319769585,0.0,0.0,0.0,0.0,2.0,1922.8397693938125
44.050000000000004,272.0,2.353695027751393,120.284111623188,0.0,0.0,0.0,0.0,2.0,1924.8407945855613
44.1,274.0,2.172381051395966,118.99823711739585,0.0,0.0,0.0,0.0,2.0,1926.8489964573914
44.150000000000006,276.0,2.5142582647075065,121.2424370938781,0.0,0.0,0.0,0.0,2.0,1928.8780060751562
44.2,278.0,2.4617470179940213,119.67424084508112,0.0,0.0,0.0,0.0,2.0,1930.8786953141514
44.25,280.0,2.5345604237077044,121.40264827409749,0.0,0.0,0.0,0.0,2.0,1932.880020323252
44.300000000000004,282.0,2.661636695472158,120.13396361563747,0.0,0.0,0.0,0.0,2.0,1934.8840533516338
44.35,284.0,2.733121038715682,121.44477585665634,0.0,0.0,0.0,0.0,2.0,1936.8853304467232
44.400000000000006,286.0,2.9162044429617366,118.21093462172722,0.0,0.0,0.0,0.0,2.0,1938.893692847514
44.45,288.0,3.1308800274250363,122.84892402626527,0.0,0.0,0.0,0.0,2.0,1940.9051812532884
44.5,290.0,3.0859133268155867,121.39524674146487,0.0,0.0,0.0,0.0,2.0,1942.9056866904627
44.550000000000004,292.0,3.411006795206716,121.29259473880714,0.0,0.0,0.0,0.0,2.0,1944.9319358763207
44.6,294.0,3.357626084374463,117.76466014597601,0.0,0.0,0.0,0.0,2.0,1946.9326481245685
44.650000000000006,294.0,3.357626084374463,60.51949702904731,0.03953015167818785,0.019383909180211583,-0.8,-11.10225352790742,3.693687552377766,1946.9326481245685
44.7,293.5297617315511,3.3611158266020422,61.375094237385284,-0.024536390136979194,0.009132447609627226,-0.7818181818181819,-1.9580986972628722,2.6738393405127425,1947.4028993419136
44.75,293.0596270499939,3.371584284543544,62.24069123513211,-0.0732837889915367,-0.10127722876696127,-0.7636363636363637,3.7519961083633366,2.782164264775716,1947.8731505592586
44.800000000000004,292.5896995194011,3.389029152144591,63.115473352691296,-0.10055024806697804,-0.22965940847096966,-0.7454545454545456,8.006229876049414,3.1574948974004116,1948.3434017766037
44.85,292.1200826582133,3.4134465865456467,63.998617275753055,-0.057174270387405794,-0.07992914591354475,-0.7272727272727273,2.1333905010849317,3.1675532300907374,1948.8136529939488
44.900000000000006,291.65087991643475,3.444831208928575,64.88929182016899,-0.17744112570039716,-0.18317675393312013,-0.7090909090909091,19.307432056077065,3.0760069328790958,1949.283904211294
44.95,291.1821946528451,3.483176105701487,65.78665871423344,-0.088228004517601,-0.13043490882035202,-0.6909090909090909,6.829098333601041,3.4650751823937203,1949.754155428639
45.0,290.7141301122308,3.528472830021723,66.68987338763554,-0.09117213628353836,-0.170437639917501,-0.6727272727272728,9.049818228893315,3.5498071296149494,1950.2244066459841
45.050000000000004,290.24678940264175,3.5807114036565686,67.59808576633915,-0.19115176375069293,-0.28296951062771186,-0.6545454545454545,21.97122384939753,4.358195183476155,1950.6946578633292
45.1,289.780275472678,3.639880319181323,68.51044107264286,-0.09902575914731203,-0.1654244759031045,-0.6363636363636364,8.099746806385253,3.641845581827334,1951.1649090806743
45.150000000000006,289.3146910888116,3.7059665425142225,69.42608062966681,-0.10347560596386043,-0.17607222647210774,-0.6181818181818182,11.089698830450903,3.320140751485599,1951.6351602980194
45.2,288.85013881274887,3.778955515787662,70.34414266950931,-0.1916485945699788,-0.2623528250367409,-0.6000000000000001,23.57232527047921,3.9924830773265643,1952.1054115153645
45.25,288.38672097883693,3.858831160555099,71.26376314431263,-0.2409029575632628,-0.32346747865134606,-0.5818181818181819,23.602689591504284,3.4553054260050677,1952.5756627327096
45.300000000000004,287.92453967152153,3.9455758813328865,72.18407653947465,-0.2400941197103109,-0.3368650689829356,-0.5636363636363637,27.974270613873607,3.9915248629366484,1953.0459139500547
45.35,287.4636967028587,4.0391705694763465,73.10421668824077,-0.255908694273346,-0.35492381217686986,-0.5454545454545455,27.31944315454153,4.2244720533284,1953.5161651673998
45.400000000000006,287.00429359008746,4.1395946073891015,74.02331758690993,-0.2665879907305314,-0.361601635610567,-0.5272727272727273,30.731373253998072,4.149463705906765,1953.9864163847449
45.45,286.5464315332666,4.246825873064868,74.94051420988683,-0.31435365859121006,-0.42201043371428576,-0.5090909090909091,36.30296539188076,4.4735638486108495,1954.45666760209
45.5,286.0902113929821,4.360840744960604,75.8549433238138,-0.21185826277783837,-0.25955769190274125,-0.49090909090909096,21.935079474704025,3.456650067851828,1954.926918819435
45.550000000000004,285.63573366812864,4.4816141072000155,76.76574430001584,-0.2843920475280348,-0.39001482817589506,-0.47272727272727266,28.645610110833477,4.746060185932444,1955.3971700367802
45.6,285.1830984737712,4.609119355106237,77.67205992449419,-0.33360220812261165,-0.44493070919043415,-0.45454545454545453,37.532025733425684,5.245876602269155,1955.8674212541252
45.650000000000006,284.73240551909123,4.7433284010624455,78.5730372047061,-0.42478962023171657,-0.5066234767811231,-0.43636363636363634,44.092766067682014,3.718532357914072,1956.3376724714706
45.7,284.28375408542206,4.884211680699195,79.46782817237161,-0.45867293489168903,-0.5673864492332124,-0.4181818181818182,43.80396242658604,4.094360349722513,1956.8079236888157
45.75,283.8372430043785,5.031738159407009,80.35559068155159,-0.3756873444248207,-0.4698477587848646,-0.4,43.79833852554502,4.4310847803667865,1957.2781749061608
45.800000000000004,283.39297063608575,5.185875339172897,81.23548920124605,-0.5044774412509009,-0.6078515511639255,-0.38181818181818183,50.2021627606652,4.69527916321534,1957.7484261235059
45.85,282.95103484751206,5.346589265739171,82.1066956017666,-0.4248337489206024,-0.532942149559534,-0.3636363636363637,44.89809517142866,5.547032651564994,1958.218677340851
45.900000000000006,282.51153299090987,5.513844536083139,82.96838993414322,-0.4736872335321377,-0.569312702268811,-0.34545454545454546,49.36264816577351,4.817830268518663,1958.688928558196
45.95,282.0745618823706,5.687604306215855,83.81976120183144,-0.5203000513577223,-0.624770930432314,-0.32727272727272727,49.34080090464831,5.570585418159921,1959.1591797755411
46.0,281.6402177804974,5.867830299298353,84.66000812399399,-0.5202663166539975,-0.6050697866152882,-0.3090909090909091,50.405738995150465,3.7906474166190645,1959.6294309928862
46.050000000000004,281.20859636520066,6.0544828140734905,85.4883398896382,-0.6296477191091489,-0.6898991644969614,-0.29090909090909095,53.86918059973155,5.47678223515706,1960.0996822102313
46.1,280.7797927166212,6.247520733611586,86.30397690189967,-0.5872616325464292,-0.6329426356981196,-0.27272727272727276,52.924566261192275,4.541069497465198,1960.5699334275764
46.150000000000006,280.35390129418545,6.446901534367891,87.10615151177153,-0.556211522781272,-0.6520822052830016,-0.2545454545454546,52.80723909707371,4.590475331039176,1961.0401846449215
46.2,279.931015915797,6.652581295549928,87.89410874058885,-0.6469586949159556,-0.7421395424475334,-0.23636363636363633,54.116254960277075,5.102239614136538,1961.5104358622666
46.25,279.5112297371704,6.864514708792651,88.66710699058807,-0.58436586619453,-0.6689505617731646,-0.21818181818181817,52.73712252100063,4.294559865453948,1961.9806870796117
46.300000000000004,279.09463523130995,7.082655088139203,89.42441874287293,-0.6560944571787446,-0.7366935377172998,-0.2,55.614406455914015,5.431473375812826,1962.4509382969568
46.35,278.681324168139,7.306954380325218,90.16533124212977,-0.5889307035739022,-0.6579269919702679,-0.18181818181818185,54.13271057491509,5.069138459269202,1962.9211895143021
46.400000000000006,278.2713875942849,7.537363175364238,90.88914716744782,-0.7515329298244214,-0.848190814109544,-0.1636363636363637,61.51881438248241,5.677668566422267,1963.3914407316472
46.45,277.864915813022,7.773830717432078,91.5951852886133,-0.7544051436898915,-0.8333380501745757,-0.14545454545454542,61.8684863604721,5.94352966159018,1963.8616919489923
46.5,277.4619983643797,8.016304916047597,92.28278110725948,-0.8335835915276432,-0.925851787605644,-0.12727272727272726,64.74817081167825,6.534946385914009,1964.3319431663374
46.550000000000004,277.06272400541786,8.264732357547517,92.95128748226918,-0.8053638208200379,-0.8701257180529641,-0.10909090909090909,64.46537994249005,5.428521629615119,1964.8021943836825
46.6,276.66718069067457,8.519058316852691,93.60007523884146,-0.7183999618195294,-0.7611023016715597,-0.09090909090909093,60.3863027327602,5.521982224882915,1965.2724456010276
46.650000000000006,276.27545555279136,8.779226769523271,94.22853376064877,-0.8111005150560122,-0.8649021053105749,-0.07272727272727275,65.41346814234845,5.741200420099214,1965.7426968183727
46.7,275.887634883319,9.045180404100112,94.83607156452786,-0.7744193170499577,-0.7989531271386168,-0.05454545454545459,61.60442227317301,5.58566663458032,1966.2129480357178
46.75,275.5038041137086,9.316860634729677,95.42211685716283,-0.9013495748315197,-0.936630485352927,-0.036363636363636334,64.8304506215547,6.006190288291773,1966.6831992530629
46.800000000000004,275.12404779649245,9.594207614069687,95.98611807323715,-0.7787642096041767,-0.8150299767098328,-0.018181818181818167,62.47786407233789,6.240341602411918,1967.153450470408
46.85,274.748449586658,9.87716024647264,96.52754439454752,-0.7925480237784587,-0.824463520136365,0.0,61.6835085003579,5.243552126164449,1967.623701687753
46.900000000000006,274.37709222322,10.16565620144433,97.0458862495914,-0.7908530272825983,-0.812733728510681,0.0,64.73339496384172,4.6753332339302025,1968.0939529050981
46.95,274.01005751099444,10.459631927374376,97.54065579315795,-0.8857023349949545,-0.8795703020602933,0.0,66.38327846992149,5.289774021872936,1968.5642041224432
47.0,273.6474263025777,10.759022665535753,98.01138736547078,-0.8495131349847149,-0.8797358644643521,0.0,64.83032708884417,6.017841060160759,1969.0344553397883
47.050000000000004,273.2892784805361,11.06376246435024,98.45763793045064,-0.8308359014725122,-0.8607970772193234,0.0,63.367119521948936,5.594055985981559,1969.5047065571334
47.1,272.935692939809,11.373784193916611,98.87898749268555,-0.9880351777280771,-1.032483254046915,0.0,66.51267392466883,5.8636500918932475,1969.9749577744785
47.150000000000006,272.586747570329,11.689019560798412,99.27503949271566,-0.9521846861500957,-0.968038100002353,0.0,67.37416698839115,5.365865665802238,1970.4452089918236
47.2,272.2425192398643,12.009399123068066,99.64542118026125,-0.96667076026791,-0.9701399075858723,0.0,64.96177738902125,6.021062783622883,1970.9154602091687
47.25,271.90308377708544,12.334852305603931,99.98978396504216,-1.056553268047954,-1.0363985566946052,0.0,70.82257676385753,6.43144880772072,1971.3857114265138
47.300000000000004,271.56851595486154,12.66530741563702,100.3078037448588,-0.9497545753869566,-0.9765889553975866,0.0,65.99946012099583,6.082702893740774,1971.855962643859
47.35,271.23888947378884,13.000691658543916,100.59918121062582,-0.9332285310333917,-0.932597243119287,0.0,66.3341696577735,5.671126563780388,1972.326213861204
47.400000000000006,270.91427694595535,13.340931153882396,100.86364212807125,-0.8945165676955401,-0.8906916429126457,0.0,63.55126070332973,5.745395570886668,1972.796465078549
47.45,270.59474987894566,13.685950951666264,101.10093759583631,-0.9559682096610067,-0.9405324107860602,0.0,67.49375993334691,5.892018715636888,1973.2667162958942
47.5,270.28037866008873,14.035675048875774,101.31084427973262,-1.0808099520720749,-1.0605484224143644,0.0,68.29681707446193,6.276493732851924,1973.7369675132393
47.550000000000004,269.97123254095237,14.390026406200043,101.49316462293649,-0.9264771914657295,-0.926409704180473,0.0,66.68779280786579,5.187076637031859,1974.2072187305844
47.6,269.6673796220884,14.748926965007701,101.64772703192249,-1.0472089911775355,-1.0101358964986038,0.0,69.47622997926675,6.129070864803251,1974.6774699479295
47.650000000000006,269.3688868380308,15.112297664542146,101.7743860379613,-1.0329480566543883,-1.0468809838264748,0.0,67.08696402991755,5.920344717246327,1975.1477211652746
47.7,269.07581994255105,15.480058459337503,101.87302243402979,-1.0023538721799077,-1.0115576987008528,0.0,65.74461419832446,6.554982399107438,1975.6179723826197
47.75,268.78824349417374,15.852128336851507,101.94354338700447,-1.045625597325918,-1.0187446226447017,0.0,70.60704969023108,6.122693188809242,1976.0882235999647
47.800000000000004,268.5062208419547,16.228425335311456,101.98588252503279,-1.070260125977743,-1.0324790143398757,0.0,68.49277686955783,6.515176653931073,1976.5584748173098
47.85,268.2298141115266,16.608866561769208,102.0,-1.0796474442300634,-1.0189640435911325,0.0,69.29325255798845,5.906001437248521,1977.028726034655
47.900000000000006,267.95908419141335,16.99336821036136,101.98588252503279,-1.1266313650532984,-1.0801525273198684,0.0,70.51902504170972,6.1076006631538755,1977.498977252
47.95,267.6940907196171,17.381845580770484,101.94354338700447,-0.950583736920435,-0.9467808697937918,0.0,64.40459083753125,6.587468232509542,1977.9692284693451
48.0,267.43489207048106,17.774213096883443,101.87302243402979,-1.0219094979226555,-1.0093117005206296,0.0,68.52951522085041,6.246102695769643,1978.4394796866902
48.050000000000004,267.18154534183014,18.17038432564258,101.7743860379613,-0.9104449222883421,-0.9042727049723396,0.0,65.46824797259931,5.355560848714149,1978.9097309040353
48.1,266.9341063423936,18.570271996085715,101.64772703192249,-0.940348687698761,-0.8887922252393831,0.0,65.0804508023606,6.114863895028387,1979.3799821213804
48.150000000000006,266.6926295795105,18.97378801857073,101.49316462293649,-1.0077183303824335,-0.9850929584221818,0.0,65.80776364543644,5.68862650855261,1979.8502333387255
48.2,266.4571682471231,19.380843504180465,101.31084427973262,-0.9983727633251147,-1.012446620836179,0.0,68.25443355358914,6.150188931414299,1980.3204845560706
48.25,266.2277742140587,19.791348784303707,101.10093759583631,-1.0759346829890235,-1.0623186692651088,0.0,70.57876019341326,7.105293323225029,1980.7907357734157
48.300000000000004,266.0044980126036,20.20521343038791,100.86364212807125,-1.1316091030619257,-1.0966917166890517,0.0,70.14345867797918,5.574433956248128,1981.2609869907608
48.35,265.7873888273718,20.622346273859375,100.59918121062582,-1.0444639962082691,-1.036024286727818,0.0,66.13475024241427,6.020181899300186,1981.7312382081059
48.400000000000006,265.57649448447,21.042655426206352,100.3078037448588,-1.0186331523748469,-1.0001343530153413,0.0,66.18252926247139,6.204538879497039,1982.201489425451
48.45,265.37186144096245,21.466048299220834,99.98978396504216,-0.9581664188594884,-0.9649385785208997,0.0,65.81142331097571,6.277164902895036,1982.671740642796
48.5,265.173534774637,21.892431625394433,99.64542118026125,-0.8694605145599771,-0.8729667774338679,0.0,66.6016514805288,4.998283378621167,1983.1419918601412
48.550000000000004,264.98155817407513,22.321711478463875,99.27503949271566,-0.9166034143689191,-0.934242234895931,0.0,65.10234285363403,5.034831570400283,1983.6122430774863
48.6,264.79597392902787,22.753793294101676,98.87898749268555,-1.0106878787270177,-0.9975116363976502,0.0,66.9016206891453,6.537909585188164,1984.0824942948313
48.650000000000006,264.6168229211001,23.18858189074731,98.45763793045064,-0.9628256512769557,-0.9687936253126888,0.0,64.05538864649317,5.546173447536148,1984.5527455121764
48.7,264.4441446147448,23.62598149057439,98.01138736547078,-0.811183281001542,-0.8498930483693833,0.0,61.599950633057475,5.168537891109493,1985.0229967295215
48.75,264.27797704856965,24.065895740589145,97.54065579315795,-0.9387889180549545,-0.9346905754863675,0.0,64.15945992192265,6.579196562845185,1985.4932479468666
48.800000000000004,264.11835682695767,24.508227733855687,97.0458862495914,-0.9125388539705153,-0.9196439417889012,0.0,63.866979310195205,5.793782982732615,1985.9634991642117
48.85,263.9653191120036,24.95288003084319,96.52754439454752,-0.8641980108202664,-0.8994157703540919,0.013333333333333334,64.2916870368831,5.736366424903063,1986.4337503815568
48.900000000000006,263.81889761576855,25.399754680890503,95.98611807323715,-0.8280912565300862,-0.8686942133398448,0.02666666666666667,62.48793456659786,5.516182917443768,1986.904001598902
48.95,263.6791245928534,25.848753243783264,95.42211685716283,-0.8599955089426351,-0.8910078083474818,0.04,66.54577218251528,5.06103239167086,1987.374252816247
49.0,263.5460308332935,26.299776811438925,94.83607156452786,-0.8398598040390418,-0.8797192171953272,0.05333333333333334,65.0479370004054,5.977006126283175,1987.844504033592
49.050000000000004,263.4196456557765,26.752726029694802,94.22853376064877,-0.742595253639668,-0.7993966740309751,0.06666666666666667,59.433043578790475,5.602915283055737,1988.3147552509372
49.1,263.29999690118336,27.20750112019442,93.60007523884146,-0.7695619754060739,-0.8403355162206885,0.08,59.88995168007044,5.605352211331781,1988.7850064682823
49.150000000000006,263.1871109264557,27.664001902367257,92.95128748226918,-0.7591739138839376,-0.7937377744432843,0.09333333333333334,62.99142674195729,5.323051803691723,1989.2552576856274
49.2,263.08101259878964,28.12212781549713,92.28278110725948,-0.6515985790247373,-0.7139847342392942,0.10666666666666667,59.304424272598624,4.995794378048739,1989.7255089029725
49.25,262.98172529015784,28.581777940874318,91.5951852886133,-0.6520797868409797,-0.744930101610829,0.12,53.54362732263277,5.691031999606194,1990.1957601203176
49.300000000000004,262.88927087216103,29.042851024026536,90.88914716744782,-0.6194772931256453,-0.6790243622392134,0.13333333333333333,55.52285012706571,4.966426555114593,1990.6660113376627
49.35,262.8036697112101,29.50524549702386,90.16533124212977,-0.7338630487132903,-0.7899558021084643,0.14666666666666667,59.65948029489615,5.337836887058448,1991.1362625550078
49.400000000000006,262.7249406640396,29.968859500852737,89.42441874287293,-0.6860881827303853,-0.7420415518291829,0.16,59.211594122106625,5.4910712329294356,1991.6065137723529
49.45,262.6531010735538,30.433590907854075,88.66710699058807,-0.6144257130096433,-0.6893322506262504,0.1733333333333333,58.06266859252861,5.171977217218944,1992.076764989698
49.5,262.58816676500624,30.899337344220555,87.89410874058885,-0.6477762988119637,-0.7605666119014994,0.18666666666666668,55.92352519339687,6.102837864474718,1992.547016207043
49.550000000000004,262.53015204251403,31.365996212548122,87.10615151177153,-0.5887454908454397,-0.6749585002260768,0.19999999999999998,50.819321162451416,4.144192111941579,1993.0172674243881
49.6,262.47906968590627,31.833464714436772,86.30397690189967,-0.4981693920779711,-0.5816117051554329,0.21333333333333335,49.74626620672185,4.894788834649931,1993.4875186417332
49.650000000000006,262.4349309479094,32.301639873135585,85.4883398896382,-0.5434739752376138,-0.612419357154455,0.22666666666666666,53.61850727591875,4.484455181227281,1993.9577698590783
49.7,262.3977455516678,32.770418556227064,84.66000812399399,-0.5703114862873324,-0.6968742999442915,0.24,52.51807078413039,4.61957963245541,1994.4280210764234
49.75,262.36752168860266,33.23969749834575,83.81976120183144,-0.49416926241712616,-0.5622255232379763,0.2533333333333333,47.57113835763535,4.4581444666917545,1994.8982722937685
49.800000000000004,262.34426601660675,33.70937332392615,82.96838993414322,-0.49924604881564694,-0.5895692558557369,0.26666666666666666,48.288480861994884,4.796047471808092,1995.3685235111136
49.85,262.32798365857826,34.17934256997493,82.1066956017666,-0.47410068862565086,-0.5927640642453341,0.27999999999999997,48.61643795263782,4.827826730697707,1995.8387747284587
49.900000000000006,262.31867820129224,34.649501708862296,81.23548920124605,-0.4993589405698821,-0.5644950441148443,0.29333333333333333,48.26965315628708,3.934832024505286,1996.3090259458038
49.95,262.31635169461026,35.11974717112778,80.35559068155159,-0.5080449683108118,-0.6365757341411268,0.30666666666666664,49.97531983503607,4.63918528758447,1996.779277163149
50.0,262.32100465102917,35.58997536829506,79.46782817237161,-0.3657378272438367,-0.4340830293836207,0.32,39.199166069529575,4.442859863889092,1997.249528380494
50.050000000000004,262.33263604556794,36.06008271569105,78.5730372047061,-0.3277692585917813,-0.4175735827993577,0.3333333333333333,35.61904471036494,3.814255523006246,1997.719779597839
50.1,262.35124331599354,36.52996565526422,77.67205992449419,-0.31122323509437233,-0.3916236072995002,0.3466666666666666,35.19148918013807,3.617478869540243,1998.1900308151842
50.150000000000006,262.3768223633855,36.99952067839692,76.76574430001584,-0.27474095433669105,-0.41275917237943777,0.36,29.68877353040777,3.1102113633918416,1998.6602820325293
50.2,262.4093675530385,37.46864434870685,75.8549433238138,-0.3569545975831927,-0.46021018341411246,0.37333333333333335,37.74694992587226,4.049033826054657,1999.1305332498744
50.25,262.4488717157041,37.93723332483273,74.94051420988683,-0.21127254458373992,-0.3310967033752643,0.38666666666666666,24.376110902282473,3.418475510650386,1999.6007844672195
50.300000000000004,262.49532614916956,38.40518438319891,74.02331758690993,-0.2958745192102579,-0.4155630618321853,0.39999999999999997,31.12610227617801,3.7547227439415267,2000.0710356845645
50.35,262.5487206201751,38.87239444075402,73.10421668824077,-0.2635938216841067,-0.33864618688860715,0.41333333333333333,27.884185801010474,3.880028409025995,2000.5412869019096
50.400000000000006,262.6090433666681,39.338760577678826,72.18407653947465,-0.17978609798231598,-0.2582319057383452,0.4266666666666667,17.37227472481648,3.4747812789435866,2001.0115381192547
50.45,262.67628110039396,39.80418006005793,71.26376314431263,-0.1505513728881503,-0.20271617942606956,0.43999999999999995,16.723167253234468,3.0250295913485554,2001.4817893365998
50.5,262.75041900982353,40.26855036251065,70.34414266950931,-0.12904583444397227,-0.19033423278443218,0.4533333333333333,12.392373351221739,2.513081915736683,2001.952040553945
50.550000000000004,262.83144076341574,40.731769190775935,69.42608062966681,-0.15985563915862147,-0.20968750949156786,0.4666666666666667,14.709848835266701,3.7802181810485247,2002.42229177129
50.6,262.91932851321525,41.19373450424633,68.51044107264286,-0.11050936253111751,-0.21064368136970402,0.48,11.277735789629274,4.008344651013348,2002.8925429886351
50.650000000000006,263.0140628987841,41.65434453844608,67.59808576633915,-0.15886500165631479,-0.2623934708526512,0.4933333333333333,15.716661969270511,3.5888079230607666,2003.3627942059802
50.7,263.1156230514666,42.11349782744848,66.68987338763554,-0.14002418164031627,-0.21091629936971318,0.5066666666666666,12.731986317253483,3.499861049882001,2003.8330454233253
50.75,263.2239865989864,42.571093226227305,65.78665871423344,-0.03435121018238439,-0.10478341185134668,0.52,-1.1025935962361222,3.3157554933971016,2004.3032966406704
50.800000000000004,263.3391296703746,43.0270299329377,64.88929182016899,-0.0912048357821561,-0.14284393936782475,0.5333333333333333,9.512963230633256,4.217923606409601,2004.7735478580155
50.85,263.46102690122825,43.481207511121404,63.998617275753055,-0.09362545400454614,-0.18059445378917283,0.5466666666666666,7.043308452106705,2.7579294644546333,2005.2437990753606
50.900000000000006,263.5896514392982,43.93352591183148,63.115473352691296,-0.10480120331140605,-0.16726043465116952,0.5599999999999999,10.065149417931746,3.294536441017224,2005.7140502927057
50.95,263.72497495040363,44.38388549567167,62.24069123513211,-0.012877884034388448,-0.033347373749738146,0.5733333333333334,-2.788399509230585,2.2390556391828547,2006.1843015100508
51.0,263.86696762467403,44.832187054745646,61.375094237385284,-0.04609849909167533,-0.07245565000816241,0.5866666666666667,1.5383879200747343,3.3985261793922668,2006.6545527273959
51.050000000000004,0.0,0.0,119.54868659356386,0.0,0.0,0.0,0.0,2.0,2274.3030191895677
51.1,2.0,-0.28562969908901953,119.82878382105751,0.0,0.0,0.0,0.0,2.0,2276.323312318052
51.150000000000006,4.0,-0.133368586407129,123.01526711782736,0.0,0.0,0.0,0.0,2.0,2278.329099805907
51.2,6.0,-0.36254870440359466,118.61569557584622,0.0,0.0,0.0,0.0,2.0,2280.342187863217
51.25,8.0,-0.2592452475240127,122.61602383132356,0.0,0.0,0.0,0.0,2.0,2282.344853987214
51.300000000000004,10.0,-0.06464593845741257,117.64236671955041,0.0,0.0,0.0,0.0,2.0,2284.354298908352
51.35,12.0,-0.13974471572785607,122.69333944750973,0.0,0.0,0.0,0.0,2.0,2286.3557083682945
51.400000000000006,14.0,0.09672585309050075,119.05130911619305,0.0,0.0,0.0,0.0,2.0,2288.3696394321387
51.45,16.0,0.19308259466275754,120.14686903848224,0.0,0.0,0.0,0.0,2.0,2290.3719592421708
51.5,18.0,0.053910310633802416,119.3272426737792,0.0,0.0,0.0,0.0,2.0,2292.3767956256797
51.550000000000004,20.0,0.33419611108701736,122.56472694823121,0.0,0.0,0.0,0.0,2.0,2294.396340160949
51.6,22.0,0.10586174673913926,122.1754796864675,0.0,0.0,0.0,0.0,2.0,2296.4093321087576
51.650000000000006,24.0,0.03052166075842616,120.88700344116904,0.0,0.0,0.0,0.0,2.0,2298.4107506378405
51.7,26.0,-0.01074129996543962,117.69626323082645,0.0,0.0,0.0,0.0,2.0,2300.411176250536
51.75,28.0,0.11030344023821148,118.56995626393952,0.0,0.0,0.0,0.0,2.0,2302.414835859634
51.800000000000004,30.0,0.3333900997144384,117.94284694898775,0.0,0.0,0.0,0.0,2.0,2304.4272393126316
51.85,32.0,0.543948411094981,115.50371422641567,0.0,0.0,0.0,0.0,2.0,2306.4382924701818
51.900000000000006,34.0,0.5886980750098423,122.52263620370009,0.0,0.0,0.0,0.0,2.0,2308.438793040644
51.95,36.0,0.5326442541171289,119.3443529473146,0.0,0.0,0.0,0.0,2.0,2310.439578394158
52.0,38.0,0.16744740579160283,119.3230120714154,0.0,0.0,0.0,0.0,2.0,2312.4726471923123
52.050000000000004,40.0,-0.09538176509944046,122.99220446685112,0.0,0.0,0.0,0.0,2.0,2314.4898430611042
52.1,42.0,0.2579493327588467,119.04802279522727,0.0,0.0,0.0,0.0,2.0,2316.5208139778615
52.150000000000006,44.0,-0.1092650647416612,118.31905812862814,0.0,0.0,0.0,0.0,2.0,2318.5542461536993
52.2,46.0,-0.2661631933900831,119.55050875897003,0.0,0.0,0.0,0.0,2.0,2320.5603909697015
52.25,48.0,-0.03724193698006514,117.73466189624621,0.0,0.0,0.0,0.0,2.0,2322.5734495733286
52.300000000000004,50.0,0.004700722859408243,120.68871153857592,0.0,0.0,0.0,0.0,2.0,2324.5738893216626
52.35,52.0,0.1903097370605467,119.25267584347166,0.0,0.0,0.0,0.0,2.0,2326.582483533083
52.400000000000006,54.0,0.29887540731468204,118.98545717881238,0.0,0.0,0.0,0.0,2.0,2328.5854279918135
52.45,56.0,0.5927919147868593,118.81219365595939,0.0,0.0,0.0,0.0,2.0,2330.6069093578826
52.5,58.0,0.6518773720998363,119.78755701231597,0.0,0.0,0.0,0.0,2.0,2332.607781940349
52.550000000000004,60.0,0.7845669179301386,120.1669622510397,0.0,0.0,0.0,0.0,2.0,2334.6121787362886
52.6,62.0,0.6397176115184704,118.96004982318496,0.0,0.0,0.0,0.0,2.0,2336.617417206289
52.650000000000006,64.0,0.7569842066340977,119.28246812780971,0.0,0.0,0.0,0.0,2.0,2338.620852120213
52.7,66.0,0.6777589870362519,119.8369543463613,0.0,0.0,0.0,0.0,2.0,2340.6224206639854
52.75,68.0,0.5871378134401094,119.63516372892093,0.0,0.0,0.0,0.0,2.0,2342.6244726605887
52.800000000000004,70.0,0.766082516369537,120.06215193375003,0.0,0.0,0.0,0.0,2.0,2344.63246200486
52.85,72.0,0.9464071915814097,118.64665839350397,0.0,0.0,0.0,0.0,2.0,2346.640574797631
52.900000000000006,74.0,1.2840956227306362,122.00918581825299,0.0,0.0,0.0,0.0,2.0,2348.6688828305814
52.95,76.0,1.6087482598278764,120.19365635481904,0.0,0.0,0.0,0.0,2.0,2350.6950613357417
53.0,78.0,1.7922112920996316,118.99230649435025,0.0,0.0,0.0,0.0,2.0,2352.7034583792097
53.050000000000004,80.0,1.448122170052289,120.68876843475707,0.0,0.0,0.0,0.0,2.0,2354.732841862909
53.1,82.0,1.8136583666422283,119.85126280236257,0.0,0.0,0.0,0.0,2.0,2356.765971645047
53.150000000000006,84.0,1.9972519007755007,116.53234729103266,0.0,0.0,0.0,0.0,2.0,2358.774380613802
53.2,86.0,1.84407988275824,120.68190538044325,0.0,0.0,0.0,0.0,2.0,2360.7802374549306
53.25,88.0,1.9898617138707966,117.96098759523163,0.0,0.0,0.0,0.0,2.0,2362.7855435019674
53.300000000000004,90.0,1.782408565678251,121.86885556646261,0.0,0.0,0.0,0.0,2.0,2364.7962739186805
53.35,92.0,1.9061345897001993,119.51650072221311,0.0,0.0,0.0,0.0,2.0,2366.8000972963814
53.400000000000006,94.0,1.6428805814853795,121.56014059478213,0.0,0.0,0.0,0.0,2.0,2368.8173485630414
53.45,96.0,1.4812368997280523,118.73956289360478,0.0,0.0,0.0,0.0,2.0,2370.823870100392
53.5,98.0,1.6232227255681577,120.13985853428127,0.0,0.0,0.0,0.0,2.0,2372.8289037596455
53.550000000000004,100.0,1.8378000741667364,122.42048700101375,0.0,0.0,0.0,0.0,2.0,2374.840381683594
53.6,102.0,1.9028874460534986,119.46196690717035,0.0,0.0,0.0,0.0,2.0,2376.8414404948185
53.650000000000006,104.0,1.8456537187159046,118.81836580252839,0.0,0.0,0.0,0.0,2.0,2378.8422592521138
53.7,106.0,1.4226804597125065,121.31008122756357,0.0,0.0,0.0,0.0,2.0,2380.8864966106003
53.75,108.0,1.3808762397822345,121.27132319350193,0.0,0.0,0.0,0.0,2.0,2382.8869334610918
53.800000000000004,110.0,1.4875732551471401,118.90250173317037,0.0,0.0,0.0,0.0,2.0,2384.889777502221
53.85,112.0,1.4242202339600107,116.02907795916448,0.0,0.0,0.0,0.0,2.0,2386.890780651967
53.900000000000006,114.0,1.419704645741127,118.7799540450033,0.0,0.0,0.0,0.0,2.0,2388.8907857495947
53.95,116.0,1.3825811521575428,121.35471904337284,0.0,0.0,0.0,0.0,2.0,2390.891130258367
54.0,118.0,1.3182399085932561,118.44993162115256,0.0,0.0,0.0,0.0,2.0,2392.8921649396316
54.050000000000004,120.0,1.3334153865852187,119.97812432596761,0.0,0.0,0.0,0.0,2.0,2394.892222512586
54.1,122.0,1.2788764701547266,118.68503012406731,0.0,0.0,0.0,0.0,2.0,2396.892965997745
54.150000000000006,124.0,1.567534380881115,116.1356656749479,0.0,0.0,0.0,0.0,2.0,2398.913689479428
54.2,126.0,1.1262506112043684,118.64903764592015,0.0,0.0,0.0,0.0,2.0,2400.9617938140213
54.25,128.0,1.0170820940101528,121.34626404137943,0.0,0.0,0.0,0.0,2.0,2402.96477103934
54.300000000000004,130.0,0.8430308493067078,115.25949503986837,0.0,0.0,0.0,0.0,2.0,2404.972330213009
54.35,132.0,0.8868529693135898,120.50433470095115,0.0,0.0,0.0,0.0,2.0,2406.9728102499507
54.400000000000006,134.0,0.9022819264902151,117.62786153720117,0.0,0.0,0.0,0.0,2.0,2408.9728697622454
54.45,136.0,1.226720546800101,121.21688413894839,0.0,0.0,0.0,0.0,2.0,2410.999013986714
54.5,138.0,1.61694895645966,121.42863787174731,0.0,0.0,0.0,0.0,2.0,2413.036727953812
54.550000000000004,140.0,1.4623322653455637,119.65610413017745,0.0,0.0,0.0,0.0,2.0,2415.0426956308124
54.6,142.0,1.4624322783522896,119.66066368243756,0.0,0.0,0.0,0.0,2.0,2417.042695633313
54.650000000000006,144.0,1.5016931617371607,118.3872746057274,0.0,0.0,0.0,0.0,2.0,2419.043080950437
54.7,146.0,1.3421304120696935,117.30883319979007,0.0,0.0,0.0,0.0,2.0,2421.049435921792
54.75,148.0,1.467806819277218,123.39618581266747,0.0,0.0,0.0,0.0,2.0,2423.0533806713615
54.800000000000004,150.0,1.4199053455242292,118.26985714565774,0.0,0.0,0.0,0.0,2.0,2425.053954226917
54.85,152.0,1.2063783754040336,123.13559226239295,0.0,0.0,0.0,0.0,2.0,2427.0653203713496
54.900000000000006,154.0,1.150464714550725,118.28099992039965,0.0,0.0,0.0,0.0,2.0,2429.0661018030582
54.95,156.0,0.9509298000025952,121.05038078067545,0.0,0.0,0.0,0.0,2.0,2431.0760307028263
55.0,158.0,1.1582591658864463,117.72438568069273,0.0,0.0,0.0,0.0,2.0,2433.086748352313
55.050000000000004,160.0,1.5385710169091804,121.04679003380403,0.0,0.0,0.0,0.0,2.0,2435.1225865344945
55.1,162.0,1.5875348916880883,119.34882528569375,0.0,0.0,0.0,0.0,2.0,2437.12318580997
55.150000000000006,164.0,1.6097902452987434,119.37496767864866,0.0,0.0,0.0,0.0,2.0,2439.123309631328
55.2,166.0,1.6402771986735805,121.2200463395689,0.0,0.0,0.0,0.0,2.0,2441.123541981413
55.25,168.0,1.8767240044612434,119.06171726984181,0.0,0.0,0.0,0.0,2.0,2443.137470255202
55.300000000000004,168.0,1.8767240044612434,60.51949702904731,0.0001977097779760047,-0.005782678427411545,-0.8,5.363349458486387,3.512467262134826,2443.137470255202
55.35,168.53138205006397,1.880667508219886,61.375094237385284,0.05062821718293336,0.03717072489186685,-0.7818181818181819,11.16106387330109,2.8180293311294395,2443.6688669378714
55.400000000000006,169.06264704411927,1.8924971507972819,62.24069123513211,0.053328989958654746,0.08169999468627193,-0.7636363636363637,9.818368101722674,3.0564289455849107,2444.2002636205407
55.45,169.593677951943,1.912210326289179,63.115473352691296,-0.005306405649389657,0.016680190772130725,-0.7454545454545456,6.6131917210223214,3.40868236289578,2444.73166030321
55.5,170.12435779487822,1.9398026921596443,63.998617275753055,0.09744633308416518,0.15864755220058344,-0.7272727272727273,19.199420321863258,3.193451701085712,2445.2630569858793
55.550000000000004,170.65456967160262,1.975268170197693,64.88929182016899,0.15179581329106265,0.20915226976057757,-0.7090909090909091,25.6265473249555,3.8390629965102416,2445.7944536685486
55.6,171.1841967838803,2.0185989478562028,65.78665871423344,0.11943612000180626,0.20498207969733462,-0.6909090909090909,22.329420151756366,3.780688870102883,2446.325850351218
55.650000000000006,171.71312246229076,2.069785479972923,66.68987338763554,0.06367408128421186,0.10868219317957348,-0.6727272727272728,13.287882966673017,3.39692950901926,2446.8572470338872
55.7,172.24123019192947,2.128816490873133,67.59808576633915,0.06085942172574213,0.09659029924518453,-0.6545454545454545,12.65045318254472,2.7225727063823086,2447.3886437165565
55.75,172.7684036380747,2.1956789768535216,68.51044107264286,0.15139710828235045,0.25453717383276636,-0.6363636363636364,25.14525069374802,4.378498633759268,2447.920040399226
55.800000000000004,173.29452667181405,2.2703582090467194,69.42608062966681,0.12717666013244605,0.20497070745515955,-0.6181818181818182,24.734229278357724,4.725254020657036,2448.451437081895
55.85,173.8194833956264,2.352837736665856,70.34414266950931,0.20116688128580967,0.28106942518104766,-0.6000000000000001,29.333386415421764,3.8476223446768403,2448.9828337645645
55.900000000000006,174.34315816891228,2.443099390628449,71.26376314431263,0.2856175771828689,0.36704211325483976,-0.5818181818181819,35.20650559633856,3.577948903079332,2449.514230447234
55.95,174.86543563346794,2.541123287558773,72.18407653947465,0.20906035590602803,0.280833981578971,-0.5636363636363637,31.126392599156027,3.8570532988994244,2450.045627129903
56.0,175.3862007388971,2.6468878341679263,73.10421668824077,0.23156304453027732,0.3180121205717721,-0.5454545454545455,35.886931261944504,4.448966432008316,2450.5770238125724
56.050000000000004,175.905338767955,2.760369732010494,74.02331758690993,0.2600228066365229,0.3737311851644039,-0.5272727272727273,34.27317231052157,3.813599717635409,2451.1084204952417
56.1,176.42273536181898,2.881543982616889,74.94051420988683,0.26007012043857064,0.31780795036597825,-0.5090909090909091,35.10589986753341,3.88897425903884,2451.639817177911
56.150000000000006,176.93827654528013,3.0103838930001574,75.8549433238138,0.2873221096642868,0.36734850420469606,-0.49090909090909096,39.68896381746298,4.272372580820159,2452.1712138605803
56.2,177.45184875185035,3.146861081536065,76.76574430001584,0.3150353568824527,0.4287979686178455,-0.47272727272727266,45.44674851280518,4.887917831956499,2452.7026105432496
56.25,177.96333884877959,3.2909454842151877,77.67205992449419,0.35552687628262997,0.434588586213719,-0.45454545454545453,42.6405206483299,4.691477625185844,2453.234007225919
56.300000000000004,178.47263416197728,3.4426053612655645,78.5730372047061,0.40548449717572005,0.501817124515959,-0.43636363636363634,45.983969330181175,4.913885358314008,2453.7654039085883
56.35,178.97962250083296,3.6018073041445486,79.46782817237161,0.48532807784283705,0.6311971729517474,-0.4181818181818182,53.22135268894151,4.68045724051703,2454.2968005912576
56.400000000000006,179.4841921829302,3.7685162428982197,80.35559068155159,0.4150658915928112,0.5190596611641279,-0.4,50.491747996147254,4.758138461079345,2454.828197273927
56.45,179.9862320586487,3.942695453886828,81.23548920124605,0.3905640383139822,0.4929120225851967,-0.38181818181818183,46.17133610807568,4.117754404193025,2455.359593956596
56.5,180.4856315356491,4.12430656787446,82.1066956017666,0.5670546334291727,0.6264822507574804,-0.3636363636363637,54.18625142177778,5.302209802215047,2455.8909906392655
56.550000000000004,180.9822806032347,4.31330957848129,82.96838993414322,0.4224628277933393,0.49636726765183425,-0.34545454545454546,49.79296902428058,5.06471162334831,2456.422387321935
56.6,181.47606985658544,4.509662850996377,83.81976120183144,0.44483999999002705,0.5262538959409779,-0.32727272727272727,51.39913861658541,4.855443472209245,2456.953784004604
56.650000000000006,181.96689052085827,4.713323131549242,84.66000812399399,0.5051176447132039,0.5854764186482406,-0.3090909090909091,56.39726200226016,4.572723962547315,2457.4851806872734
56.7,182.45463447514854,4.924245556638065,85.4883398896382,0.5578237807097821,0.6202489481376642,-0.29090909090909095,57.19919779924934,4.758883280392194,2458.0165773699428
56.75,182.93919427630777,5.14238366301251,86.30397690189967,0.5353323170470511,0.6222192061279164,-0.27272727272727276,56.43312726803827,5.769915723714754,2458.547974052612
56.800000000000004,183.4204631826116,5.367689397908898,87.10615151177153,0.5717985160897582,0.6699833386258672,-0.2545454545454546,56.42972094599368,4.834594793565853,2459.0793707352814
56.85,183.89833517727368,5.600113129635572,87.89410874058885,0.6350252781013863,0.7032776398743841,-0.23636363636363633,63.01252957606408,5.634830003348436,2459.6107674179507
56.900000000000006,184.37270499179965,5.839603658506075,88.66710699058807,0.6708630096337783,0.7605547579503044,-0.21818181818181817,60.036489421954734,5.451110072960174,2460.14216410062
56.95,184.84346812917627,6.08610822811769,89.42441874287293,0.6303330668022751,0.728806496643656,-0.2,58.2568165404699,5.019351265701046,2460.6735607832893
57.0,185.31052088689063,6.339572536972974,90.16533124212977,0.6174532731016155,0.712853812970204,-0.18181818181818185,61.39759592938475,4.4662369251759,2461.2049574659586
57.050000000000004,185.77376037977444,6.599940750441573,90.88914716744782,0.7649167208084351,0.8079411158284551,-0.1636363636363637,61.36375715081596,5.529623537779619,2461.736354148628
57.1,186.23308456266813,6.867155513059849,91.5951852886133,0.6732238481399003,0.7321246795762304,-0.14545454545454542,57.943708355463514,5.241924472031752,2462.2677508312972
57.150000000000006,186.68839225289992,7.141157961165449,92.28278110725948,0.6403860995860257,0.70671629034224,-0.12727272727272726,59.72800161688207,6.023416206756386,2462.7991475139665
57.2,187.13958315257509,7.421887735864177,92.95128748226918,0.7979526257005795,0.8635053323758719,-0.10909090909090909,64.4797343485275,5.160419649416367,2463.330544196636
57.25,187.58655787067002,7.7092829963261815,93.60007523884146,0.8348476694244018,0.8746774753921323,-0.09090909090909093,65.08722448568653,6.771416721950289,2463.861940879305
57.300000000000004,188.0292179449268,8.003280433408637,94.22853376064877,0.7402849561220421,0.7918546926923399,-0.07272727272727275,64.34970958638154,5.564969342825316,2464.3933375619745
57.35,188.467465863543,8.303815283601859,94.83607156452786,0.7533130534409876,0.8248986225586608,-0.05454545454545459,61.87978374869381,5.663610478287061,2464.924734244644
57.400000000000006,188.9012050866521,8.610821343295793,95.42211685716283,0.7812320299047246,0.8118822327337757,-0.036363636363636334,64.12678496686245,5.139110630985212,2465.456130927313
57.45,189.33034006759,8.924230983363751,95.98611807323715,0.8750053783333482,0.8864182019869681,-0.018181818181818167,65.8470134869429,5.8166077597381385,2465.9875276099824
57.5,189.75477627394244,9.243975164060144,96.52754439454752,0.9577214587612966,0.968523728916759,0.0,66.81665665667245,6.1420966508668835,2466.5189242926517
57.550000000000004,190.1744202083694,9.569983450228975,97.0458862495914,0.889756734065848,0.9283683911252715,0.0,66.62889481527529,6.253768819286253,2467.050320975321
57.6,190.58917942920104,9.902184026819718,97.54065579315795,0.9576531683710487,0.955775525252595,0.0,69.43102349209057,5.378165471961814,2467.5817176579903
57.650000000000006,190.99896257080135,10.24050371470716,98.01138736547078,0.9404600199948535,0.9551961722880813,0.0,70.98677979024403,6.568978944758263,2468.1131143406596
57.7,191.4036793636948,10.584867986811753,98.45763793045064,0.9344470463682317,0.923873575083332,0.0,68.55150739846523,5.952328487135985,2468.644511023329
57.75,191.80324065445134,10.93520098451686,98.87898749268555,0.9875673762727861,0.9871598207303046,0.0,64.96433272724754,6.265593909844569,2469.1759077059983
57.800000000000004,192.19755842532572,11.291425534379346,99.27503949271566,0.941267774977335,0.9787955933286607,0.0,67.76521554930822,5.825915649233602,2469.7073043886676
57.85,192.58654581364655,11.653463165129837,99.64542118026125,1.0528132208036483,1.0215004663506935,0.0,69.97067463249051,5.600430079912555,2470.238701071337
57.900000000000006,192.97011713095088,12.02123412495879,99.98978396504216,0.9349031517229001,0.9339628886741211,0.0,69.09610977607115,5.838250979724007,2470.770097754006
57.95,193.34818788186018,12.394657399084737,100.3078037448588,0.8911054004832006,0.8768704838181705,0.0,67.0290050434185,5.7242592263661205,2471.3014944366755
58.0,193.7206747826936,12.773650727600685,100.59918121062582,1.0015383037593508,1.022293803938198,0.0,70.87048088253134,5.374167277757348,2471.832891119345
58.050000000000004,194.08749577981402,13.158130623594827,100.86364212807125,1.0118747485564494,0.9931906060688315,0.0,69.76702743130826,6.376214520789057,2472.364287802014
58.1,194.4485700677034,13.548012391541533,101.10093759583631,0.9986763997874374,0.9659829753871686,0.0,71.27622703445446,6.396211243109796,2472.8956844846834
58.150000000000006,194.80381810676317,13.943210145958583,101.31084427973262,1.0247344626501371,0.9732700017735667,0.0,68.75165956626263,5.554977693410137,2473.4270811673528
58.2,195.15316164083552,14.343636830326549,101.49316462293649,1.1615961394832526,1.1169108262598868,0.0,71.80440205409543,5.839439803643614,2473.958477850022
58.25,195.4965237144423,14.749204236266095,101.64772703192249,0.9872785688844302,0.9603698019719964,0.0,69.96510249380793,5.729628717478839,2474.4898745326914
58.300000000000004,195.83382868973715,15.159823022969078,101.7743860379613,0.9385333883690179,0.9525195613308801,0.0,66.90819159627944,5.86950623248579,2475.0212712153607
58.35,196.16500226316742,15.57540273687906,101.87302243402979,1.0229594677906373,1.0015546683533578,0.0,68.19326765040404,5.8725785001024065,2475.55266789803
58.400000000000006,196.4899714818423,15.99585183161694,101.94354338700447,1.0665289994579903,1.0578200001038205,0.0,69.18151725469116,6.14300108392607,2476.0840645806993
58.45,196.8086647596033,16.421077688147378,101.98588252503279,1.140433639007462,1.1136189180226657,0.0,70.15678849669244,6.451595602905955,2476.6154612633686
58.5,197.12101189279355,16.85098663518142,102.0,1.0291990964769664,1.0328682481694786,0.0,70.2724266043438,5.4144702751456215,2477.146857946038
58.550000000000004,197.4269440757228,17.28548396981101,101.98588252503279,0.950566446222683,0.9361783814972328,0.0,65.258470719524,5.181887330840065,2477.6782546287072
58.6,197.72639391582436,17.724473978370686,101.94354338700447,1.1083222612137362,1.0973386697410623,0.0,68.46106658383029,4.930877138761614,2478.2096513113765
58.650000000000006,198.01929544850069,18.16785995752197,101.87302243402979,1.004014935936414,0.9963170217248354,0.0,71.8304707373962,6.460223679401242,2478.741047994046
58.7,198.30558415165444,18.615544235555745,101.7743860379613,0.9594497402397087,0.9532992550774484,0.0,67.1000686997413,5.867511275541069,2479.272444676715
58.75,198.58519695990185,19.06742819390797,101.64772703192249,0.9512568989290509,0.9385099117437423,0.0,68.3245625846524,6.339455300963805,2479.8038413593845
58.800000000000004,198.8580722784651,19.523412288883975,101.49316462293649,1.052111263046135,1.0309929459315539,0.0,67.65036459837353,5.524109839888966,2480.335238042054
58.85,199.1241499967408,19.983396073586515,101.31084427973262,0.96032122962293,0.9972191116982619,0.0,68.346121745058,6.003861004861367,2480.866634724723
58.900000000000006,199.38337150154155,20.447278220042833,101.10093759583631,0.9614981792380921,0.998039049250523,0.0,67.14964210463285,6.101530400809869,2481.3980314073924
58.95,199.6356796900075,20.914956541525786,100.86364212807125,1.0422355729789516,1.0400272859921251,0.0,67.3707862642384,5.839190610561368,2481.9294280900617
59.0,199.8810189821854,21.38632801506415,100.59918121062582,0.9315400697516644,0.9299235236190617,0.0,69.62756069363301,5.013056671623789,2482.460824772731
59.050000000000004,200.11933533327206,21.861288804137114,100.3078037448588,1.039042814119092,1.0320837972091224,0.0,71.43416004622918,6.969187059694946,2482.9922214554003
59.1,200.3505762455197,22.339734281548033,99.98978396504216,0.9163339130008551,0.9309824695925244,0.0,67.14116762011523,6.492589079412599,2483.5236181380697
59.150000000000006,200.57469077980033,22.82155905247233,99.64542118026125,1.054167371763001,1.0577285492886546,0.0,71.41799077164569,5.982219512003281,2484.055014820739
59.2,200.79162956682714,23.30665697767447,99.27503949271566,0.9669686263813998,0.9714810159826778,0.0,71.19038742205915,6.169556870532837,2484.5864115034083
59.25,201.00134481802962,23.794921196888982,98.87898749268555,0.8623465438921258,0.8869808723459199,0.0,67.2239465485779,5.418547278859314,2485.1178081860776
59.300000000000004,201.20379033608094,24.286244152360243,98.45763793045064,0.8301901413156471,0.8226086283452627,0.0,66.03271325284453,4.970124083523414,2485.649204868747
59.35,201.3989215250744,24.78051761253597,98.01138736547078,0.93921130837701,0.9546559918174813,0.0,68.07880181578031,6.77759872793095,2486.180601551416
59.400000000000006,201.58669540034734,25.277632695909084,97.54065579315795,0.8744474119693318,0.8852802793239343,0.0,67.3485887901374,4.828156397268902,2486.7119982340855
59.45,201.76707059795012,25.77747989500281,97.0458862495914,0.8606658485701321,0.8854460164694234,0.0,65.50735430932554,5.513586200922713,2487.243394916755
59.5,201.94000738375794,26.279949100493592,96.52754439454752,0.9303499116752869,0.9202310648070604,0.013333333333333334,67.18249096952894,5.802855108042298,2487.774791599424
59.550000000000004,202.1054676622237,26.784929625466695,95.98611807323715,0.8955835184225007,0.9206076824212442,0.02666666666666667,67.52765931266163,6.587441336607375,2488.3061882820934
59.6,202.26341498477004,27.292310229798915,95.42211685716283,0.8670874457909654,0.9189141270337366,0.04,65.49307523121189,6.205036708219219,2488.8375849647628
59.650000000000006,202.41381455781823,27.80197914466326,94.83607156452786,0.7619366022436616,0.7861114998305604,0.05333333333333334,62.941621629886384,4.522209612208021,2489.368981647432
59.7,202.55663325045296,28.313824097150032,94.22853376064877,0.8179095117659724,0.902764349783775,0.06666666666666667,65.00301058674816,5.706917928834234,2489.9003783301014
59.75,202.6918396017204,28.827732334999,93.60007523884146,0.7405526619885462,0.7886325463431763,0.08,64.59270409150542,5.376427738211708,2490.4317750127707
59.800000000000004,202.81940382755874,29.343590651437097,92.95128748226918,0.648114279309335,0.6903950347432336,0.09333333333333334,58.131619160497436,4.957015936579979,2490.96317169544
59.85,202.93929782735916,29.861285410116317,92.28278110725948,0.6757535471265106,0.729424410283604,0.10666666666666667,61.940057045322064,5.4981777846159625,2491.4945683781093
59.900000000000006,203.051495190156,30.380702570146205,91.5951852886133,0.7113498039968956,0.7839117079693654,0.12,63.15796469089487,4.647181660030108,2492.0259650607786
59.95,203.15597120044472,30.90172771121546,90.88914716744782,0.6234933996986409,0.7082681342024277,0.13333333333333333,60.094220454570134,4.920486446338948,2492.557361743448
60.0,203.25270284362637,31.42424605879711,90.16533124212977,0.6483248169139201,0.7365489018961568,0.14666666666666667,58.6281101433814,5.4490560797950085,2493.0887584261172
60.050000000000004,203.34166881107737,31.948142509431758,89.42441874287293,0.6648192585593236,0.7411597073279258,0.16,57.885140407030946,5.5632669645640975,2493.6201551087865
60.1,203.4228495048436,32.47330165608324,88.66710699058807,0.5966592820918086,0.6980375110310832,0.1733333333333333,58.699244842852046,5.168822269847848,2494.151551791456
60.150000000000006,203.49622704195747,32.99960781356117,87.89410874058885,0.6197434515506118,0.6648228278442312,0.18666666666666668,59.053030782842434,4.850272383382544,2494.682948474125
60.2,203.56178525837723,33.52694504400478,87.10615151177153,0.47767954673412494,0.6090241516976073,0.19999999999999998,53.814064230888924,4.767101818279585,2495.2143451567945
60.25,203.61950971254777,34.05519718242241,86.30397690189967,0.5581923011200947,0.6542700333645433,0.21333333333333335,55.1792888203718,5.333013661282248,2495.745741839464
60.300000000000004,203.66938768858193,34.58424786228098,85.4883398896382,0.45627519028127783,0.5311454147844087,0.22666666666666666,52.27120952605088,4.6103866364159565,2496.277138522133
60.35,203.71140819906157,35.11398054113996,84.66000812399399,0.5019652332310969,0.5809316884946558,0.24,55.15226278080302,4.221871292763703,2496.8085352048024
60.400000000000006,203.7455619874578,35.644278526324015,83.81976120183144,0.44211191872711647,0.5493100990393954,0.2533333333333333,50.175122578664606,4.031181505145735,2497.3399318874717
60.45,203.7718415301704,36.175025000628736,82.96838993414322,0.49049432542746046,0.5638393488423997,0.26666666666666666,53.608599625875684,3.9466993358091447,2497.871328570141
60.5,203.7902410381849,36.70610304805388,82.1066956017666,0.4195258367558356,0.5449037430541387,0.27999999999999997,49.53460174487206,5.362501638407093,2498.4027252528103
60.550000000000004,203.80075645834785,37.23739567955829,81.23548920124605,0.4622766369879682,0.5829954536087845,0.29333333333333333,50.23489508583996,5.152717278632576,2498.9341219354797
60.6,203.80338547425976,37.76878585883093,80.35559068155159,0.48914587388422126,0.5932766080557017,0.30666666666666664,53.70972639296274,4.726585882576832,2499.465518618149
60.650000000000006,203.79812750678533,38.3001565280724,79.46782817237161,0.36808553135641364,0.43700925021793563,0.32,48.007017721857764,4.084131508071765,2499.9969153008183
60.7,203.78498371418104,38.831390633781034,78.5730372047061,0.420602163484487,0.5710383680894994,0.3333333333333333,49.06132957374886,4.426150100284819,2500.5283119834876
60.75,203.76395699183988,39.36237115253824,77.67205992449419,0.3718583699524829,0.41064654967853526,0.3466666666666666,43.64544111131447,4.778558202826711,2501.059708666157
60.800000000000004,203.73505197165375,39.89298111678705,76.76574430001584,0.31688809195242906,0.43618143257643655,0.36,40.70914825665467,5.260761051816679,2501.591105348826
60.85,203.69827502099298,40.42310364059845,75.8549433238138,0.30052766105664763,0.4307844634624058,0.37333333333333335,37.739243021200224,3.9896569284234475,2502.1225020314955
60.900000000000006,203.65363424130368,40.952621945419736,74.94051420988683,0.38843837409948473,0.5049125699942152,0.38666666666666666,48.90145132173214,5.0839454703105,2502.653898714165
60.95,203.6011394663232,41.48141938579916,74.02331758690993,0.23936960794720197,0.33278091964685513,0.39999999999999997,36.07753124288049,4.01234921662001,2503.185295396834
61.0,203.54080225991376,42.00937947508128,73.10421668824077,0.17068507965737711,0.24705295274331768,0.41333333333333333,27.024292003425433,3.63494439327472,2503.7166920795034
61.050000000000004,203.47263591351523,42.53638591106737,72.18407653947465,0.29213198160592224,0.3882007139085405,0.4266666666666667,37.57677511283478,4.916709283140584,2504.2480887621728
61.1,203.39665544321716,43.06232260163513,71.26376314431263,0.1466272030819309,0.24861599931469064,0.43999999999999995,23.76230901495939,3.740765137572683,2504.779485444842
61.150000000000006,203.31287758645087,43.58707369031216,70.34414266950931,0.14085629528659344,0.24863332844611882,0.4533333333333333,23.372248334390108,3.8940822049656743,2505.3108821275114
61.2,203.22132079830254,44.11052358179753,69.42608062966681,0.1179426595122546,0.1870926972069553,0.4666666666666667,21.711026090194636,3.6854150580765888,2505.8422788101807
61.25,203.12200524744782,44.63255696742579,68.51044107264286,0.15937778396316737,0.2011660515044241,0.48,26.607345130974284,2.7906984711835467,2506.37367549285
61.300000000000004,203.01495281170884,45.153058850567845,67.59808576633915,0.09239178775917373,0.15307074520585656,0.4933333333333333,20.325631371761716,3.6034178099756007,2506.9050721755193
61.35,202.90018707323486,45.671914571963114,66.68987338763554,0.16855331039399676,0.2047839795850398,0.5066666666666666,26.497650563833496,3.333005926535003,2507.4364688581886
61.400000000000006,202.77773331330758,46.18900983497734,65.78665871423344,0.12320687736890544,0.15077005594146076,0.52,19.934022269230844,2.7417335977515718,2507.967865540858
61.45,202.64761850677192,46.70423073078055,64.88929182016899,0.06299375040782945,0.0883579171684824,0.5333333333333333,12.703657882575985,3.006505211281066,2508.4992622235272
61.5,202.5098713160938,47.217463763439575,63.998617275753055,0.10139130643656975,0.1478107391625072,0.5466666666666666,19.43285720303238,3.180737782669049,2509.0306589061965
61.550000000000004,202.36452208504636,47.72859587491957,63.115473352691296,0.060117795347221795,0.08631440113339767,0.5599999999999999,12.959105681488873,3.7738844729653587,2509.562055588866
61.6,202.21160283202545,48.23751446998915,62.24069123513211,-0.023715245332491745,-0.043234738194784815,0.5733333333333334,1.893319004693111,2.597809406533339,2510.093452271535
61.650000000000006,202.0511472429966,48.74410744102357,61.375094237385284,0.03596080696956572,0.07052639422712742,0.5866666666666667,10.071498236168743,2.816655463156755,2510.6248489542045
61.7,0.0,0.0,117.32167652892704,0.0,0.0,0.0,0.0,2.0,2718.472519406469
61.75,2.0,-0.06301934660642187,120.31948673410149,0.0,0.0,0.0,0.0,2.0,2720.4735120196606
61.800000000000004,4.0,0.3120949454004461,118.6449658562324,0.0,0.0,0.0,0.0,2.0,2722.5083856599804
61.85,6.0,0.6359086416220623,119.77802605645653,0.0,0.0,0.0,0.0,2.0,2724.5344299116837
61.900000000000006,8.0,0.4422550045483321,118.7646450224768,0.0,0.0,0.0,0.0,2.0,2726.543783472198
61.95,10.0,0.6023000721486018,117.50560879141314,0.0,0.0,0.0,0.0,2.0,2728.550176859264
62.0,12.0,0.2560137863691487,120.7720066299196,0.0,0.0,0.0,0.0,2.0,2730.5799340348194
62.050000000000004,14.0,0.16654529415767563,119.9008064759505,0.0,0.0,0.0,0.0,2.0,2732.581934187441
62.1,16.0,-0.018967576414816112,121.2252582393744,0.0,0.0,0.0,0.0,2.0,2734.5905195167584
62.150000000000006,18.0,0.19488831509967214,121.58887581599772,0.0,0.0,0.0,0.0,2.0,2736.6019206061324
62.2,20.0,-0.06325518885801029,122.45051747417803,0.0,0.0,0.0,0.0,2.0,2738.618511310424
62.25,22.0,0.022614858226484097,120.26697349088533,0.0,0.0,0.0,0.0,2.0,2740.620353877907
62.300000000000004,24.0,0.022756882539676813,122.53724204920641,0.0,0.0,0.0,0.0,2.0,2742.6203538829495
62.35,26.0,-0.01233288340622524,118.0484509852181,0.0,0.0,0.0,0.0,2.0,2744.620661682183
62.400000000000006,28.0,0.32198370674265436,121.81791965845626,0.0,0.0,0.0,0.0,2.0,2746.6484110706547
62.45,30.0,0.6739231452095167,120.91878083265571,0.0,0.0,0.0,0.0,2.0,2748.679140340732
62.5,32.0,0.6450445815189224,120.46618530502957,0.0,0.0,0.0,0.0,2.0,2750.679348822726
62.550000000000004,34.0,0.5758613213989235,120.88946446832624,0.0,0.0,0.0,0.0,2.0,2752.6805450458587
62.6,36.0,0.27448665763829017,118.07852224332908,0.0,0.0,0.0,0.0,2.0,2754.703124262591
62.650000000000006,38.0,0.27363486019044814,117.60650638014995,0.0,0.0,0.0,0.0,2.0,2756.7031244439804
62.7,40.0,0.6642955113396463,123.419656372154,0.0,0.0,0.0,0.0,2.0,2758.740921230796
62.75,42.0,0.6385484434340616,119.66255564360546,0.0,0.0,0.0,0.0,2.0,2760.7410869518067
62.800000000000004,44.0,0.7843003000628175,119.6340131563866,0.0,0.0,0.0,0.0,2.0,2762.7463908199798
62.85,46.0,0.5048008352789646,117.79538105151741,0.0,0.0,0.0,0.0,2.0,2764.765826372508
62.900000000000006,48.0,0.4178458493322442,117.03644338900632,0.0,0.0,0.0,0.0,2.0,2766.767715772445
62.95,50.0,0.5103389104927745,119.82336224237544,0.0,0.0,0.0,0.0,2.0,2768.7698533717034
63.0,52.0,0.531511390102385,119.31682415698255,0.0,0.0,0.0,0.0,2.0,2770.769965437037
63.050000000000004,54.0,0.6964448569844974,120.0034687134849,0.0,0.0,0.0,0.0,2.0,2772.7767546757213
63.1,56.0,0.5759104800727647,120.17430788076435,0.0,0.0,0.0,0.0,2.0,2774.7803835176023
63.150000000000006,58.0,0.22591277030803159,124.97892216252139,0.0,0.0,0.0,0.0,2.0,2776.8107771732366
63.2,60.0,0.4503308163724857,119.32284003852209,0.0,0.0,0.0,0.0,2.0,2778.8233286531745
63.25,62.0,0.26310095851830395,123.15988021588689,0.0,0.0,0.0,0.0,2.0,2780.83207329092
63.300000000000004,64.0,0.36442176401870074,123.2840484300899,0.0,0.0,0.0,0.0,2.0,2782.8346381227366
63.35,66.0,0.45459313731638384,121.50724857054396,0.0,0.0,0.0,0.0,2.0,2784.836669809939
63.400000000000006,68.0,0.12184249830998545,119.52974733490177,0.0,0.0,0.0,0.0,2.0,2786.8641616071504
63.45,70.0,0.33166758175799055,117.27705532773454,0.0,0.0,0.0,0.0,2.0,2788.8751381275615
63.5,72.0,0.2183541428521967,120.95588775466781,0.0,0.0,0.0,0.0,2.0,2790.878345539548
63.550000000000004,74.0,0.22936506724958902,122.03762415940189,0.0,0.0,0.0,0.0,2.0,2792.8783758494324
63.6,76.0,0.1577285544564777,123.49537492856597,0.0,0.0,0.0,0.0,2.0,2794.879658385699
63.650000000000006,78.0,0.4822468549030595,118.10008409150643,0.0,0.0,0.0,0.0,2.0,2796.9058153705655
63.7,80.0,0.7509448965398721,119.51294722162946,0.0,0.0,0.0,0.0,2.0,2798.923784309271
63.75,82.0,0.3884779797857276,118.1122708191543,0.0,0.0,0.0,0.0,2.0,2800.956364508363
63.800000000000004,84.0,0.8402434041673654,118.73304401512615,0.0,0.0,0.0,0.0,2.0,2803.0067527639544
63.85,86.0,0.7045820576643261,121.32877506847126,0.0,0.0,0.0,0.0,2.0,2805.0113484840276
63.900000000000006,88.0,1.1250693930606936,118.64139046126853,0.0,0.0,0.0,0.0,2.0,2807.055072927104
63.95,90.0,1.0738274786326967,118.35145764536598,0.0,0.0,0.0,0.0,2.0,2809.0557292528615
64.0,92.0,1.0056441374143097,121.59399172744455,0.0,0.0,0.0,0.0,2.0,2811.056891157361
64.05,94.0,0.9561785907987452,120.90147758008709,0.0,0.0,0.0,0.0,2.0,2813.057502773918
64.10000000000001,96.0,0.8760206618028472,120.70002239587035,0.0,0.0,0.0,0.0,2.0,2815.059108452762
64.15,98.0,1.3808999693674915,118.69422528360187,0.0,0.0,0.0,0.0,2.0,2817.121850102898
64.2,100.0,1.3656273295033647,122.58604655642941,0.0,0.0,0.0,0.0,2.0,2819.12190841543
64.25,102.0,1.3051680429956267,120.02898039463959,0.0,0.0,0.0,0.0,2.0,2821.1228220380845
64.3,104.0,1.3205701944942156,124.76038027750954,0.0,0.0,0.0,0.0,2.0,2823.122881343773
64.35000000000001,106.0,1.1271031551092745,120.32233233894009,0.0,0.0,0.0,0.0,2.0,2825.1322169293157
64.4,108.0,1.4465272619673246,115.33330431630569,0.0,0.0,0.0,0.0,2.0,2827.157564247689
64.45,110.0,1.1523110948286983,115.24424893044626,0.0,0.0,0.0,0.0,2.0,2829.179089204994
64.5,112.0,1.0295093734144172,121.24789988369093,0.0,0.0,0.0,0.0,2.0,2831.1828557240233
64.55,114.0,1.2168414353837755,122.60098830466161,0.0,0.0,0.0,0.0,2.0,2833.191609890526
64.60000000000001,116.0,1.225311861537262,118.4323437401523,0.0,0.0,0.0,0.0,2.0,2835.1916278274753
64.65,118.0,1.3351548980372714,124.20195754555431,0.0,0.0,0.0,0.0,2.0,2837.1946419294395
64.7,120.0,1.6417877213743575,123.3259978739882,0.0,0.0,0.0,0.0,2.0,2839.2180113194295
64.75,122.0,1.8425480310408535,120.4210935268823,0.0,0.0,0.0,0.0,2.0,2841.2280622396643
64.8,124.0,1.8700433000690826,121.07890788471227,0.0,0.0,0.0,0.0,2.0,2843.22825122819
64.85000000000001,126.0,2.2879118300394423,121.78906043477703,0.0,0.0,0.0,0.0,2.0,2845.271438470794
64.9,128.0,2.1622446002801956,123.77998979464103,0.0,0.0,0.0,0.0,2.0,2847.2753826448256
64.95,130.0,2.142182672081685,121.36427193349117,0.0,0.0,0.0,0.0,2.0,2849.2754832625355
65.0,132.0,2.136094605781132,120.37586330454229,0.0,0.0,0.0,0.0,2.0,2851.2754925286517
65.05,134.0,2.115610252577736,121.3446023951733,0.0,0.0,0.0,0.0,2.0,2853.275597428082
65.10000000000001,136.0,1.9017681211855038,121.07472056289845,0.0,0.0,0.0,0.0,2.0,2855.286997054501
65.15,138.0,1.5850381561534042,121.84882037454999,0.0,0.0,0.0,0.0,2.0,2857.3119212186984
65.2,140.0,1.6684784710292428,116.85995341384093,0.0,0.0,0.0,0.0,2.0,2859.3136610334964
65.25,142.0,1.5417837139191115,120.63170689989491,0.0,0.0,0.0,0.0,2.0,2861.3176699061014
65.3,144.0,1.9233454717153675,120.92088101515947,0.0,0.0,0.0,0.0,2.0,2863.3537419517356
65.35000000000001,146.0,1.9088370070683196,119.85430566589565,0.0,0.0,0.0,0.0,2.0,2865.35379457493
65.4,148.0,1.8585391555700215,121.56833288843512,0.0,0.0,0.0,0.0,2.0,2867.3544269434237
65.45,150.0,2.0774071128505525,123.84233524113809,0.0,0.0,0.0,0.0,2.0,2869.366367097286
65.5,152.0,2.157845640340097,120.27643426220888,0.0,0.0,0.0,0.0,2.0,2871.367984032842
65.55,154.0,2.1227421547826872,121.38344216141537,0.0,0.0,0.0,0.0,2.0,2873.3682920727942
65.60000000000001,156.0,1.9945958052297985,123.2125295209031,0.0,0.0,0.0,0.0,2.0,2875.372393239628
65.65,158.0,2.7261361660296135,120.32312901188371,0.0,0.0,0.0,0.0,2.0,2877.501982706985
65.7,160.0,2.7984933184819614,118.22307359528239,0.0,0.0,0.0,0.0,2.0,2879.503291168345
65.75,162.0,3.0153792339588406,121.23155769817585,0.0,0.0,0.0,0.0,2.0,2881.5150166715716
65.8,164.0,2.8107901299121414,115.59666772640385,0.0,0.0,0.0,0.0,2.0,2883.5254536145007
65.85000000000001,166.0,2.6951930526274066,115.40326592407465,0.0,0.0,0.0,0.0,2.0,2885.5287915001995
65.9,168.0,3.117662230285464,120.66602409423251,0.0,0.0,0.0,0.0,2.0,2887.5729246186806
65.95,170.0,3.397048418156591,115.31005923383627,0.0,0.0,0.0,0.0,2.0,2889.5923444962627
66.0,172.0,3.4885728389032478,117.36966451514361,0.0,0.0,0.0,0.0,2.0,2891.5944375809104
66.05,174.0,3.412258660543843,119.23980287297935,0.0,0.0,0.0,0.0,2.0,2893.595893014793
66.10000000000001,176.0,3.365451506152528,118.55716730050823,0.0,0.0,0.0,0.0,2.0,2895.596440667238
66.15,178.0,3.230229359101302,119.70438699290577,0.0,0.0,0.0,0.0,2.0,2897.6010067123093
66.2,180.0,2.998859493073574,122.225740281537,0.0,0.0,0.0,0.0,2.0,2899.6143452369756
66.25,182.0,3.1836283299257766,120.47696162272786,0.0,0.0,0.0,0.0,2.0,2901.6228619839985
66.3,184.0,3.291394574484188,118.32135919644108,0.0,0.0,0.0,0.0,2.0,2903.625763270499
66.35000000000001,186.0,3.438610337752643,122.70888214556855,0.0,0.0,0.0,0.0,2.0,2905.631174071546
66.4,188.0,3.37123074016019,117.14228552691162,0.0,0.0,0.0,0.0,2.0,2907.6323087522137
66.45,190.0,3.422358535186823,120.4437670175442,0.0,0.0,0.0,0.0,2.0,2909.632962158335
66.5,192.0,3.335949782191996,116.91982804997659,0.0,0.0,0.0,0.0,2.0,2911.63482790623
66.55,194.0,3.1904881696379346,120.50463581146109,0.0,0.0,0.0,0.0,2.0,2913.640110699436
66.60000000000001,196.0,3.5239006568663696,119.3627451922148,0.0,0.0,0.0,0.0,2.0,2915.6677112238585
66.65,198.0,3.5482021162345183,122.16447582305274,0.0,0.0,0.0,0.0,2.0,2917.6678588586415
66.7,200.0,3.6496929838918266,121.44137894238845,0.0,0.0,0.0,0.0,2.0,2919.670432302043
66.75,202.0,3.816843786663327,118.82572133601667,0.0,0.0,0.0,0.0,2.0,2921.6774049951478
66.8,204.0,3.843651963909932,118.44212071836752,0.0,0.0,0.0,0.0,2.0,2923.67758465667
66.85000000000001,204.0,3.843651963909932,60.51949702904731,0.030142304811980852,0.05433125884768536,-0.8,-8.23931353985656,2.2610104561957174,2923.67758465667
66.9,203.5368943423609,3.8470887734546437,61.375094237385284,0.020267137488576836,0.020264522898916983,-0.7818181818181819,-9.45470431661678,3.3017724623205935,2924.1407030667956
66.95,203.07389070039937,3.8573984450078713,62.24069123513211,-0.01277939750355214,-0.0016769365709956782,-0.7636363636363637,-3.0093759795184107,2.388144388935209,2924.603821476921
67.0,202.61109106732033,3.874578707493649,63.115473352691296,-0.045650798224712734,-0.10383748444069418,-0.7454545454545456,1.0622008356116242,3.2291419882700314,2925.0669398870464
67.05,202.14859739138842,3.8986257763412357,63.998617275753055,-0.11612442373277378,-0.10156167297066386,-0.7272727272727273,11.840172411068787,3.767719141825947,2925.5300582971718
67.10000000000001,201.6865115534702,3.9295343543188284,64.88929182016899,-0.04753118317995774,-0.0776090970109368,-0.7090909090909091,3.8056515820093857,2.483920562762595,2925.993176707297
67.15,201.22493534459127,3.96729763270044,65.78665871423344,-0.0886328517748875,-0.1757354165371221,-0.6909090909090909,7.816791350636573,3.8295482980861673,2926.4562951174225
67.2,200.76397044351307,4.011907292765781,66.68987338763554,-0.10218181812088685,-0.19813471180800651,-0.6727272727272728,9.05653816092548,3.4444974069396883,2926.919413527548
67.25,200.30371839433454,4.063353507632751,67.59808576633915,-0.11302466124086742,-0.16034202245116,-0.6545454545454545,13.23863605370294,2.9977643668899483,2927.3825319376733
67.3,199.84428058412334,4.121624944422165,68.51044107264286,-0.1756779504616996,-0.21770986292540612,-0.6363636363636364,19.261001109214124,4.6645912332192525,2927.8456503477987
67.35000000000001,199.3857582205817,4.186708766754232,69.42608062966681,-0.16035510979118212,-0.27033726365628774,-0.6181818181818182,15.5564773860963,3.810733643091446,2928.308768757924
67.4,198.92825230975177,4.25859063757622,70.34414266950931,-0.15846397022637912,-0.2237949897689272,-0.6000000000000001,17.52837617742115,3.387338524518411,2928.7718871680495
67.45,198.4718636337655,4.33725472232072,71.26376314431263,-0.23022290065800774,-0.31859601549925987,-0.5818181818181819,26.104946314546996,3.5656815853145787,2929.235005578175
67.5,198.01669272864368,4.422683692393757,72.18407653947465,-0.25514991583901214,-0.3287329206070696,-0.5636363636363637,27.81283402798059,4.426779996039556,2929.6981239883003
67.55,197.56283986214916,4.514858728992068,73.10421668824077,-0.23475558214882364,-0.28692986811716875,-0.5454545454545455,25.18456013512856,3.5547614911198004,2930.1612423984257
67.60000000000001,197.11040501169953,4.61375952724859,74.02331758690993,-0.26326402425499784,-0.3708848732848932,-0.5272727272727273,28.7211208402476,4.4909136691251925,2930.624360808551
67.65,196.6594878423432,4.719364300705357,74.94051420988683,-0.2870884494673254,-0.400965861697885,-0.5090909090909091,30.90666729427111,4.201657669532075,2931.0874792186764
67.7,196.21018768480482,4.8316497861127425,75.8549433238138,-0.2796220490552238,-0.3739412576980499,-0.49090909090909096,30.525293235392553,4.6799178053110735,2931.550597628802
67.75,195.76260351360403,4.950591248554025,76.76574430001584,-0.3224904470336566,-0.4001909109369716,-0.47272727272727266,33.966541940598624,3.679303009069473,2932.013716038927
67.8,195.31683392525272,5.076162486894155,77.67205992449419,-0.3313593312466533,-0.399190333108047,-0.45454545454545453,36.648764207358376,3.746039379776138,2932.4768344490526
67.85000000000001,194.87297711653565,5.208335839551481,78.5730372047061,-0.38139610015953623,-0.44894678836980295,-0.43636363636363634,40.94723550284932,4.206337708094375,2932.939952859178
67.9,194.4311308628791,5.347082190591221,79.46782817237161,-0.4024263264227521,-0.49229409170792665,-0.4181818181818182,42.696451223393844,4.377849026361392,2933.4030712693034
67.95,193.99139249681224,5.492370976139282,80.35559068155159,-0.41134966825097086,-0.48687663625850564,-0.4,42.77927995242941,4.283351394427012,2933.8661896794288
68.0,193.55385888652623,5.644170191115071,81.23548920124605,-0.40848133022470096,-0.4607532249749028,-0.38181818181818183,42.38487919267584,5.697979877637968,2934.329308089554
68.05,193.11862641453544,5.80244639628174,82.1066956017666,-0.4148646161654385,-0.5211408317877708,-0.3636363636363637,45.305075626400544,5.595045997539266,2934.7924264996796
68.10000000000001,192.68579095644577,5.967164725612409,82.96838993414322,-0.4868090356407859,-0.5549435860772453,-0.34545454545454546,48.265025905468676,4.814358295642257,2935.255544909805
68.15,192.25544785983462,6.1382888939706355,83.81976120183144,-0.5138688936688075,-0.636541239974046,-0.32727272727272727,51.72742550134912,5.118109756947367,2935.7186633199303
68.2,191.82769192324707,6.315781205103541,84.66000812399399,-0.5381500816231076,-0.6449698363194734,-0.3090909090909091,49.74192673784243,4.8166934189186295,2936.1817817300557
68.25,191.40261737531324,6.499602559945751,85.4883398896382,-0.5721890391573607,-0.6762043381073957,-0.29090909090909095,53.954781085359876,4.503700247563121,2936.644900140181
68.3,190.9803178539909,6.689712465232392,86.30397690189967,-0.49851782368277386,-0.6162218981038283,-0.27272727272727276,47.79727783868753,4.757629574033859,2937.1080185503065
68.35000000000001,190.5608863859384,6.886069042419161,87.10615151177153,-0.6168501851857509,-0.6786364938009855,-0.2545454545454546,54.42752262922044,5.421468357133984,2937.571136960432
68.4,190.14441536602223,7.088629036907598,87.89410874058885,-0.48210432004729836,-0.5683882197869902,-0.23636363636363633,47.244485658515984,5.3579780401449755,2938.0342553705573
68.45,189.73099653696366,7.297347827573475,88.66710699058807,-0.6519395430907876,-0.7285528010955968,-0.21818181818181817,56.11708848608084,5.683512613548143,2938.4973737806827
68.5,189.3207209691292,7.512179436596183,89.42441874287293,-0.6235469257589471,-0.7547919666465067,-0.2,54.8663861895762,4.5094887533624135,2938.960492190808
68.55,188.913679040469,7.733076539587019,90.16533124212977,-0.6598447252747464,-0.7233698669619129,-0.18181818181818185,58.99083288610389,5.025495761808882,2939.4236106009334
68.60000000000001,188.5099604166078,7.959990476014066,90.88914716744782,-0.7124925114063412,-0.7719803370925735,-0.1636363636363637,59.323843464187426,4.581507228844725,2939.886729011059
68.65,188.1096540310931,8.192871259921448,91.5951852886133,-0.6301497567104342,-0.6972642395942343,-0.14545454545454542,56.20839674381277,5.676214497484062,2940.349847421184
68.7,187.712848065804,8.43166759094051,92.28278110725948,-0.6947238339540747,-0.748293078106615,-0.12727272727272726,57.891640628148046,5.038687036919679,2940.8129658313096
68.75,187.31962993152626,8.676326865590596,92.95128748226918,-0.7973357470191106,-0.8414799934022587,-0.10909090909090909,63.44385829585793,5.500884922391259,2941.276084241435
68.8,186.93008624869677,8.926795188866837,93.60007523884146,-0.8085922085986447,-0.8431474770785624,-0.09090909090909093,63.03867162967632,5.7694675652381875,2941.7392026515604
68.85000000000001,186.54430282832232,9.183017386112464,94.22853376064877,-0.7349133112210625,-0.8108768867503069,-0.07272727272727275,59.61138717837261,6.8157006201568695,2942.202321061686
68.9,186.1623646530767,9.444937015173027,94.83607156452786,-0.8629683717927542,-0.8854216811199426,-0.05454545454545459,61.70171759363036,5.79040251325459,2942.665439471811
68.95,185.7843558585801,9.712496378829794,95.42211685716283,-0.8205993948753716,-0.8646435158402677,-0.036363636363636334,63.19262968037769,5.474795028617677,2943.1285578819366
69.0,185.41035971486536,9.985636537509652,95.98611807323715,-0.7898399373439453,-0.8448759429126034,-0.018181818181818167,62.7859541812113,4.914106768135991,2943.591676292062
69.05,185.04045860803453,10.264297322268654,96.52754439454752,-0.8203831045895629,-0.8727798988181903,0.0,61.39346858685653,6.347659420706123,2944.0547947021873
69.10000000000001,184.67473402211058,10.548417348046403,97.0458862495914,-0.8567722806020011,-0.8704534166299386,0.0,63.464410641601084,5.5205420177412785,2944.5179131123127
69.15,184.31326652108757,10.837934027188311,97.54065579315795,-0.8281476395475507,-0.8448004955825169,0.0,63.8970758970841,6.362972719211401,2944.981031522438
69.2,183.95613573118345,11.132783583232786,98.01138736547078,-0.9656182946752789,-0.9770440459986358,0.0,64.2723312703969,6.48393869447027,2945.4441499325635
69.25,183.60342032329953,11.432901064960301,98.45763793045064,-0.9123671682924346,-0.8954783108466572,0.0,64.39419933564571,5.454956881235736,2945.907268342689
69.3,183.2551979956905,11.738220360701217,98.87898749268555,-0.8706319928778725,-0.8913747631198933,0.0,64.85170960124861,4.977986198931728,2946.3703867528143
69.35000000000001,182.9115454568485,12.048674212899265,99.27503949271566,-0.8580351121805271,-0.8650766491573528,0.0,65.59997802730541,5.731514506073862,2946.8335051629397
69.4,182.57253840860525,12.36419423292745,99.64542118026125,-0.7860185889733886,-0.8177297872135804,0.0,65.0793651282576,5.145737597254939,2947.296623573065
69.45,182.23825152945622,12.684710916153094,99.98978396504216,-1.008377936466699,-0.9920151791381583,0.0,70.4943286671176,5.995718458642628,2947.7597419831905
69.5,181.90875845810973,13.010153657248729,100.3078037448588,-0.9847712456603788,-1.0034565001472504,0.0,67.26868528190546,6.53489430386892,2948.222860393316
69.55,181.5841317772656,13.34045076574548,100.59918121062582,-1.0126681675766556,-1.0296831824242794,0.0,66.91923738158341,5.262258489460421,2948.6859788034412
69.60000000000001,181.26444299762613,13.675529481825443,100.86364212807125,-0.9756709468172712,-0.9682501642300194,0.0,68.23794085960148,6.037057414724165,2949.1490972135666
69.65,180.94976254214322,14.015315992349677,101.10093759583631,-1.0187234725021739,-0.9646856540385507,0.0,66.95499092232093,6.273855057558521,2949.612215623692
69.7,180.64015973050525,14.359735447118172,101.31084427973262,-0.9827255225180291,-0.9598914867237842,0.0,65.86526426328132,6.283729741049385,2950.0753340338174
69.75,180.3357027638669,14.708711975358337,101.49316462293649,-0.9470902451338361,-0.9683486284728708,0.0,65.74603873623954,5.223274799824901,2950.538452443943
69.8,180.03645870982547,15.062168702438225,101.64772703192249,-1.059803844699263,-1.0484690521357194,0.0,67.93727490861377,6.35507539129414,2951.001570854068
69.85000000000001,179.74249348764673,15.420027766800967,101.7743860379613,-0.9976258648167372,-0.9938589642357489,0.0,67.94866858383884,6.583345183660594,2951.4646892641936
69.9,179.45387185374386,15.782210337116574,101.87302243402979,-1.0370108696387708,-1.0161939964787603,0.0,67.23577878599939,6.220198888636319,2951.927807674319
69.95,179.17065738741255,16.148636629647353,101.94354338700447,-1.0001464661155577,-0.9766951146071522,0.0,67.51092124421366,5.872238240767189,2952.3909260844443
70.0,178.89291247682536,16.519225925823175,101.98588252503279,-1.1242524739122717,-1.0657412140072395,0.0,72.14251649289855,6.767030112308441,2952.8540444945697
70.05,178.62069830528844,16.893896590022614,102.0,-0.9069635328077221,-0.904763056028263,0.0,65.41553583768382,5.367129762865375,2953.317162904695
70.10000000000001,178.3540748377638,17.272566087556157,101.98588252503279,-0.9357199211943253,-0.938672609960302,0.0,68.21109541117558,5.051101375779271,2953.7802813148205
70.15,178.09310080765974,17.655151002847408,101.94354338700447,-1.056579243104187,-1.0177809824169004,0.0,70.32461519298901,5.953044039785236,2954.243399724946
70.2,177.83783370389278,18.041567057808404,101.87302243402979,-1.1087170372615875,-1.084820994240237,0.0,70.36816305650294,6.52198557857271,2954.7065181350713
70.25,177.58832975822375,18.431729130404857,101.7743860379613,-1.007663253747542,-0.9839297166842584,0.0,67.010187184437,6.471257530770992,2955.1696365451967
70.3,177.34464393287053,18.82555127340737,101.64772703192249,-0.9576172834367488,-0.9503609943123428,0.0,68.00781728677737,6.116334270020995,2955.632754955322
70.35000000000001,177.10682990840075,19.222946733324402,101.49316462293649,-1.0656140276334893,-1.0392096452226982,0.0,68.31874344829498,6.535539470030524,2956.0958733654475
70.4,176.87494007190676,19.62382796951283,101.31084427973262,-0.9959633607663027,-1.0014625644896862,0.0,67.29127965240255,6.527043408521038,2956.558991775573
70.45,176.64902550546537,20.02810667346194,101.10093759583631,-1.0553775410129864,-1.0452959710029426,0.0,68.9937275555236,5.966199409859772,2957.0221101856982
70.5,176.4291359748853,20.435693788246557,100.86364212807125,-0.970042410774113,-0.9111845758013115,0.0,66.71999305979027,5.65958407645014,2957.4852285958236
70.55,176.21531991874437,20.846499528145017,100.59918121062582,-1.0279355214927397,-1.0306146774950902,0.0,66.87732536292974,6.735427929060208,2957.948347005949
70.60000000000001,176.00762443771927,21.260433398417707,100.3078037448588,-0.8691544015258079,-0.8863531929570263,0.0,61.955797958721924,5.053981066755735,2958.4114654160744
70.65,175.80609528420985,21.67740421524179,99.98978396504216,-0.9654766722588998,-0.9425317284244655,0.0,68.06423012425145,6.042161616034544,2958.8745838262
70.7,175.6107768522605,22.097320125797737,99.64542118026125,-0.9585527717082555,-0.970167318234233,0.0,67.32394675468066,5.552147540244189,2959.337702236325
70.75,175.4217121677809,22.52008862850318,99.27503949271566,-0.9073522918901245,-0.9508447340929755,0.0,62.66117808610466,6.402665003894411,2959.8008206464506
70.8,175.23894287906785,22.945616593389744,98.87898749268555,-0.9727276535261129,-0.9860224156338572,0.0,65.66775874698277,5.949099506614001,2960.263939056576
70.85000000000001,175.06250924763083,23.37381028261825,98.45763793045064,-0.7968730724585505,-0.8325465316608256,0.0,62.41258537576815,5.501436562671539,2960.7270574667014
70.9,174.8924501393229,23.804575371127868,98.01138736547078,-0.9117829337573474,-0.9212601296884825,0.0,66.01679029260471,6.6282203327637905,2961.1901758768267
70.95,174.72880301577922,24.23781696741457,97.54065579315795,-0.9406233058790745,-0.9639713947626408,0.0,63.774548950894804,5.353892794563599,2961.653294286952
71.0,174.57160392616458,24.673439634434445,97.0458862495914,-0.8738069954582823,-0.8961890125491201,0.0,64.23783509816204,5.796476774256662,2962.1164126970775
71.05,174.42088749923244,25.111347410627083,96.52754439454752,-0.8039057264195977,-0.82480428036002,0.013333333333333334,63.171811327479425,5.38434977553115,2962.579531107203
71.10000000000001,174.27668693569663,25.55144383105462,95.98611807323715,-0.8864705294068911,-0.9204623608500441,0.02666666666666667,64.17963657358301,6.027592740571648,2963.0426495173283
71.15,174.1390340009177,25.99363194865156,95.42211685716283,-0.8201448629915893,-0.8253130964930874,0.04,63.23838282571163,6.440604682823736,2963.5057679274537
71.2,174.0079590179055,26.437814355580883,94.83607156452786,-0.7687557563612023,-0.8036374146465634,0.05333333333333334,60.50713685203905,5.108291488977098,2963.968886337579
71.25,173.88349086063937,26.88389320469161,94.22853376064877,-0.7119605457956122,-0.7839628246583701,0.06666666666666667,60.59959643442172,4.753189617798088,2964.4320047477045
71.3,173.7656569477077,27.331770231073172,93.60007523884146,-0.7752353306278301,-0.8076505575041356,0.08,60.25295767231799,5.018287959671404,2964.89512315783
71.35000000000001,173.65448323626794,27.78134677370177,92.95128748226918,-0.7764222486805014,-0.8123605424992885,0.09333333333333334,59.77754912527143,5.320672586387406,2965.3582415679552
71.4,173.54999421632857,28.232523797174032,92.28278110725948,-0.6677257194699783,-0.7248914248914524,0.10666666666666667,57.5372480319783,5.206789691526021,2965.8213599780806
71.45,173.45221290535437,28.685201913523105,91.5951852886133,-0.6571042736105295,-0.7198281595262399,0.12,54.89886093684614,5.2167488764720105,2966.284478388206
71.5,173.36116084319602,29.13928140411246,90.88914716744782,-0.6491108903303764,-0.7224847027133738,0.13333333333333333,53.54963234424912,6.0687845837278385,2966.7475967983314
71.55,173.27685808734503,29.59466224160247,90.16533124212977,-0.6273023740976934,-0.693201692960627,0.14666666666666667,57.367601837317935,5.892024601209302,2967.210715208457
71.60000000000001,173.1993232085155,30.05124411198506,89.42441874287293,-0.647860002423996,-0.7260849942789384,0.16,55.17689732839544,5.829728227370295,2967.673833618582
71.65,173.12857328655315,30.50892643668146,88.66710699058807,-0.6500030586526535,-0.7251678610065916,0.1733333333333333,54.74528779151638,6.432722901328446,2968.1369520287076
71.7,173.06462390667298,30.96760839469825,87.89410874058885,-0.6414200338195166,-0.7007342352503967,0.18666666666666668,55.15477801544537,5.514251934082505,2968.600070438833
71.75,173.00748915602594,31.42718894483683,87.10615151177153,-0.5962108948869762,-0.6828255492844086,0.19999999999999998,52.99316041410156,5.602654189609546,2969.0631888489584
71.8,172.95718162059583,31.88756684795135,86.30397690189967,-0.6213288147832267,-0.7367224287182073,0.21333333333333335,55.25579909647108,5.612552547101505,2969.5263072590838
71.85000000000001,172.91371238242675,32.34864068925031,85.4883398896382,-0.5501411982611047,-0.6555774641450033,0.22666666666666666,50.25989469096144,5.287185049331903,2969.989425669209
71.9,172.87709101718184,32.81030890063677,84.66000812399399,-0.5889251669033342,-0.6544298029750892,0.24,54.66657635998444,5.160487671016688,2970.4525440793345
71.95,172.84732559203394,33.27246978308242,83.81976120183144,-0.4768987306719348,-0.5749685170035849,0.2533333333333333,48.493877942874995,4.526477028553095,2970.91566248946
72.0,172.82442266388853,33.73502152903042,82.96838993414322,-0.5347555109177217,-0.62300849855092,0.26666666666666666,49.13266201542151,4.245636371733828,2971.3787808995853
72.05,172.80838727793926,34.19786224482218,82.1066956017666,-0.40933596100909914,-0.5324526068299361,0.27999999999999997,41.790379504580024,4.532030836008752,2971.8418993097107
72.10000000000001,172.79922296655667,34.660889973143135,81.23548920124605,-0.44479464115808554,-0.5555700362665267,0.29333333333333333,44.556755195830306,4.949596958635611,2972.305017719836
72.15,172.7969317485099,35.12400271548244,80.35559068155159,-0.340086120236965,-0.44553440078410267,0.30666666666666664,36.63028070970785,4.3727341528393024,2972.7681361299615
72.2,172.80151412852217,35.58709845460191,79.46782817237161,-0.39787725829620124,-0.5012098988291902,0.32,43.442804654898026,3.970961849427943,2973.231254540087
72.25,172.81296909715942,36.05007517700887,78.5730372047061,-0.33339253963266363,-0.422627725067531,0.3333333333333333,37.96982236224279,4.184941650210904,2973.6943729502123
72.3,172.83129413105289,36.51283089542841,77.67205992449419,-0.355657391766845,-0.49641311237880226,0.3466666666666666,42.02680731067626,4.380237932844838,2974.1574913603376
72.35000000000001,172.8564851934547,36.97526367126966,76.76574430001584,-0.34237901609198435,-0.47134891653022126,0.36,33.6833069968956,4.382869428606274,2974.620609770463
72.4,172.88853673512733,37.43727163708149,75.8549433238138,-0.2873403989998953,-0.38190994462703526,0.37333333333333335,30.34417202435803,4.391187508344435,2975.0837281805884
72.45,172.92744169556596,37.89875301899244,74.94051420988683,-0.3675763600645984,-0.4851621787963169,0.38666666666666666,42.036463198491234,4.808615554844102,2975.546846590714
72.5,172.97319150455374,38.35960615913012,74.02331758690993,-0.2899689104292702,-0.3456011217253146,0.39999999999999997,29.301130280335805,3.786777639688667,2976.009965000839
72.55,173.02577608404974,38.819729538014954,73.10421668824077,-0.18086664821691054,-0.25628890835859397,0.41333333333333333,22.087459853497204,4.259427319082039,2976.4730834109646
72.60000000000001,173.08518385040907,39.27902179692357,72.18407653947465,-0.20083039136331626,-0.2747258418807574,0.4266666666666667,22.12490155827877,4.389996585476428,2976.93620182109
72.65,173.15140171693446,39.73738176021662,71.26376314431263,-0.15858395464792177,-0.23807762613656985,0.43999999999999995,16.789176730549197,3.8743838449339822,2977.3993202312154
72.7,173.22441509675915,40.19470845762642,70.34414266950931,-0.18381181800807816,-0.2856928625642112,0.4533333333333333,17.855313294180025,4.189453723669168,2977.8624386413408
72.75,173.30420790606018,40.65090114649925,69.42608062966681,-0.10114998716446919,-0.18121202856964144,0.4666666666666667,8.015051244701517,4.035751806939898,2978.325557051466
72.8,173.3907625676014,41.105859333987574,68.51044107264286,-0.12489647278149565,-0.19214053936655778,0.48,14.603774618078484,3.0275992933099376,2978.7886754615915
72.85000000000001,173.48406001460552,41.55948279918717,67.59808576633915,-0.16343609480182034,-0.2108179305429671,0.4933333333333333,17.078190437970125,4.159819459119799,2979.251793871717
72.9,173.5840796949542,42.01167161521442,66.68987338763554,-0.16162367675574063,-0.17789418349589134,0.5066666666666666,16.24562775367313,3.138652114188697,2979.7149122818423
72.95,173.69079957571543,42.46232617121877,65.78665871423344,-0.11260717658317246,-0.14609828383827284,0.52,10.896772358519504,3.091944033200629,2980.1780306919677
73.0,173.80419614799715,42.911347194325636,64.88929182016899,-0.056849692483829,-0.12871070115141972,0.5333333333333333,2.1237882112907958,3.48427668736164,2980.641149102093
73.05,173.92424443212576,43.358635771504794,63.998617275753055,-0.014404038147653828,-0.0794921354541781,0.5466666666666666,-3.1436327879474133,2.1664563435251996,2981.1042675122185
73.10000000000001,174.0509179831489,43.804093371359556,63.115473352691296,-0.0005778525042893466,0.006623039183648802,0.5599999999999999,-6.903241711558368,3.107679271663826,2981.567385922344
73.15,174.18418889666097,44.24762186583182,62.24069123513211,-0.0474095021762021,-0.029225763290185714,0.5733333333333334,0.9454826679867273,3.5785677633484583,2982.0305043324693
73.2,174.32402781494986,44.689123551818376,61.375094237385284,-0.04241525472605866,-0.0479787177386766,0.5866666666666667,-0.6156588468986423,2.3209742299930216,2982.4936227425947
